  0
SECTION
  2
HEADER
  9
$ACADVER
  1
AC1032
  9
$ACADMAINTVER
 90
      174
  9
$DWGCODEPAGE
  3
ANSI_949
  9
$LASTSAVEDBY
  1
pc
  9
$REQUIREDVERSIONS
160
                 0
  9
$INSBASE
 10
0.0
 20
0.0
 30
0.0
  9
$EXTMIN
 10
195598.4223647242
 20
493267.5062609142
 30
0.0
  9
$EXTMAX
 10
195768.2026414683
 20
493776.4769232109
 30
0.0
  9
$LIMMIN
 10
0.0
 20
0.0
  9
$LIMMAX
 10
12.0
 20
9.0
  9
$ORTHOMODE
 70
     0
  9
$REGENMODE
 70
     1
  9
$FILLMODE
 70
     1
  9
$QTEXTMODE
 70
     0
  9
$MIRRTEXT
 70
     0
  9
$LTSCALE
 40
0.5
  9
$ATTMODE
 70
     1
  9
$TEXTSIZE
 40
0.02
  9
$TRACEWID
 40
0.05
  9
$TEXTSTYLE
  7
NGSW
  9
$CLAYER
  8
0
  9
$CELTYPE
  6
ByLayer
  9
$CECOLOR
 62
   256
  9
$CELTSCALE
 40
1.0
  9
$DISPSILH
 70
     0
  9
$DIMSCALE
 40
1.0
  9
$DIMASZ
 40
0.18
  9
$DIMEXO
 40
0.0625
  9
$DIMDLI
 40
0.38
  9
$DIMRND
 40
0.0
  9
$DIMDLE
 40
0.0
  9
$DIMEXE
 40
0.18
  9
$DIMTP
 40
0.0
  9
$DIMTM
 40
0.0
  9
$DIMTXT
 40
0.18
  9
$DIMCEN
 40
0.09
  9
$DIMTSZ
 40
0.0
  9
$DIMTOL
 70
     0
  9
$DIMLIM
 70
     0
  9
$DIMTIH
 70
     1
  9
$DIMTOH
 70
     1
  9
$DIMSE1
 70
     0
  9
$DIMSE2
 70
     0
  9
$DIMTAD
 70
     0
  9
$DIMZIN
 70
     2
  9
$DIMBLK
  1

  9
$DIMASO
 70
     1
  9
$DIMSHO
 70
     1
  9
$DIMPOST
  1

  9
$DIMAPOST
  1

  9
$DIMALT
 70
     0
  9
$DIMALTD
 70
     2
  9
$DIMALTF
 40
25.4
  9
$DIMLFAC
 40
1.0
  9
$DIMTOFL
 70
     0
  9
$DIMTVP
 40
0.0
  9
$DIMTIX
 70
     0
  9
$DIMSOXD
 70
     0
  9
$DIMSAH
 70
     0
  9
$DIMBLK1
  1

  9
$DIMBLK2
  1

  9
$DIMSTYLE
  2
Standard
  9
$DIMCLRD
 70
     0
  9
$DIMCLRE
 70
     0
  9
$DIMCLRT
 70
     0
  9
$DIMTFAC
 40
1.0
  9
$DIMGAP
 40
0.09
  9
$DIMJUST
 70
     0
  9
$DIMSD1
 70
     0
  9
$DIMSD2
 70
     0
  9
$DIMTOLJ
 70
     1
  9
$DIMTZIN
 70
     0
  9
$DIMALTZ
 70
     0
  9
$DIMALTTZ
 70
     0
  9
$DIMUPT
 70
     0
  9
$DIMDEC
 70
     4
  9
$DIMTDEC
 70
     4
  9
$DIMALTU
 70
     2
  9
$DIMALTTD
 70
     2
  9
$DIMTXSTY
  7
Standard
  9
$DIMAUNIT
 70
     0
  9
$DIMADEC
 70
     0
  9
$DIMALTRND
 40
0.0
  9
$DIMAZIN
 70
     0
  9
$DIMDSEP
 70
    46
  9
$DIMATFIT
 70
     3
  9
$DIMFRAC
 70
     0
  9
$DIMLDRBLK
  1

  9
$DIMLUNIT
 70
     2
  9
$DIMLWD
 70
    -2
  9
$DIMLWE
 70
    -2
  9
$DIMTMOVE
 70
     0
  9
$DIMFXL
 40
1.0
  9
$DIMFXLON
 70
     0
  9
$DIMJOGANG
 40
0.7853981633974483
  9
$DIMTFILL
 70
     0
  9
$DIMTFILLCLR
 70
     0
  9
$DIMARCSYM
 70
     0
  9
$DIMLTYPE
  6
ByLayer
  9
$DIMLTEX1
  6
ByLayer
  9
$DIMLTEX2
  6
ByLayer
  9
$DIMTXTDIRECTION
 70
     0
  9
$LUNITS
 70
     2
  9
$LUPREC
 70
     3
  9
$SKETCHINC
 40
0.1
  9
$FILLETRAD
 40
0.0
  9
$AUNITS
 70
     0
  9
$AUPREC
 70
     0
  9
$MENU
  1
.
  9
$ELEVATION
 40
0.0
  9
$PELEVATION
 40
0.0
  9
$THICKNESS
 40
0.0
  9
$LIMCHECK
 70
     0
  9
$CHAMFERA
 40
0.0
  9
$CHAMFERB
 40
0.0
  9
$CHAMFERC
 40
0.0
  9
$CHAMFERD
 40
0.0
  9
$SKPOLY
 70
     0
  9
$TDCREATE
 40
2460788.723043981
  9
$TDUCREATE
 40
2460788.348043982
  9
$TDUPDATE
 40
2461250.381967593
  9
$TDUUPDATE
 40
2461250.006967592
  9
$TDINDWG
 40
2.1235879630
  9
$TDUSRTIMER
 40
2.1235879630
  9
$USRTIMER
 70
     1
  9
$ANGBASE
 50
0.0
  9
$ANGDIR
 70
     0
  9
$PDMODE
 70
    66
  9
$PDSIZE
 40
1.0
  9
$PLINEWID
 40
0.0
  9
$SPLFRAME
 70
     0
  9
$SPLINETYPE
 70
     6
  9
$SPLINESEGS
 70
     8
  9
$HANDSEED
  5
1F650
  9
$SURFTAB1
 70
     6
  9
$SURFTAB2
 70
     6
  9
$SURFTYPE
 70
     6
  9
$SURFU
 70
     6
  9
$SURFV
 70
     6
  9
$UCSBASE
  2

  9
$UCSNAME
  2

  9
$UCSORG
 10
0.0
 20
0.0
 30
0.0
  9
$UCSXDIR
 10
1.0
 20
0.0
 30
0.0
  9
$UCSYDIR
 10
0.0
 20
1.0
 30
0.0
  9
$UCSORTHOREF
  2

  9
$UCSORTHOVIEW
 70
     0
  9
$UCSORGTOP
 10
0.0
 20
0.0
 30
0.0
  9
$UCSORGBOTTOM
 10
0.0
 20
0.0
 30
0.0
  9
$UCSORGLEFT
 10
0.0
 20
0.0
 30
0.0
  9
$UCSORGRIGHT
 10
0.0
 20
0.0
 30
0.0
  9
$UCSORGFRONT
 10
0.0
 20
0.0
 30
0.0
  9
$UCSORGBACK
 10
0.0
 20
0.0
 30
0.0
  9
$PUCSBASE
  2

  9
$PUCSNAME
  2

  9
$PUCSORG
 10
0.0
 20
0.0
 30
0.0
  9
$PUCSXDIR
 10
1.0
 20
0.0
 30
0.0
  9
$PUCSYDIR
 10
0.0
 20
1.0
 30
0.0
  9
$PUCSORTHOREF
  2

  9
$PUCSORTHOVIEW
 70
     0
  9
$PUCSORGTOP
 10
0.0
 20
0.0
 30
0.0
  9
$PUCSORGBOTTOM
 10
0.0
 20
0.0
 30
0.0
  9
$PUCSORGLEFT
 10
0.0
 20
0.0
 30
0.0
  9
$PUCSORGRIGHT
 10
0.0
 20
0.0
 30
0.0
  9
$PUCSORGFRONT
 10
0.0
 20
0.0
 30
0.0
  9
$PUCSORGBACK
 10
0.0
 20
0.0
 30
0.0
  9
$USERI1
 70
     0
  9
$USERI2
 70
     0
  9
$USERI3
 70
     0
  9
$USERI4
 70
     0
  9
$USERI5
 70
     0
  9
$USERR1
 40
0.0
  9
$USERR2
 40
0.0
  9
$USERR3
 40
0.0
  9
$USERR4
 40
0.0
  9
$USERR5
 40
0.0
  9
$WORLDVIEW
 70
     1
  9
$SHADEDGE
 70
     3
  9
$SHADEDIF
 70
    70
  9
$TILEMODE
 70
     1
  9
$MAXACTVP
 70
    64
  9
$PINSBASE
 10
0.0
 20
0.0
 30
0.0
  9
$PLIMCHECK
 70
     0
  9
$PEXTMIN
 10
0.0
 20
0.0
 30
0.0
  9
$PEXTMAX
 10
0.0
 20
0.0
 30
0.0
  9
$PLIMMIN
 10
0.0
 20
0.0
  9
$PLIMMAX
 10
12.0
 20
9.0
  9
$UNITMODE
 70
     0
  9
$VISRETAIN
 70
     1
  9
$PLINEGEN
 70
     0
  9
$PSLTSCALE
 70
     1
  9
$TREEDEPTH
 70
  3020
  9
$CMLSTYLE
  2
Standard
  9
$CMLJUST
 70
     0
  9
$CMLSCALE
 40
1.0
  9
$PROXYGRAPHICS
 70
     1
  9
$MEASUREMENT
 70
     0
  9
$CELWEIGHT
370
    -1
  9
$ENDCAPS
280
     0
  9
$JOINSTYLE
280
     0
  9
$LWDISPLAY
290
     0
  9
$INSUNITS
 70
     0
  9
$HYPERLINKBASE
  1

  9
$STYLESHEET
  1

  9
$XEDIT
290
     1
  9
$CEPSNTYPE
380
     0
  9
$PSTYLEMODE
290
     1
  9
$FINGERPRINTGUID
  2
{E12E237F-15A3-0344-BBAB-439B60A90DE8}
  9
$VERSIONGUID
  2
{40213002-877A-834C-BF1C-AE91B42C94C7}
  9
$EXTNAMES
290
     1
  9
$PSVPSCALE
 40
0.0
  9
$OLESTARTUP
290
     0
  9
$SORTENTS
280
   127
  9
$INDEXCTL
280
     0
  9
$HIDETEXT
280
     1
  9
$XCLIPFRAME
280
     2
  9
$HALOGAP
280
     0
  9
$OBSCOLOR
 70
   257
  9
$OBSLTYPE
280
     0
  9
$INTERSECTIONDISPLAY
280
     0
  9
$INTERSECTIONCOLOR
 70
   257
  9
$DIMASSOC
280
     2
  9
$PROJECTNAME
  1

  9
$CAMERADISPLAY
290
     0
  9
$LENSLENGTH
 40
50.0
  9
$CAMERAHEIGHT
 40
0.0
  9
$STEPSPERSEC
 40
2.0
  9
$STEPSIZE
 40
100.0
  9
$3DDWFPREC
 40
2.0
  9
$PSOLWIDTH
 40
0.25
  9
$PSOLHEIGHT
 40
4.0
  9
$LOFTANG1
 40
1.570796326794896
  9
$LOFTANG2
 40
1.570796326794896
  9
$LOFTMAG1
 40
0.0
  9
$LOFTMAG2
 40
0.0
  9
$LOFTPARAM
 70
     7
  9
$LOFTNORMALS
280
     1
  9
$LATITUDE
 40
37.795
  9
$LONGITUDE
 40
-122.394
  9
$NORTHDIRECTION
 40
0.0
  9
$TIMEZONE
 70
 -8000
  9
$LIGHTGLYPHDISPLAY
280
     1
  9
$TILEMODELIGHTSYNCH
280
     1
  9
$CMATERIAL
347
96
  9
$SOLIDHIST
280
     0
  9
$SHOWHIST
280
     1
  9
$DWFFRAME
280
     2
  9
$DGNFRAME
280
     0
  9
$REALWORLDSCALE
290
     1
  9
$INTERFERECOLOR
 62
     1
  9
$INTERFEREOBJVS
345
A3
  9
$INTERFEREVPVS
346
A0
  9
$CSHADOW
280
     0
  9
$SHADOWPLANELOCATION
 40
0.0
  0
ENDSEC
  0
SECTION
  2
CLASSES
  0
CLASS
  1
ACDBDICTIONARYWDFLT
  2
AcDbDictionaryWithDefault
  3
ObjectDBX Classes
 90
        0
 91
        1
280
     0
281
     0
  0
CLASS
  1
DICTIONARYVAR
  2
AcDbDictionaryVar
  3
ObjectDBX Classes
 90
        0
 91
       14
280
     0
281
     0
  0
CLASS
  1
TABLESTYLE
  2
AcDbTableStyle
  3
ObjectDBX Classes
 90
     4095
 91
        2
280
     0
281
     0
  0
CLASS
  1
MATERIAL
  2
AcDbMaterial
  3
ObjectDBX Classes
 90
     1153
 91
        3
280
     0
281
     0
  0
CLASS
  1
VISUALSTYLE
  2
AcDbVisualStyle
  3
ObjectDBX Classes
 90
     4095
 91
       24
280
     0
281
     0
  0
CLASS
  1
SCALE
  2
AcDbScale
  3
ObjectDBX Classes
 90
     1153
 91
       36
280
     0
281
     0
  0
CLASS
  1
MLEADERSTYLE
  2
AcDbMLeaderStyle
  3
ACDB_MLEADERSTYLE_CLASS
 90
     4095
 91
        1
280
     0
281
     0
  0
CLASS
  1
CELLSTYLEMAP
  2
AcDbCellStyleMap
  3
ObjectDBX Classes
 90
     1152
 91
        4
280
     0
281
     0
  0
CLASS
  1
EXACXREFPANELOBJECT
  2
ExAcXREFPanelObject
  3
EXAC_ESW
 90
     1025
 91
        0
280
     0
281
     0
  0
CLASS
  1
NPOCOLLECTION
  2
AcDbImpNonPersistentObjectsCollection
  3
ObjectDBX Classes
 90
     1153
 91
        0
280
     0
281
     0
  0
CLASS
  1
LAYER_INDEX
  2
AcDbLayerIndex
  3
ObjectDBX Classes
 90
        0
 91
        0
280
     0
281
     0
  0
CLASS
  1
SPATIAL_INDEX
  2
AcDbSpatialIndex
  3
ObjectDBX Classes
 90
        0
 91
        0
280
     0
281
     0
  0
CLASS
  1
IDBUFFER
  2
AcDbIdBuffer
  3
ObjectDBX Classes
 90
        0
 91
        0
280
     0
281
     0
  0
CLASS
  1
ACDBSECTIONVIEWSTYLE
  2
AcDbSectionViewStyle
  3
ObjectDBX Classes
 90
     1025
 91
        2
280
     0
281
     0
  0
CLASS
  1
ACDBDETAILVIEWSTYLE
  2
AcDbDetailViewStyle
  3
ObjectDBX Classes
 90
     1025
 91
        2
280
     0
281
     0
  0
CLASS
  1
DMMAPMANAGER
  2
AcMapDMMapManager
  3
AcMapDisplayManagement
 90
     1024
 91
        1
280
     0
281
     0
  0
CLASS
  1
DMSTYLELIBRARY
  2
AcMapDMStyleLibrary
  3
AcMapDisplayManagement
 90
     1024
 91
        1
280
     0
281
     0
  0
CLASS
  1
DMSTYLECATEGORY
  2
AcMapDMStyleCategory
  3
AcMapDisplayManagement
 90
     1024
 91
        1
280
     0
281
     0
  0
CLASS
  1
DATATABLE
  2
AcDbDataTable
  3
ObjectDBX Classes
 90
        0
 91
        1
280
     0
281
     0
  0
CLASS
  1
MAPRESOURCEMANAGEROBJECT
  2
AcMapResourceManager
  3
AcMapSharedComponents
 90
     1024
 91
        1
280
     0
281
     0
  0
CLASS
  1
MAPGWSUNDOOBJECT
  2
AcMapGWSUndoRecorder
  3
AcMapFeatureSourceManager
 90
     1025
 91
        1
280
     0
281
     0
  0
CLASS
  1
DMMAP
  2
AcMapDMMap
  3
AcMapDisplayManagement
 90
     1024
 91
        1
280
     0
281
     0
  0
CLASS
  1
DMBASEELEMENT
  2
AcMapDMBaseElement
  3
AcMapDisplayManagement
 90
     1024
 91
        1
280
     0
281
     0
  0
CLASS
  1
DMDEFAULTSTYLE
  2
AcMapDMDefaultStyle
  3
AcMapDisplayManagement
 90
     1024
 91
        1
280
     0
281
     0
  0
CLASS
  1
DMSTYLEREFERENCE
  2
AcMapDMStyleReference
  3
AcMapDisplayManagement
 90
     1024
 91
        1
280
     0
281
     0
  0
CLASS
  1
DMSURROGATESTYLESETS
  2
AcMapDMSurrogateStyleSets
  3
AcMapDisplayManagement
 90
     1153
 91
        1
280
     0
281
     0
  0
CLASS
  1
SORTENTSTABLE
  2
AcDbSortentsTable
  3
ObjectDBX Classes
 90
        0
 91
        1
280
     0
281
     0
  0
CLASS
  1
DMSTYLIZEDENTITIESTABLE
  2
AcMapDMStylizedEntitiesTable
  3
AcMapDisplayManagement
 90
     1024
 91
        1
280
     0
281
     0
  0
CLASS
  1
SUN
  2
AcDbSun
  3
SCENEOE
 90
     1153
 91
        1
280
     0
281
     0
  0
ENDSEC
  0
SECTION
  2
TABLES
  0
TABLE
  2
VPORT
  5
8
102
{ACAD_XDICTIONARY
360
1D64
102
}
330
0
100
AcDbSymbolTable
 70
     1
  0
VPORT
  5
94
330
8
100
AcDbSymbolTableRecord
100
AcDbViewportTableRecord
  2
*Active
 70
     0
 10
0.0
 20
0.0
 11
1.0
 21
1.0
 12
195581.7463739221
 22
493500.1144606351
 13
0.0
 23
0.0
 14
0.5
 24
0.5
 15
0.5
 25
0.5
 16
0.0
 26
0.0
 36
1.0
 17
0.0
 27
0.0
 37
0.0
 40
688.3674249441829
 41
1.787206266318537
 42
50.0
 43
0.0
 44
0.0
 50
0.0
 51
0.0
 71
     0
 72
  1000
 73
     1
 74
     3
 75
     0
 76
     0
 77
     0
 78
     0
281
     0
 65
     1
110
0.0
120
0.0
130
0.0
111
1.0
121
0.0
131
0.0
112
0.0
122
1.0
132
0.0
 79
     0
146
0.0
348
9F
 60
     3
 61
     5
292
     1
282
     1
141
0.0
142
0.0
 63
   250
421
  3355443
361
217
1001
ACAD_NAV_VCDISPLAY
1070
     3
  0
ENDTAB
  0
TABLE
  2
LTYPE
  5
5
330
0
100
AcDbSymbolTable
 70
     3
  0
LTYPE
  5
14
330
5
100
AcDbSymbolTableRecord
100
AcDbLinetypeTableRecord
  2
ByBlock
 70
     0
  3

 72
    65
 73
     0
 40
0.0
  0
LTYPE
  5
15
330
5
100
AcDbSymbolTableRecord
100
AcDbLinetypeTableRecord
  2
ByLayer
 70
     0
  3

 72
    65
 73
     0
 40
0.0
  0
LTYPE
  5
16
330
5
100
AcDbSymbolTableRecord
100
AcDbLinetypeTableRecord
  2
Continuous
 70
     0
  3
Solid line
 72
    65
 73
     0
 40
0.0
  0
LTYPE
  5
88C
330
5
100
AcDbSymbolTableRecord
100
AcDbLinetypeTableRecord
  2
sd999
 70
     0
  3

 72
    65
 73
     2
 40
1.5
 49
1.0
 74
     0
 49
-0.5
 74
     0
  0
LTYPE
  5
1DD78
330
5
100
AcDbSymbolTableRecord
100
AcDbLinetypeTableRecord
  2
TRACKS
 70
     0
  3
Tracks -|-|-|-|-|-|-|-|-|-|-|-|-|-|-|-|-|-|-|-|
 72
    65
 73
     2
 40
0.3
 49
0.15
 74
     4
 75
   130
340
1DD77
 46
0.25
 50
0.0
 44
0.0
 45
0.0
 49
0.15
 74
     0
  0
ENDTAB
  0
TABLE
  2
LAYER
  5
2
102
{ACAD_XDICTIONARY
360
18E
102
}
330
0
100
AcDbSymbolTable
 70
    73
  0
LAYER
  5
10
102
{ACAD_XDICTIONARY
360
E6
102
}
330
2
100
AcDbSymbolTableRecord
100
AcDbLayerTableRecord
  2
0
 70
     0
 62
     7
  6
Continuous
370
    -3
390
F
347
98
348
0
  0
LAYER
  5
243
102
{ACAD_XDICTIONARY
360
244
102
}
330
2
100
AcDbSymbolTableRecord
100
AcDbLayerTableRecord
  2
SD100
 70
     0
 62
     7
  6
Continuous
370
    -3
390
F
347
98
348
0
  0
LAYER
  5
245
102
{ACAD_XDICTIONARY
360
246
102
}
330
2
100
AcDbSymbolTableRecord
100
AcDbLayerTableRecord
  2
SD901
 70
     0
 62
     3
  6
Continuous
370
    -3
390
F
347
98
348
0
  0
LAYER
  5
247
102
{ACAD_XDICTIONARY
360
248
102
}
330
2
100
AcDbSymbolTableRecord
100
AcDbLayerTableRecord
  2
SDSIM_T
 70
     0
 62
     9
  6
Continuous
370
    -3
390
F
347
98
348
0
  0
LAYER
  5
249
102
{ACAD_XDICTIONARY
360
24A
102
}
330
2
100
AcDbSymbolTableRecord
100
AcDbLayerTableRecord
  2
SD001
 70
     0
 62
     3
  6
Continuous
370
    -3
390
F
347
98
348
0
  0
LAYER
  5
24B
102
{ACAD_XDICTIONARY
360
24C
102
}
330
2
100
AcDbSymbolTableRecord
100
AcDbLayerTableRecord
  2
SDDIM1
 70
     0
 62
     4
  6
Continuous
370
    -3
390
F
347
98
348
0
  0
LAYER
  5
24D
102
{ACAD_XDICTIONARY
360
24E
102
}
330
2
100
AcDbSymbolTableRecord
100
AcDbLayerTableRecord
  2
SDDIM
 70
     0
 62
     4
  6
Continuous
370
    -3
390
F
347
98
348
0
  0
LAYER
  5
24F
102
{ACAD_XDICTIONARY
360
250
102
}
330
2
100
AcDbSymbolTableRecord
100
AcDbLayerTableRecord
  2
SD910
 70
     0
 62
     7
  6
Continuous
370
    -3
390
F
347
98
348
0
  0
LAYER
  5
251
102
{ACAD_XDICTIONARY
360
252
102
}
330
2
100
AcDbSymbolTableRecord
100
AcDbLayerTableRecord
  2
SD911
 70
     0
 62
     7
  6
Continuous
370
    -3
390
F
347
98
348
0
  0
LAYER
  5
253
102
{ACAD_XDICTIONARY
360
254
102
}
330
2
100
AcDbSymbolTableRecord
100
AcDbLayerTableRecord
  2
SD219
 70
     0
 62
     7
  6
Continuous
370
    -3
390
F
347
98
348
0
  0
LAYER
  5
255
102
{ACAD_XDICTIONARY
360
256
102
}
330
2
100
AcDbSymbolTableRecord
100
AcDbLayerTableRecord
  2
SD983
 70
     0
 62
     7
  6
Continuous
370
    -3
390
F
347
98
348
0
  0
LAYER
  5
257
330
2
100
AcDbSymbolTableRecord
100
AcDbLayerTableRecord
  2
DORO
 70
     0
 62
     4
  6
Continuous
370
    -3
390
F
347
98
348
0
1001
AcAecLayerStandard
1000

1000

  0
LAYER
  5
25B
102
{ACAD_XDICTIONARY
360
25C
102
}
330
2
100
AcDbSymbolTableRecord
100
AcDbLayerTableRecord
  2
SD300
 70
     0
 62
     7
  6
Continuous
370
    -3
390
F
347
98
348
0
  0
LAYER
  5
25D
102
{ACAD_XDICTIONARY
360
25E
102
}
330
2
100
AcDbSymbolTableRecord
100
AcDbLayerTableRecord
  2
SD214
 70
     0
 62
     7
  6
Continuous
370
    -3
390
F
347
98
348
0
  0
LAYER
  5
8E2
330
2
100
AcDbSymbolTableRecord
100
AcDbLayerTableRecord
  2
SD000
 70
     0
 62
     1
  6
Continuous
370
    -3
390
F
347
98
348
0
1001
AcAecLayerStandard
1000

1000

1001
AcCmTransparency
1071
        0
  0
LAYER
  5
8E3
102
{ACAD_XDICTIONARY
360
8E4
102
}
330
2
100
AcDbSymbolTableRecord
100
AcDbLayerTableRecord
  2
SD_관상고
 70
     0
 62
     3
  6
Continuous
370
    -3
390
F
347
98
348
0
  0
LAYER
  5
8E6
102
{ACAD_XDICTIONARY
360
8E7
102
}
330
2
100
AcDbSymbolTableRecord
100
AcDbLayerTableRecord
  2
기타
 70
     0
 62
     7
  6
Continuous
370
    -3
390
F
347
98
348
0
  0
LAYER
  5
8E8
102
{ACAD_XDICTIONARY
360
8E9
102
}
330
2
100
AcDbSymbolTableRecord
100
AcDbLayerTableRecord
  2
SD995
 70
     0
 62
     7
  6
Continuous
370
    -3
390
F
347
98
348
0
  0
LAYER
  5
8EA
102
{ACAD_XDICTIONARY
360
8EB
102
}
330
2
100
AcDbSymbolTableRecord
100
AcDbLayerTableRecord
  2
SD994
 70
     0
 62
     3
  6
Continuous
370
    -3
390
F
347
98
348
0
  0
LAYER
  5
8EC
102
{ACAD_XDICTIONARY
360
8ED
102
}
330
2
100
AcDbSymbolTableRecord
100
AcDbLayerTableRecord
  2
SD999
 70
     0
 62
     1
  6
sd999
370
    -3
390
F
347
98
348
0
  0
LAYER
  5
8EE
102
{ACAD_XDICTIONARY
360
8EF
102
}
330
2
100
AcDbSymbolTableRecord
100
AcDbLayerTableRecord
  2
SD110
 70
     0
 62
     3
  6
Continuous
370
    -3
390
F
347
98
348
0
  0
LAYER
  5
8F0
102
{ACAD_XDICTIONARY
360
8F1
102
}
330
2
100
AcDbSymbolTableRecord
100
AcDbLayerTableRecord
  2
SD002
 70
     0
 62
     3
  6
Continuous
370
    -3
390
F
347
98
348
0
  0
LAYER
  5
8F2
102
{ACAD_XDICTIONARY
360
8F3
102
}
330
2
100
AcDbSymbolTableRecord
100
AcDbLayerTableRecord
  2
SD101
 70
     0
 62
     7
  6
Continuous
370
    -3
390
F
347
98
348
0
  0
LAYER
  5
8F4
102
{ACAD_XDICTIONARY
360
8F5
102
}
330
2
100
AcDbSymbolTableRecord
100
AcDbLayerTableRecord
  2
SD301
 70
     0
 62
     7
  6
Continuous
370
    -3
390
F
347
98
348
0
  0
LAYER
  5
8F6
102
{ACAD_XDICTIONARY
360
8F7
102
}
330
2
100
AcDbSymbolTableRecord
100
AcDbLayerTableRecord
  2
sd216
 70
     0
 62
     3
  6
Continuous
370
    -3
390
F
347
98
348
0
  0
LAYER
  5
8F8
102
{ACAD_XDICTIONARY
360
8F9
102
}
330
2
100
AcDbSymbolTableRecord
100
AcDbLayerTableRecord
  2
SD001_1
 70
     0
 62
     3
  6
Continuous
370
    -3
390
F
347
98
348
0
  0
LAYER
  5
8FA
102
{ACAD_XDICTIONARY
360
8FB
102
}
330
2
100
AcDbSymbolTableRecord
100
AcDbLayerTableRecord
  2
SD001_2
 70
     0
 62
     3
  6
Continuous
370
    -3
390
F
347
98
348
0
  0
LAYER
  5
8FC
102
{ACAD_XDICTIONARY
360
8FD
102
}
330
2
100
AcDbSymbolTableRecord
100
AcDbLayerTableRecord
  2
SD002_1
 70
     0
 62
     3
  6
Continuous
370
    -3
390
F
347
98
348
0
  0
LAYER
  5
8FE
102
{ACAD_XDICTIONARY
360
8FF
102
}
330
2
100
AcDbSymbolTableRecord
100
AcDbLayerTableRecord
  2
SD002_2
 70
     0
 62
     3
  6
Continuous
370
    -3
390
F
347
98
348
0
  0
LAYER
  5
900
102
{ACAD_XDICTIONARY
360
901
102
}
330
2
100
AcDbSymbolTableRecord
100
AcDbLayerTableRecord
  2
SD213
 70
     0
 62
     4
  6
Continuous
370
    -3
390
F
347
98
348
0
  0
LAYER
  5
1DD2
330
2
100
AcDbSymbolTableRecord
100
AcDbLayerTableRecord
  2
SD234
 70
     0
 62
     7
  6
Continuous
370
    -3
390
F
347
98
348
0
1001
AcAecLayerStandard
1000

1000

1001
AcCmTransparency
1071
        0
  0
LAYER
  5
1DD3
330
2
100
AcDbSymbolTableRecord
100
AcDbLayerTableRecord
  2
_CHANGE
 70
     0
 62
     2
  6
Continuous
370
    -3
390
F
347
98
348
0
1001
AcAecLayerStandard
1000

1000

1001
AcCmTransparency
1071
        0
  0
LAYER
  5
1DD4
330
2
100
AcDbSymbolTableRecord
100
AcDbLayerTableRecord
  2
Defpoints
 70
     0
 62
     7
  6
Continuous
290
     0
370
    -3
390
F
347
98
348
0
  0
LAYER
  5
1DD5
102
{ACAD_XDICTIONARY
360
1DD6
102
}
330
2
100
AcDbSymbolTableRecord
100
AcDbLayerTableRecord
  2
측점_DIM(보조)
 70
     0
 62
     2
  6
Continuous
370
    -3
390
F
347
98
348
0
1001
AcAecLayerStandard
1000

1000

1001
AcCmTransparency
1071
        0
  0
LAYER
  5
1DD7
102
{ACAD_XDICTIONARY
360
1DD8
102
}
330
2
100
AcDbSymbolTableRecord
100
AcDbLayerTableRecord
  2
_사진방향
 70
     0
 62
     6
  6
Continuous
370
    -3
390
F
347
98
348
0
  0
LAYER
  5
1DD9
330
2
100
AcDbSymbolTableRecord
100
AcDbLayerTableRecord
  2
측점_DATE
 70
     0
 62
     2
  6
Continuous
370
    -3
390
F
347
98
348
0
1001
AcAecLayerStandard
1000

1000

1001
AcCmTransparency
1071
        0
  0
LAYER
  5
1DDA
330
2
100
AcDbSymbolTableRecord
100
AcDbLayerTableRecord
  2
측점_DIM_인출
 70
     0
 62
     7
  6
Continuous
370
    -3
390
F
347
98
348
0
  0
LAYER
  5
1DDB
330
2
100
AcDbSymbolTableRecord
100
AcDbLayerTableRecord
  2
측점_번호
 70
     0
 62
     7
  6
Continuous
370
    -3
390
F
347
98
348
0
  0
LAYER
  5
1DDC
330
2
100
AcDbSymbolTableRecord
100
AcDbLayerTableRecord
  2
측점_이격
 70
     0
 62
     7
  6
Continuous
370
    -3
390
F
347
98
348
0
  0
LAYER
  5
1DDD
330
2
100
AcDbSymbolTableRecord
100
AcDbLayerTableRecord
  2
측점_DIM_L
 70
     0
 62
     4
  6
Continuous
370
    -3
390
F
347
98
348
0
1001
AcAecLayerStandard
1000

1000

1001
AcCmTransparency
1071
        0
  0
LAYER
  5
271E
330
2
100
AcDbSymbolTableRecord
100
AcDbLayerTableRecord
  2
_현장_수정
 70
     0
 62
     6
  6
Continuous
370
    -3
390
F
347
98
348
0
  0
LAYER
  5
13947
330
2
100
AcDbSymbolTableRecord
100
AcDbLayerTableRecord
  2
PO_num
 70
     0
 62
    -4
  6
Continuous
370
    -3
390
F
347
98
348
0
  0
LAYER
  5
13948
330
2
100
AcDbSymbolTableRecord
100
AcDbLayerTableRecord
  2
PO_code
 70
     0
 62
     7
  6
Continuous
370
    -3
390
F
347
98
348
0
  0
LAYER
  5
13949
330
2
100
AcDbSymbolTableRecord
100
AcDbLayerTableRecord
  2
PO_DATE
 70
     0
 62
    -8
  6
Continuous
370
    -3
390
F
347
98
348
0
  0
LAYER
  5
1394B
330
2
100
AcDbSymbolTableRecord
100
AcDbLayerTableRecord
  2
PO_좌표
 70
     0
 62
    -8
  6
Continuous
370
    -3
390
F
347
98
348
0
  0
LAYER
  5
1394C
330
2
100
AcDbSymbolTableRecord
100
AcDbLayerTableRecord
  2
PO_좌표1
 70
     0
 62
    -9
  6
Continuous
370
    -3
390
F
347
98
348
0
  0
LAYER
  5
1394D
330
2
100
AcDbSymbolTableRecord
100
AcDbLayerTableRecord
  2
SD_실측번호
 70
     0
 62
     1
  6
Continuous
370
    -3
390
F
347
98
348
0
  0
LAYER
  5
144F7
102
{ACAD_XDICTIONARY
360
144F8
102
}
330
2
100
AcDbSymbolTableRecord
100
AcDbLayerTableRecord
  2
H0017334
 70
     0
 62
     7
  6
Continuous
370
    -3
390
F
347
98
348
0
  0
LAYER
  5
144F9
102
{ACAD_XDICTIONARY
360
144FA
102
}
330
2
100
AcDbSymbolTableRecord
100
AcDbLayerTableRecord
  2
H0010601
 70
     0
 62
     7
  6
Continuous
370
    -3
390
F
347
98
348
0
  0
LAYER
  5
1457B
330
2
100
AcDbSymbolTableRecord
100
AcDbLayerTableRecord
  2
_지형
 70
     0
 62
    -8
  6
Continuous
370
    -3
390
F
347
98
348
0
  0
LAYER
  5
1D34A
330
2
100
AcDbSymbolTableRecord
100
AcDbLayerTableRecord
  2
SD911-1
 70
     0
 62
     7
  6
Continuous
370
    -3
390
F
347
98
348
0
  0
LAYER
  5
1D435
102
{ACAD_XDICTIONARY
360
1D436
102
}
330
2
100
AcDbSymbolTableRecord
100
AcDbLayerTableRecord
  2
PO
 70
     0
 62
    -1
  6
Continuous
370
    -3
390
F
347
98
348
0
  0
LAYER
  5
1D439
330
2
100
AcDbSymbolTableRecord
100
AcDbLayerTableRecord
  2
DO_code
 70
     0
 62
    -7
  6
Continuous
370
    -3
390
F
347
98
348
0
  0
LAYER
  5
1D4F9
102
{ACAD_XDICTIONARY
360
1D4FA
102
}
330
2
100
AcDbSymbolTableRecord
100
AcDbLayerTableRecord
  2
PP
 70
     0
 62
     6
  6
Continuous
370
    -3
390
F
347
98
348
0
1001
AcAecLayerStandard
1000

1000

  0
LAYER
  5
1D4FB
330
2
100
AcDbSymbolTableRecord
100
AcDbLayerTableRecord
  2
LL_code
 70
     0
 62
    -7
  6
Continuous
370
    -3
390
F
347
98
348
0
  0
LAYER
  5
1D4FC
330
2
100
AcDbSymbolTableRecord
100
AcDbLayerTableRecord
  2
SD_측설(지반고)
 70
     0
 62
     2
  6
Continuous
370
    -3
390
F
347
98
348
0
1001
AcAecLayerStandard
1000

1000

1001
AcCmTransparency
1071
        0
  0
LAYER
  5
1D7DC
102
{ACAD_XDICTIONARY
360
1D7DD
102
}
330
2
100
AcDbSymbolTableRecord
100
AcDbLayerTableRecord
  2
NUM
 70
     0
 62
    -7
  6
Continuous
370
    -3
390
F
347
98
348
0
  0
LAYER
  5
1D7DE
330
2
100
AcDbSymbolTableRecord
100
AcDbLayerTableRecord
  2
DATE
 70
     0
 62
    -7
  6
Continuous
370
    -3
390
F
347
98
348
0
  0
LAYER
  5
1D7DF
330
2
100
AcDbSymbolTableRecord
100
AcDbLayerTableRecord
  2
CODE
 70
     0
 62
    -7
  6
Continuous
370
    -3
390
F
347
98
348
0
  0
LAYER
  5
1D7E0
330
2
100
AcDbSymbolTableRecord
100
AcDbLayerTableRecord
  2
CODE_1
 70
     0
 62
    -7
  6
Continuous
370
    -3
390
F
347
98
348
0
  0
LAYER
  5
1D938
102
{ACAD_XDICTIONARY
360
1D939
102
}
330
2
100
AcDbSymbolTableRecord
100
AcDbLayerTableRecord
  2
좌표
 70
     0
 62
    -9
  6
Continuous
370
    -3
390
F
347
98
348
0
  0
LAYER
  5
1D93A
330
2
100
AcDbSymbolTableRecord
100
AcDbLayerTableRecord
  2
지반고
 70
     0
 62
    -7
  6
Continuous
370
    -3
390
F
347
98
348
0
1001
AcAecLayerStandard
1000

1000

1001
AcCmTransparency
1071
        0
  0
LAYER
  5
1D93B
330
2
100
AcDbSymbolTableRecord
100
AcDbLayerTableRecord
  2
SDSIM_T_탱고
 70
     0
 62
    30
  6
Continuous
370
    -3
390
F
347
98
348
0
1001
AcAecLayerStandard
1000

1000

1001
AcCmTransparency
1071
        0
  0
LAYER
  5
1DD75
330
2
100
AcDbSymbolTableRecord
100
AcDbLayerTableRecord
  2
_보강판
 70
     0
 62
    -2
  6
TRACKS
370
    -3
390
F
347
98
348
0
1001
AcAecLayerStandard
1000

1000

1001
AcCmTransparency
1071
        0
  0
LAYER
  5
1E009
330
2
100
AcDbSymbolTableRecord
100
AcDbLayerTableRecord
  2
DO_num
 70
     0
 62
    -4
  6
Continuous
370
    -3
390
F
347
98
348
0
  0
LAYER
  5
1E00A
330
2
100
AcDbSymbolTableRecord
100
AcDbLayerTableRecord
  2
DO_지반고
 70
     0
 62
    -5
  6
Continuous
370
    -3
390
F
347
98
348
0
1001
AcAecLayerStandard
1000

1000

1001
AcCmTransparency
1071
        0
  0
LAYER
  5
1E00B
330
2
100
AcDbSymbolTableRecord
100
AcDbLayerTableRecord
  2
DO_DATE
 70
     0
 62
    -8
  6
Continuous
370
    -3
390
F
347
98
348
0
  0
LAYER
  5
1E580
330
2
100
AcDbSymbolTableRecord
100
AcDbLayerTableRecord
  2
LL_num
 70
     0
 62
    -4
  6
Continuous
370
    -3
390
F
347
98
348
0
  0
LAYER
  5
1E581
330
2
100
AcDbSymbolTableRecord
100
AcDbLayerTableRecord
  2
LL_DATE
 70
     0
 62
    -8
  6
Continuous
370
    -3
390
F
347
98
348
0
  0
LAYER
  5
1E66A
330
2
100
AcDbSymbolTableRecord
100
AcDbLayerTableRecord
  2
통신범례외곽
 70
     0
 62
     7
  6
Continuous
370
    -3
390
F
347
98
348
0
1001
AcAecLayerStandard
1000

1000

1001
AcCmTransparency
1071
        0
  0
LAYER
  5
1E66B
330
2
100
AcDbSymbolTableRecord
100
AcDbLayerTableRecord
  2
_물량
 70
     0
 62
     7
  6
Continuous
370
    -3
390
F
347
98
348
0
1001
AcAecLayerStandard
1000

1000

1001
AcCmTransparency
1071
        0
  0
LAYER
  5
1F2B6
330
2
100
AcDbSymbolTableRecord
100
AcDbLayerTableRecord
  2
_SD-T
 70
     0
 62
    -7
  6
Continuous
370
    -3
390
F
347
98
348
0
  0
LAYER
  5
1F2BA
330
2
100
AcDbSymbolTableRecord
100
AcDbLayerTableRecord
  2
_공수텍스트
 70
     0
 62
    -7
  6
Continuous
370
    -3
390
F
347
98
348
0
  0
ENDTAB
  0
TABLE
  2
STYLE
  5
3
330
0
100
AcDbSymbolTable
 70
     8
  0
STYLE
  5
11
330
3
100
AcDbSymbolTableRecord
100
AcDbTextStyleTableRecord
  2
Standard
 70
     0
 40
0.0
 41
1.0
 50
0.0
 71
     0
 42
0.2
  3
arial.ttf
  4

1001
ACAD
1000
Arial
1071
       34
  0
STYLE
  5
20C
330
3
100
AcDbSymbolTableRecord
100
AcDbTextStyleTableRecord
  2
Legend
 70
     0
 40
0.0
 41
1.0
 50
0.0
 71
     0
 42
0.2
  3
calibri.ttf
  4

1001
ACAD
1000
Calibri
1071
       80
  0
STYLE
  5
260
330
3
100
AcDbSymbolTableRecord
100
AcDbTextStyleTableRecord
  2
NGSW
 70
     0
 40
0.0
 41
1.0
 50
0.0
 71
     0
 42
0.02
  3
romans.shx
  4
ngsw.shx
  0
STYLE
  5
261
330
3
100
AcDbSymbolTableRecord
100
AcDbTextStyleTableRecord
  2
GHS
 70
     0
 40
0.0
 41
1.0
 50
0.0
 71
     0
 42
0.8948934467970842
  3
romans
  4
ghs
  0
STYLE
  5
905
330
3
100
AcDbSymbolTableRecord
100
AcDbTextStyleTableRecord
  2
굴림
 70
     0
 40
0.0
 41
1.0
 50
0.0
 71
     0
 42
1.100000000000021
  3

  4

1001
ACAD
1000
Gulim
1071
    33074
  0
STYLE
  5
1DDE
330
3
100
AcDbSymbolTableRecord
100
AcDbTextStyleTableRecord
  2
GG
 70
     0
 40
0.0
 41
1.0
 50
0.0
 71
     0
 42
0.2
  3
NGULIM.TTF
  4

1001
ACAD
1000
New Gulim
1071
    33042
  0
STYLE
  5
1DD77
330
3
100
AcDbSymbolTableRecord
100
AcDbTextStyleTableRecord
  2

 70
     1
 40
0.0
 41
1.0
 50
0.0
 71
     0
 42
0.2
  3
ltypeshp.shx
  4

  0
STYLE
  5
1E66C
330
3
100
AcDbSymbolTableRecord
100
AcDbTextStyleTableRecord
  2
물량
 70
     0
 40
0.0
 41
1.0
 50
0.0
 71
     0
 42
0.3
  3
calibri.ttf
  4

1001
ACAD
1000
Calibri
1071
       34
  0
ENDTAB
  0
TABLE
  2
VIEW
  5
6
330
0
100
AcDbSymbolTable
 70
     0
  0
ENDTAB
  0
TABLE
  2
UCS
  5
7
330
0
100
AcDbSymbolTable
 70
     0
  0
ENDTAB
  0
TABLE
  2
APPID
  5
9
330
0
100
AcDbSymbolTable
 70
    35
  0
APPID
  5
12
330
9
100
AcDbSymbolTableRecord
100
AcDbRegAppTableRecord
  2
ACAD
 70
     0
  0
APPID
  5
DD
330
9
100
AcDbSymbolTableRecord
100
AcDbRegAppTableRecord
  2
AcadAnnoPO
 70
     0
  0
APPID
  5
DE
330
9
100
AcDbSymbolTableRecord
100
AcDbRegAppTableRecord
  2
AcadAnnotative
 70
     0
  0
APPID
  5
DF
330
9
100
AcDbSymbolTableRecord
100
AcDbRegAppTableRecord
  2
ACAD_DSTYLE_DIMJAG
 70
     0
  0
APPID
  5
E0
330
9
100
AcDbSymbolTableRecord
100
AcDbRegAppTableRecord
  2
ACAD_DSTYLE_DIMTALN
 70
     0
  0
APPID
  5
107
330
9
100
AcDbSymbolTableRecord
100
AcDbRegAppTableRecord
  2
ACAD_MLEADERVER
 70
     0
  0
APPID
  5
1A6
330
9
100
AcDbSymbolTableRecord
100
AcDbRegAppTableRecord
  2
ACAD_NAV_VCDISPLAY
 70
     0
  0
APPID
  5
210
330
9
100
AcDbSymbolTableRecord
100
AcDbRegAppTableRecord
  2
AcMapDMDisplayStyleRegapp
 70
     0
  0
APPID
  5
21A
330
9
100
AcDbSymbolTableRecord
100
AcDbRegAppTableRecord
  2
ADE
 70
     0
  0
APPID
  5
21F
330
9
100
AcDbSymbolTableRecord
100
AcDbRegAppTableRecord
  2
DCO15
 70
     0
  0
APPID
  5
221
330
9
100
AcDbSymbolTableRecord
100
AcDbRegAppTableRecord
  2
MapGWS
 70
     0
  0
APPID
  5
262
330
9
100
AcDbSymbolTableRecord
100
AcDbRegAppTableRecord
  2
AcAecLayerStandard
 70
     0
  0
APPID
  5
263
330
9
100
AcDbSymbolTableRecord
100
AcDbRegAppTableRecord
  2
AcCmTransparency
 70
     0
  0
APPID
  5
264
330
9
100
AcDbSymbolTableRecord
100
AcDbRegAppTableRecord
  2
ACDBDYNAMICBLOCKGUID
 70
     0
  0
APPID
  5
265
330
9
100
AcDbSymbolTableRecord
100
AcDbRegAppTableRecord
  2
GradientColor1ACI
 70
     0
  0
APPID
  5
266
330
9
100
AcDbSymbolTableRecord
100
AcDbRegAppTableRecord
  2
GradientColor2ACI
 70
     0
  0
APPID
  5
906
330
9
100
AcDbSymbolTableRecord
100
AcDbRegAppTableRecord
  2
MPOLYGON
 70
     0
  0
APPID
  5
907
330
9
100
AcDbSymbolTableRecord
100
AcDbRegAppTableRecord
  2
MAPNAME
 70
     0
  0
APPID
  5
908
330
9
100
AcDbSymbolTableRecord
100
AcDbRegAppTableRecord
  2
ACDBBLOCKREPETAG
 70
     0
  0
APPID
  5
909
330
9
100
AcDbSymbolTableRecord
100
AcDbRegAppTableRecord
  2
MHNO
 70
     0
  0
APPID
  5
90A
330
9
100
AcDbSymbolTableRecord
100
AcDbRegAppTableRecord
  2
HV_SIZE
 70
     0
  0
APPID
  5
1D5A
330
9
100
AcDbSymbolTableRecord
100
AcDbRegAppTableRecord
  2
ADE_PROJECTION
 70
     0
  0
APPID
  5
1DA4
330
9
100
AcDbSymbolTableRecord
100
AcDbRegAppTableRecord
  2
MapManagementAppName
 70
     0
  0
APPID
  5
1DE0
330
9
100
AcDbSymbolTableRecord
100
AcDbRegAppTableRecord
  2
ACAD_DSTYLE_DIMBREAK
 70
     0
  0
APPID
  5
262D
330
9
100
AcDbSymbolTableRecord
100
AcDbRegAppTableRecord
  2
ACAD_DSTYLE_DIM_LINETYPE
 70
     0
  0
APPID
  5
262E
330
9
100
AcDbSymbolTableRecord
100
AcDbRegAppTableRecord
  2
ACAD_DSTYLE_DIM_EXT1_LINETYPE
 70
     0
  0
APPID
  5
262F
330
9
100
AcDbSymbolTableRecord
100
AcDbRegAppTableRecord
  2
ACAD_DSTYLE_DIM_EXT2_LINETYPE
 70
     0
  0
APPID
  5
4718
330
9
100
AcDbSymbolTableRecord
100
AcDbRegAppTableRecord
  2
ACAD_PSEXT
 70
     0
  0
APPID
  5
B9CF
330
9
100
AcDbSymbolTableRecord
100
AcDbRegAppTableRecord
  2
IRD
 70
     0
  0
APPID
  5
B9D0
330
9
100
AcDbSymbolTableRecord
100
AcDbRegAppTableRecord
  2
MAPNO
 70
     0
  0
APPID
  5
B9D1
330
9
100
AcDbSymbolTableRecord
100
AcDbRegAppTableRecord
  2
310397229
 70
     0
  0
APPID
  5
107F7
330
9
100
AcDbSymbolTableRecord
100
AcDbRegAppTableRecord
  2
ACAD_EXEMPT_FROM_CAD_STANDARDS
 70
     0
  0
APPID
  5
1267D
330
9
100
AcDbSymbolTableRecord
100
AcDbRegAppTableRecord
  2
AcLayerTools
 70
     0
  0
APPID
  5
1D20E
330
9
100
AcDbSymbolTableRecord
100
AcDbRegAppTableRecord
  2
Mx5A347595-AE13-47C0-A5CD-458388691E2F
 70
     0
  0
APPID
  5
1D20F
330
9
100
AcDbSymbolTableRecord
100
AcDbRegAppTableRecord
  2
AcadStringInfo
 70
     0
  0
ENDTAB
  0
TABLE
  2
DIMSTYLE
  5
A
330
0
100
AcDbSymbolTable
 70
     2
100
AcDbDimStyleTable
 71
     1
340
27
  0
DIMSTYLE
105
27
330
A
100
AcDbSymbolTableRecord
100
AcDbDimStyleTableRecord
  2
Standard
 70
     0
340
11
  0
DIMSTYLE
105
1DDF
102
{ACAD_REACTORS
330
1EE4C
102
}
330
A
100
AcDbSymbolTableRecord
100
AcDbDimStyleTableRecord
  2
DIM
 70
     0
 41
0.2
 73
     0
 74
     0
 77
     1
140
0.5
176
   256
177
   256
178
   256
271
     1
272
     1
340
20C
345
15
346
15
347
15
371
    -1
372
    -1
1001
ACAD_DSTYLE_DIMBREAK
1070
   391
1040
3.75
1001
ACAD_DSTYLE_DIMJAG
1070
   388
1040
1.5
1001
ACAD_DSTYLE_DIMTALN
1070
   392
1070
     0
  0
ENDTAB
  0
TABLE
  2
BLOCK_RECORD
  5
1
330
0
100
AcDbSymbolTable
 70
    17
  0
BLOCK_RECORD
  5
1F
102
{ACAD_XDICTIONARY
360
15D
102
}
330
1
100
AcDbSymbolTableRecord
100
AcDbBlockTableRecord
  2
*Model_Space
340
22
 70
     0
280
     1
281
     0
  0
BLOCK_RECORD
  5
58
330
1
100
AcDbSymbolTableRecord
100
AcDbBlockTableRecord
  2
*Paper_Space
340
59
 70
     0
280
     1
281
     0
  0
BLOCK_RECORD
  5
5D
330
1
100
AcDbSymbolTableRecord
100
AcDbBlockTableRecord
  2
*Paper_Space0
340
5E
 70
     0
280
     1
281
     0
  0
BLOCK_RECORD
  5
22F
330
1
100
AcDbSymbolTableRecord
100
AcDbBlockTableRecord
  2
SD100
340
0
102
{BLKREFS
331
1EABD
102
}
 70
     0
280
     1
281
     0
  0
BLOCK_RECORD
  5
234
102
{ACAD_XDICTIONARY
360
235
102
}
330
1
100
AcDbSymbolTableRecord
100
AcDbBlockTableRecord
  2
SD901
340
0
310
2800000020000000200000000100080000000000000400000000000000000000000000000000000000000000000080000080000000808000800000008000800080800000C0C0C000C0DCC000F0CAA6000020400000206000002080000020A0000020C0000020E00000400000004020000040400000406000004080000040A0
310
000040C0000040E00000600000006020000060400000606000006080000060A0000060C0000060E00000800000008020000080400000806000008080000080A0000080C0000080E00000A0000000A0200000A0400000A0600000A0800000A0A00000A0C00000A0E00000C0000000C0200000C0400000C0600000C0800000C0
310
A00000C0C00000C0E00000E0000000E0200000E0400000E0600000E0800000E0A00000E0C00000E0E00040000000400020004000400040006000400080004000A0004000C0004000E00040200000402020004020400040206000402080004020A0004020C0004020E000404000004040200040404000404060004040800040
310
40A0004040C0004040E00040600000406020004060400040606000406080004060A0004060C0004060E00040800000408020004080400040806000408080004080A0004080C0004080E00040A0000040A0200040A0400040A0600040A0800040A0A00040A0C00040A0E00040C0000040C0200040C0400040C0600040C08000
310
40C0A00040C0C00040C0E00040E0000040E0200040E0400040E0600040E0800040E0A00040E0C00040E0E00080000000800020008000400080006000800080008000A0008000C0008000E00080200000802020008020400080206000802080008020A0008020C0008020E00080400000804020008040400080406000804080
310
008040A0008040C0008040E00080600000806020008060400080606000806080008060A0008060C0008060E00080800000808020008080400080806000808080008080A0008080C0008080E00080A0000080A0200080A0400080A0600080A0800080A0A00080A0C00080A0E00080C0000080C0200080C0400080C0600080C0
310
800080C0A00080C0C00080C0E00080E0000080E0200080E0400080E0600080E0800080E0A00080E0C00080E0E000C0000000C0002000C0004000C0006000C0008000C000A000C000C000C000E000C0200000C0202000C0204000C0206000C0208000C020A000C020C000C020E000C0400000C0402000C0404000C0406000C0
310
408000C040A000C040C000C040E000C0600000C0602000C0604000C0606000C0608000C060A000C060C000C060E000C0800000C0802000C0804000C0806000C0808000C080A000C080C000C080E000C0A00000C0A02000C0A04000C0A06000C0A08000C0A0A000C0A0C000C0A0E000C0C00000C0C02000C0C04000C0C06000
310
C0C08000C0C0A000F0FBFF00A4A0A000808080000000FF0000FF000000FFFF00FF000000FF00FF00FFFF0000FFFFFF0000000000000000000000000000000000000000000000000000000000000000000000000000000000000000000000000000000000000000000000000000000000000000000000000000000000000000
310
00000000000000000000000000000000000000000000000000000000000000000000000000000000000000000000000000000000000000000000000000000000000000000000000000000000000000000000000000000000000000000000000000000000000000000000000000000000000000000000000000000000000000
310
00000000000000000000000000000000000000000000000000000000000000000000000000000000000000000000000000000000000000000000000000000000000000000000000000000000000000000000000000000000000000000000000000000000000000000000000000000000000000000000000000000000000000
310
00000000000000000000000000000000000000000000000000000000000000000000000000000000000000000000000000000000000000000000000000000000000000000000000000000000000000000000000000000000000000000000000000000000000000000000000000000000000000000000000000000000000000
310
00000000000000000000000000000000000000000000000000000000000000000000000000000000000000000000000000000000000000000000000000000000000000000000000000000000000000000000000000000000000000000000000000000000000000000000000000000000000000000000000000000000000000
310
00000000000000000000000000000000000000000000000000000000000000000000000000000000000000000000000000000000000000000000000000000000000000000000000000000000000000000000000000000000000000000000000000000000000000000000000000000000000000000000000000000000000000
310
00000000000000000000000000000000000000000000000000000000000000000000000000000000000000000000000000000000000000000000000000000000000000000000000000000000000000000000000000000000000000000000000000000000000000000000000000000000000000000000000000000000000000
310
00000000000000000000000000000000000000000000000000000000000000000000000000000000000000000000000000000000000000000000000000000000000000000000000000000000000000000000000000000000000000000000000000000000000000000000000000000000000000000000000000000000000000
310
0000000000000000000000000000000000000000000000000000000000000000000000000000000000000000000000000000000000000000
102
{BLKREFS
331
1EAA6
102
}
 70
     0
280
     1
281
     0
1001
ACDBDYNAMICBLOCKGUID
1000
{CF1DCFCA-54EA-4C9D-8BBB-9ADA02177ADC}
  0
BLOCK_RECORD
  5
23A
330
1
100
AcDbSymbolTableRecord
100
AcDbBlockTableRecord
  2
SD300
340
0
102
{BLKREFS
331
1EAA1
102
}
 70
     0
280
     1
281
     0
  0
BLOCK_RECORD
  5
23F
330
1
100
AcDbSymbolTableRecord
100
AcDbBlockTableRecord
  2
SD214
340
0
310
2800000020000000200000000100080000000000000400000000000000000000000000000000000000000000000080000080000000808000800000008000800080800000C0C0C000C0DCC000F0CAA6000020400000206000002080000020A0000020C0000020E00000400000004020000040400000406000004080000040A0
310
000040C0000040E00000600000006020000060400000606000006080000060A0000060C0000060E00000800000008020000080400000806000008080000080A0000080C0000080E00000A0000000A0200000A0400000A0600000A0800000A0A00000A0C00000A0E00000C0000000C0200000C0400000C0600000C0800000C0
310
A00000C0C00000C0E00000E0000000E0200000E0400000E0600000E0800000E0A00000E0C00000E0E00040000000400020004000400040006000400080004000A0004000C0004000E00040200000402020004020400040206000402080004020A0004020C0004020E000404000004040200040404000404060004040800040
310
40A0004040C0004040E00040600000406020004060400040606000406080004060A0004060C0004060E00040800000408020004080400040806000408080004080A0004080C0004080E00040A0000040A0200040A0400040A0600040A0800040A0A00040A0C00040A0E00040C0000040C0200040C0400040C0600040C08000
310
40C0A00040C0C00040C0E00040E0000040E0200040E0400040E0600040E0800040E0A00040E0C00040E0E00080000000800020008000400080006000800080008000A0008000C0008000E00080200000802020008020400080206000802080008020A0008020C0008020E00080400000804020008040400080406000804080
310
008040A0008040C0008040E00080600000806020008060400080606000806080008060A0008060C0008060E00080800000808020008080400080806000808080008080A0008080C0008080E00080A0000080A0200080A0400080A0600080A0800080A0A00080A0C00080A0E00080C0000080C0200080C0400080C0600080C0
310
800080C0A00080C0C00080C0E00080E0000080E0200080E0400080E0600080E0800080E0A00080E0C00080E0E000C0000000C0002000C0004000C0006000C0008000C000A000C000C000C000E000C0200000C0202000C0204000C0206000C0208000C020A000C020C000C020E000C0400000C0402000C0404000C0406000C0
310
408000C040A000C040C000C040E000C0600000C0602000C0604000C0606000C0608000C060A000C060C000C060E000C0800000C0802000C0804000C0806000C0808000C080A000C080C000C080E000C0A00000C0A02000C0A04000C0A06000C0A08000C0A0A000C0A0C000C0A0E000C0C00000C0C02000C0C04000C0C06000
310
C0C08000C0C0A000F0FBFF00A4A0A000808080000000FF0000FF000000FFFF00FF000000FF00FF00FFFF0000FFFFFF000000FF00000000FF00000000FF000000FF000000FF00000000FF00000000FF00000000FF00000000FF000000FF000000FF000000FF000000FF00000000FF000000000000FF000000FF000000FF0000
310
00FF0000FF00000000FF000000FF0000000000000000FF000000FF0000FF000000FF0000FF000000FF000000FF00000000000000000000FF000000FF0000FF0000FF0000FF0000FF000000FF0000000000FF0000000000FF000000FF0000FF0000FF0000FF0000FF0000FF00000000000000FF0000000000FF000000FF00FF
310
0000FF00FF0000FF0000FF0000000000FFFF0000FFFF00000000FF0000FF0000FF00FF00FF0000FF00FF0000000000FF000000000000FFFF000000FF0000FF00FF00FF00FF00FF00FF00000000FFFF000000000000000000FF000000FF00FF00FF00FF00FF00FFFF000000FFFF000000000000000000000000FFFF0000FF00
310
FF00FFFFFF00FF00FF0000FF00000000000000000000000000000000FFFF00FF00FFFFFFFFFF00FF00FFFF0000000000000000FFFFFFFFFF000000000000FF00FFFFFFFFFFFFFF00FF000000000000FFFFFFFF0000000000FFFFFFFF000000FFFFFFFFFFFFFFFFFF0000FFFFFFFFFF00000000000000000000000000FFFFFF
310
FFFFFFFFFFFFFFFFFFFFFF000000000000000000FFFFFFFFFFFFFFFFFFFFFFFFFFFFFFFFFFFFFFFFFFFFFFFFFFFFFFFFFFFFFFFF000000000000000000000000FFFFFFFFFFFFFFFFFF0000000000000000000000000000000000000000FFFFFFFFFFFFFFFFFFFFFFFFFFFFFF0000000000000000000000000000FFFFFF00FF
310
FF00FFFFFFFFFFFFFF00FFFF00FFFFFF00000000000000FFFFFFFF0000FFFF0000FF00FFFFFFFFFF00FF0000FF000000FFFFFF0000FFFF0000000000FF000000FF00FF00FFFFFF00FF00FF0000FFFF00000000FFFF0000000000FFFF000000FF0000FFFF00FFFF00FF0000FF000000FFFF00000000000000FFFF00000000FF
310
0000FF00FF00FF00FF00FF0000FF00000000FF00000000FFFF0000000000FF000000FF00FF00FF00FF00FF000000FF00000000FFFF00FF000000000000FF000000FF0000FF00FF00FF0000FF000000FF0000000000FF000000000000FF00000000FF00FF0000FF00FF0000FF00000000FF00000000000000000000FF000000
310
00FF0000FF0000FF0000FF0000FF000000FF000000000000000000FF0000000000FF0000FF0000FF0000FF0000FF00000000FF00000000000000FF0000000000FF0000FF000000FF0000FF000000FF00000000FF0000000000FF0000000000FF000000FF000000FF0000FF00000000FF00000000FF000000FF000000000000
310
FF000000FF000000FF000000FF000000FF0000000000FF00FF000000000000FF00000000FF000000FF000000FF00000000FF0000000000FF
102
{BLKREFS
331
1EAED
102
}
 70
     0
280
     1
281
     0
  0
BLOCK_RECORD
  5
858
102
{ACAD_XDICTIONARY
360
859
102
}
330
1
100
AcDbSymbolTableRecord
100
AcDbBlockTableRecord
  2
SD000
340
0
310
2800000020000000200000000100080000000000000400000000000000000000000000000000000000000000000080000080000000808000800000008000800080800000C0C0C000C0DCC000F0CAA6000020400000206000002080000020A0000020C0000020E00000400000004020000040400000406000004080000040A0
310
000040C0000040E00000600000006020000060400000606000006080000060A0000060C0000060E00000800000008020000080400000806000008080000080A0000080C0000080E00000A0000000A0200000A0400000A0600000A0800000A0A00000A0C00000A0E00000C0000000C0200000C0400000C0600000C0800000C0
310
A00000C0C00000C0E00000E0000000E0200000E0400000E0600000E0800000E0A00000E0C00000E0E00040000000400020004000400040006000400080004000A0004000C0004000E00040200000402020004020400040206000402080004020A0004020C0004020E000404000004040200040404000404060004040800040
310
40A0004040C0004040E00040600000406020004060400040606000406080004060A0004060C0004060E00040800000408020004080400040806000408080004080A0004080C0004080E00040A0000040A0200040A0400040A0600040A0800040A0A00040A0C00040A0E00040C0000040C0200040C0400040C0600040C08000
310
40C0A00040C0C00040C0E00040E0000040E0200040E0400040E0600040E0800040E0A00040E0C00040E0E00080000000800020008000400080006000800080008000A0008000C0008000E00080200000802020008020400080206000802080008020A0008020C0008020E00080400000804020008040400080406000804080
310
008040A0008040C0008040E00080600000806020008060400080606000806080008060A0008060C0008060E00080800000808020008080400080806000808080008080A0008080C0008080E00080A0000080A0200080A0400080A0600080A0800080A0A00080A0C00080A0E00080C0000080C0200080C0400080C0600080C0
310
800080C0A00080C0C00080C0E00080E0000080E0200080E0400080E0600080E0800080E0A00080E0C00080E0E000C0000000C0002000C0004000C0006000C0008000C000A000C000C000C000E000C0200000C0202000C0204000C0206000C0208000C020A000C020C000C020E000C0400000C0402000C0404000C0406000C0
310
408000C040A000C040C000C040E000C0600000C0602000C0604000C0606000C0608000C060A000C060C000C060E000C0800000C0802000C0804000C0806000C0808000C080A000C080C000C080E000C0A00000C0A02000C0A04000C0A06000C0A08000C0A0A000C0A0C000C0A0E000C0C00000C0C02000C0C04000C0C06000
310
C0C08000C0C0A000F0FBFF00A4A0A000808080000000FF0000FF000000FFFF00FF000000FF00FF00FFFF0000FFFFFF0000000000000000000000000000000000000000000000000000000000000000000000000000000000000000000000F9F9F9F9000000000000000000000000000000000000000000000000F9F9F9F900
310
000000F9F9F9F900000000000000000000000000000000000000F9000000000000000000000000F900000000000000000000000000000000F9F90000000000000000000000000000F9F900000000000000000000000000F9000000000000000000000000000000000000F90000000000000000000000F9F900000000000000
310
0000000000000000000000F9F9000000000000000000F900000000000000000000000000000000000000000000F90000000000000000F900000000000000000000000000000000000000000000F900000000000000F9000000000000000000000000000000000000000000000000F90000000000F900000000000000000000
310
00000000000000000000000000000000F900000000F9000000F9F9F9F9F9F9000000F9000000000000F9F90000000000F900000000F9000000F90000000000000000F900000000F9F90000F9F9000000F900000000F9000000F90000000000000000F900000000F900000000F9000000F9000000F900000000F90000000000
310
000000F9000000F900000000000000000000F90000F900000000F90000000000000000F9000000F900000000000000000000F90000F900000000F9F9F9F90000000000F9000000F900000000000000000000F90000F900000000F90000000000000000F9000000F900000000000000000000F9000000F9000000F900000000
310
00000000F900000000F900000000F9000000F900000000F9000000F90000000000000000F900000000F9F90000F9F9000000F900000000F9000000F9F9F9F9F9F9F9F9F9F9F9F9F9000000F9F90000000000F900000000F90000000000000000000000000000000000000000000000000000F90000000000F9000000000000
310
000000000000000000000000000000000000F900000000000000F900000000000000000000000000000000000000000000F90000000000000000F900000000000000000000000000000000000000000000F9000000000000000000F9F9000000000000000000000000000000000000F9F90000000000000000000000F90000
310
00000000000000000000000000000000F900000000000000000000000000F9F90000000000000000000000000000F9F900000000000000000000000000000000F9000000000000000000000000F900000000000000000000000000000000000000F9F9F9F900000000F9F9F9F9000000000000000000000000000000000000
310
000000000000F9F9F9F900000000000000000000000000000000000000000000000000000000000000000000000000000000000000000000
102
{BLKREFS
331
1EB13
102
}
 70
     4
280
     1
281
     1
  0
BLOCK_RECORD
  5
85E
330
1
100
AcDbSymbolTableRecord
100
AcDbBlockTableRecord
  2
기타
340
0
102
{BLKREFS
331
1EB04
102
}
 70
     0
280
     1
281
     0
  0
BLOCK_RECORD
  5
863
102
{ACAD_XDICTIONARY
360
864
102
}
330
1
100
AcDbSymbolTableRecord
100
AcDbBlockTableRecord
  2
SD994
340
0
102
{BLKREFS
331
1EAEE
102
}
 70
     0
280
     1
281
     0
1001
ACDBDYNAMICBLOCKGUID
1000
{74FA97AF-76AA-40FC-A279-FA2A6AE6559C}
  0
BLOCK_RECORD
  5
86A
330
1
100
AcDbSymbolTableRecord
100
AcDbBlockTableRecord
  2
SD101
340
0
102
{BLKREFS
331
1EAA5
102
}
 70
     0
280
     1
281
     0
  0
BLOCK_RECORD
  5
873
330
1
100
AcDbSymbolTableRecord
100
AcDbBlockTableRecord
  2
SD301
340
0
102
{BLKREFS
331
1EAA2
102
}
 70
     0
280
     1
281
     0
  0
BLOCK_RECORD
  5
87B
330
1
100
AcDbSymbolTableRecord
100
AcDbBlockTableRecord
  2
sd216
340
0
310
2800000020000000200000000100080000000000000400000000000000000000000000000000000000000000000080000080000000808000800000008000800080800000C0C0C000C0DCC000F0CAA6000020400000206000002080000020A0000020C0000020E00000400000004020000040400000406000004080000040A0
310
000040C0000040E00000600000006020000060400000606000006080000060A0000060C0000060E00000800000008020000080400000806000008080000080A0000080C0000080E00000A0000000A0200000A0400000A0600000A0800000A0A00000A0C00000A0E00000C0000000C0200000C0400000C0600000C0800000C0
310
A00000C0C00000C0E00000E0000000E0200000E0400000E0600000E0800000E0A00000E0C00000E0E00040000000400020004000400040006000400080004000A0004000C0004000E00040200000402020004020400040206000402080004020A0004020C0004020E000404000004040200040404000404060004040800040
310
40A0004040C0004040E00040600000406020004060400040606000406080004060A0004060C0004060E00040800000408020004080400040806000408080004080A0004080C0004080E00040A0000040A0200040A0400040A0600040A0800040A0A00040A0C00040A0E00040C0000040C0200040C0400040C0600040C08000
310
40C0A00040C0C00040C0E00040E0000040E0200040E0400040E0600040E0800040E0A00040E0C00040E0E00080000000800020008000400080006000800080008000A0008000C0008000E00080200000802020008020400080206000802080008020A0008020C0008020E00080400000804020008040400080406000804080
310
008040A0008040C0008040E00080600000806020008060400080606000806080008060A0008060C0008060E00080800000808020008080400080806000808080008080A0008080C0008080E00080A0000080A0200080A0400080A0600080A0800080A0A00080A0C00080A0E00080C0000080C0200080C0400080C0600080C0
310
800080C0A00080C0C00080C0E00080E0000080E0200080E0400080E0600080E0800080E0A00080E0C00080E0E000C0000000C0002000C0004000C0006000C0008000C000A000C000C000C000E000C0200000C0202000C0204000C0206000C0208000C020A000C020C000C020E000C0400000C0402000C0404000C0406000C0
310
408000C040A000C040C000C040E000C0600000C0602000C0604000C0606000C0608000C060A000C060C000C060E000C0800000C0802000C0804000C0806000C0808000C080A000C080C000C080E000C0A00000C0A02000C0A04000C0A06000C0A08000C0A0A000C0A0C000C0A0E000C0C00000C0C02000C0C04000C0C06000
310
C0C08000C0C0A000F0FBFF00A4A0A000808080000000FF0000FF000000FFFF00FF000000FF00FF00FFFF0000FFFFFF00000000000000000000000000000000000000000000000000000000000000000000FAFAFAFAFAFAFAFAFAFAFAFAFAFAFAFAFAFAFAFAFAFAFAFAFAFAFAFAFAFA0000FA00000000000000000000000000
310
000000000000000000000000000000FA0000FA00000000000000000000000000000000000000000000000000000000FA0000FA00000000000000000000000000000000000000000000000000000000FA0000FA00000000000000000000000000000000000000000000000000000000FA0000FA00000000000000FAFAFAFAFA
310
FAFAFA00000000000000000000000000FA0000FA00000000000000FA00000000000000FAFA0000000000000000000000FA0000FA00000000000000FA000000000000000000FA00000000000000000000FA0000FA00000000000000FA00000000000000000000FA000000000000000000FA0000FA00000000000000FA000000
310
0000000000000000FA0000000000000000FA0000FA00000000000000FA0000000000000000000000FA0000000000000000FA0000FA00000000000000FA000000000000000000000000FA00000000000000FA0000FA00000000000000FA000000000000000000000000FA00000000000000FA0000FA00000000000000FA0000
310
00000000000000000000FA00000000000000FA0000FA00000000000000FA000000000000000000000000FA00000000000000FA0000FA00000000000000FA000000000000000000000000FA00000000000000FA0000FA00000000000000FA000000000000000000000000FA00000000000000FA0000FA00000000000000FA00
310
0000000000000000000000FA00000000000000FA0000FA00000000000000FA000000000000000000000000FA00000000000000FA0000FA00000000000000FA0000000000000000000000FA0000000000000000FA0000FA00000000000000FA0000000000000000000000FA0000000000000000FA0000FA00000000000000FA
310
00000000000000000000FA000000000000000000FA0000FA00000000000000FA000000000000000000FA00000000000000000000FA0000FA00000000000000FA00000000000000FAFA0000000000000000000000FA0000FA00000000000000FAFAFAFAFAFAFAFA00000000000000000000000000FA0000FA00000000000000
310
000000000000000000000000000000000000000000FA0000FA00000000000000000000000000000000000000000000000000000000FA0000FA00000000000000000000000000000000000000000000000000000000FA0000FA00000000000000000000000000000000000000000000000000000000FA0000FAFAFAFAFAFAFA
310
FAFAFAFAFAFAFAFAFAFAFAFAFAFAFAFAFAFAFAFAFAFAFA000000000000000000000000000000000000000000000000000000000000000000
102
{BLKREFS
331
1EA9A
102
}
 70
     4
280
     1
281
     0
  0
BLOCK_RECORD
  5
880
330
1
100
AcDbSymbolTableRecord
100
AcDbBlockTableRecord
  2
SD213
340
0
310
2800000020000000200000000100080000000000000400000000000000000000000000000000000000000000000080000080000000808000800000008000800080800000C0C0C000C0DCC000F0CAA6000020400000206000002080000020A0000020C0000020E00000400000004020000040400000406000004080000040A0
310
000040C0000040E00000600000006020000060400000606000006080000060A0000060C0000060E00000800000008020000080400000806000008080000080A0000080C0000080E00000A0000000A0200000A0400000A0600000A0800000A0A00000A0C00000A0E00000C0000000C0200000C0400000C0600000C0800000C0
310
A00000C0C00000C0E00000E0000000E0200000E0400000E0600000E0800000E0A00000E0C00000E0E00040000000400020004000400040006000400080004000A0004000C0004000E00040200000402020004020400040206000402080004020A0004020C0004020E000404000004040200040404000404060004040800040
310
40A0004040C0004040E00040600000406020004060400040606000406080004060A0004060C0004060E00040800000408020004080400040806000408080004080A0004080C0004080E00040A0000040A0200040A0400040A0600040A0800040A0A00040A0C00040A0E00040C0000040C0200040C0400040C0600040C08000
310
40C0A00040C0C00040C0E00040E0000040E0200040E0400040E0600040E0800040E0A00040E0C00040E0E00080000000800020008000400080006000800080008000A0008000C0008000E00080200000802020008020400080206000802080008020A0008020C0008020E00080400000804020008040400080406000804080
310
008040A0008040C0008040E00080600000806020008060400080606000806080008060A0008060C0008060E00080800000808020008080400080806000808080008080A0008080C0008080E00080A0000080A0200080A0400080A0600080A0800080A0A00080A0C00080A0E00080C0000080C0200080C0400080C0600080C0
310
800080C0A00080C0C00080C0E00080E0000080E0200080E0400080E0600080E0800080E0A00080E0C00080E0E000C0000000C0002000C0004000C0006000C0008000C000A000C000C000C000E000C0200000C0202000C0204000C0206000C0208000C020A000C020C000C020E000C0400000C0402000C0404000C0406000C0
310
408000C040A000C040C000C040E000C0600000C0602000C0604000C0606000C0608000C060A000C060C000C060E000C0800000C0802000C0804000C0806000C0808000C080A000C080C000C080E000C0A00000C0A02000C0A04000C0A06000C0A08000C0A0A000C0A0C000C0A0E000C0C00000C0C02000C0C04000C0C06000
310
C0C08000C0C0A000F0FBFF00A4A0A000808080000000FF0000FF000000FFFF00FF000000FF00FF00FFFF0000FFFFFF000000000000000000000000000000000000000000000000000000000000000000000000000000000000000000000000000000000000000000000000000000000000FEFEFEFEFEFEFEFEFEFEFEFEFEFE
310
FEFEFEFEFEFEFEFEFEFEFEFEFEFEFEFE0000FE00000000000000000000000000000000000000000000000000000000FE0000FE00000000000000000000000000000000000000000000000000000000FE0000FE00000000000000000000FEFEFEFEFEFE000000000000000000000000FE0000FE0000000000000000FEFE0000
310
00000000FEFEFE000000000000000000FE0000FE0000000000000000FE00FEFEFEFEFEFE000000FE0000000000000000FE0000FE0000000000000000FE00FE0000000000FEFEFEFE0000000000000000FE0000FE0000000000000000FE00FE00000000000000FE00FE00000000000000FE0000FE0000000000000000FE00FE
310
00000000000000FE00FE00000000000000FE0000FE0000000000000000FE00FE00000000000000FE00FE00000000000000FE0000FE0000000000000000FE00FE00000000000000FE00FE00000000000000FE0000FE0000000000000000FE00FE000000000000FE00FE0000000000000000FE0000FE0000000000000000FE00
310
FE000000000000FE00FE0000000000000000FE0000FE0000000000000000FE00FEFEFEFEFEFEFE0000FE0000000000000000FE0000FE0000000000000000FE00FEFEFEFEFEFE00FEFE000000000000000000FE0000FE0000000000000000FE00FE0000000000FE00FE000000000000000000FE0000FE0000000000000000FE
310
00FE000000000000FEFE000000000000000000FE0000FE0000000000000000FE00FE000000000000FE00FE0000000000000000FE0000FE0000000000000000FE00FE000000000000FE00FE0000000000000000FE0000FE0000000000000000FE00FE000000000000FE00FE0000000000000000FE0000FE0000000000000000
310
FE00FE000000000000FEFE000000000000000000FE0000FE0000000000000000FE00FE000000000000FEFE000000000000000000FE0000FE0000000000000000FE00FEFEFEFEFEFEFEFEFE000000000000000000FE0000FE0000000000000000FEFEFEFEFEFEFEFEFE0000000000000000000000FE0000FE00000000000000
310
000000000000000000000000000000000000000000FE0000FE00000000000000000000000000000000000000000000000000000000FE0000FE00000000000000000000000000000000000000000000000000000000FE0000FE00000000000000000000000000000000000000000000000000000000FE0000FEFEFEFEFEFEFE
310
FEFEFEFEFEFEFEFEFEFEFEFEFEFEFEFEFEFEFEFEFEFEFE000000000000000000000000000000000000000000000000000000000000000000
102
{BLKREFS
331
1EAEC
102
}
 70
     0
280
     1
281
     0
  0
BLOCK_RECORD
  5
1DBC
102
{ACAD_XDICTIONARY
360
1DBD
102
}
330
1
100
AcDbSymbolTableRecord
100
AcDbBlockTableRecord
  2
SD234
340
0
310
2800000020000000200000000100080000000000000400000000000000000000000000000000000000000000000080000080000000808000800000008000800080800000C0C0C000C0DCC000F0CAA6000020400000206000002080000020A0000020C0000020E00000400000004020000040400000406000004080000040A0
310
000040C0000040E00000600000006020000060400000606000006080000060A0000060C0000060E00000800000008020000080400000806000008080000080A0000080C0000080E00000A0000000A0200000A0400000A0600000A0800000A0A00000A0C00000A0E00000C0000000C0200000C0400000C0600000C0800000C0
310
A00000C0C00000C0E00000E0000000E0200000E0400000E0600000E0800000E0A00000E0C00000E0E00040000000400020004000400040006000400080004000A0004000C0004000E00040200000402020004020400040206000402080004020A0004020C0004020E000404000004040200040404000404060004040800040
310
40A0004040C0004040E00040600000406020004060400040606000406080004060A0004060C0004060E00040800000408020004080400040806000408080004080A0004080C0004080E00040A0000040A0200040A0400040A0600040A0800040A0A00040A0C00040A0E00040C0000040C0200040C0400040C0600040C08000
310
40C0A00040C0C00040C0E00040E0000040E0200040E0400040E0600040E0800040E0A00040E0C00040E0E00080000000800020008000400080006000800080008000A0008000C0008000E00080200000802020008020400080206000802080008020A0008020C0008020E00080400000804020008040400080406000804080
310
008040A0008040C0008040E00080600000806020008060400080606000806080008060A0008060C0008060E00080800000808020008080400080806000808080008080A0008080C0008080E00080A0000080A0200080A0400080A0600080A0800080A0A00080A0C00080A0E00080C0000080C0200080C0400080C0600080C0
310
800080C0A00080C0C00080C0E00080E0000080E0200080E0400080E0600080E0800080E0A00080E0C00080E0E000C0000000C0002000C0004000C0006000C0008000C000A000C000C000C000E000C0200000C0202000C0204000C0206000C0208000C020A000C020C000C020E000C0400000C0402000C0404000C0406000C0
310
408000C040A000C040C000C040E000C0600000C0602000C0604000C0606000C0608000C060A000C060C000C060E000C0800000C0802000C0804000C0806000C0808000C080A000C080C000C080E000C0A00000C0A02000C0A04000C0A06000C0A08000C0A0A000C0A0C000C0A0E000C0C00000C0C02000C0C04000C0C06000
310
C0C08000C0C0A000F0FBFF00A4A0A000808080000000FF0000FF000000FFFF00FF000000FF00FF00FFFF0000FFFFFF00000000000000000000000000000000000000000000000000000000000000000000FFFFFFFFFFFFFFFFFFFFFFFFFFFFFFFFFFFFFFFFFFFFFFFFFFFFFFFFFFFF0000FF00000000000000000000000000
310
000000000000000000000000000000FF0000FF00000000000000000000000000000000000000000000000000000000FF0000FF00000000000000000000000000000000000000000000000000000000FF0000FF0000000000000000000000FFFFFFFFFFFFFF00000000000000000000FF0000FF000000000000000000FFFFFF
310
FFFFFFFFFFFFFFFFFF00000000000000FF0000FF0000000000000000FFFFFFFFFF00000000FFFFFFFFFF000000000000FF0000FF00000000000000FFFFFFFF0000000000000000FFFFFF000000000000FF0000FF00000000000000FFFFFF000000000000000000FFFFFF000000000000FF0000FF000000000000FFFFFF0000
310
000000000000000000FFFFFF0000000000FF0000FF000000000000FFFFFF0000000000000000000000FFFFFF0000000000FF0000FF0000000000FFFFFF00000000000000000000000000FFFF0000000000FF0000FF0000000000FFFFFF0000000000000000000000000000000000000000FF0000FF0000000000FFFFFF0000
310
000000000000000000000000000000000000FF0000FF0000000000FFFFFF0000000000000000000000000000000000000000FF0000FF0000000000FFFFFF0000000000000000000000000000000000000000FF0000FF0000000000FFFFFF0000000000000000000000000000000000000000FF0000FF0000000000FFFFFF00
310
00000000000000000000000000000000000000FF0000FF0000000000FFFFFF00000000000000000000000000FFFF0000000000FF0000FF000000000000FFFFFF0000000000000000000000FFFFFF0000000000FF0000FF000000000000FFFFFF0000000000000000000000FFFFFF0000000000FF0000FF00000000000000FF
310
FFFF000000000000000000FFFFFF000000000000FF0000FF0000000000000000FFFFFF00000000000000FFFFFFFF000000000000FF0000FF000000000000000000FFFFFFFFFFFFFFFFFFFFFFFF00000000000000FF0000FF000000000000000000FFFFFFFFFFFFFFFFFFFFFF0000000000000000FF0000FF00000000000000
310
000000FFFFFFFFFFFFFF0000000000000000000000FF0000FF00000000000000000000000000000000000000000000000000000000FF0000FF00000000000000000000000000000000000000000000000000000000FF0000FF00000000000000000000000000000000000000000000000000000000FF0000FFFFFFFFFFFFFF
310
FFFFFFFFFFFFFFFFFFFFFFFFFFFFFFFFFFFFFFFFFFFFFF000000000000000000000000000000000000000000000000000000000000000000
102
{BLKREFS
331
1EB12
102
}
 70
     4
280
     1
281
     1
  0
BLOCK_RECORD
  5
1DC2
330
1
100
AcDbSymbolTableRecord
100
AcDbBlockTableRecord
  2
_사진방향
340
0
310
2800000020000000200000000100080000000000000400000000000000000000000000000000000000000000000080000080000000808000800000008000800080800000C0C0C000C0DCC000F0CAA6000020400000206000002080000020A0000020C0000020E00000400000004020000040400000406000004080000040A0
310
000040C0000040E00000600000006020000060400000606000006080000060A0000060C0000060E00000800000008020000080400000806000008080000080A0000080C0000080E00000A0000000A0200000A0400000A0600000A0800000A0A00000A0C00000A0E00000C0000000C0200000C0400000C0600000C0800000C0
310
A00000C0C00000C0E00000E0000000E0200000E0400000E0600000E0800000E0A00000E0C00000E0E00040000000400020004000400040006000400080004000A0004000C0004000E00040200000402020004020400040206000402080004020A0004020C0004020E000404000004040200040404000404060004040800040
310
40A0004040C0004040E00040600000406020004060400040606000406080004060A0004060C0004060E00040800000408020004080400040806000408080004080A0004080C0004080E00040A0000040A0200040A0400040A0600040A0800040A0A00040A0C00040A0E00040C0000040C0200040C0400040C0600040C08000
310
40C0A00040C0C00040C0E00040E0000040E0200040E0400040E0600040E0800040E0A00040E0C00040E0E00080000000800020008000400080006000800080008000A0008000C0008000E00080200000802020008020400080206000802080008020A0008020C0008020E00080400000804020008040400080406000804080
310
008040A0008040C0008040E00080600000806020008060400080606000806080008060A0008060C0008060E00080800000808020008080400080806000808080008080A0008080C0008080E00080A0000080A0200080A0400080A0600080A0800080A0A00080A0C00080A0E00080C0000080C0200080C0400080C0600080C0
310
800080C0A00080C0C00080C0E00080E0000080E0200080E0400080E0600080E0800080E0A00080E0C00080E0E000C0000000C0002000C0004000C0006000C0008000C000A000C000C000C000E000C0200000C0202000C0204000C0206000C0208000C020A000C020C000C020E000C0400000C0402000C0404000C0406000C0
310
408000C040A000C040C000C040E000C0600000C0602000C0604000C0606000C0608000C060A000C060C000C060E000C0800000C0802000C0804000C0806000C0808000C080A000C080C000C080E000C0A00000C0A02000C0A04000C0A06000C0A08000C0A0A000C0A0C000C0A0E000C0C00000C0C02000C0C04000C0C06000
310
C0C08000C0C0A000F0FBFF00A4A0A000808080000000FF0000FF000000FFFF00FF000000FF00FF00FFFF0000FFFFFF0000000000000000000000000000000000000000000000000000000000000000000000000000000000000000000000000000000000000000000000000000000000000000000000000000000000000000
310
00000000000000000000000000000000000000000000000000000000000000000000000000000000000000000000000000000000000000000000000000000000000000000000000000000000000000000000000000000000000000000000000000000000000000000000000000000000000000000000000000000000000000
310
00000000000000000000000000000000000000000000000000000000000000000000000000000000000000000000000000000000000000000000000000000000000000000000000000000000000000000000000000000000000000000000000000000000000000000000000000000000000000000000000000000000000000
310
00000000000000000000000000000000000000000000000000000000000000000000000000F9F9000000000000000000000000000000000000000000000000000000000000F900F9F90000000000000000000000F9F9F9F9F9F9F9F9F9F9F9F9F9F9F9F9F9F9000000F9F9000000000000000000F900000000000000000000
310
000000000000F90000000000F9F9F9000000000000F900000000000000000000000000000000F90000000000000000F9F900000000F900000000000000000000000000000000F900000000000000000000F9F90000F900000000000000000000000000000000F900000000000000F9F9F900000000F9F9F9F9F9F9F9F9F9F9
310
F9F9F9F9F9F9F9F900000000F9F9F9000000000000000000000000000000000000000000000000F900F9F9F9000000000000000000000000000000000000000000000000000000F9F9000000000000000000000000000000000000000000000000000000000000000000000000000000000000000000000000000000000000
310
00000000000000000000000000000000000000000000000000000000000000000000000000000000000000000000000000000000000000000000000000000000000000000000000000000000000000000000000000000000000000000000000000000000000000000000000000000000000000000000000000000000000000
310
00000000000000000000000000000000000000000000000000000000000000000000000000000000000000000000000000000000000000000000000000000000000000000000000000000000000000000000000000000000000000000000000000000000000000000000000000000000000000000000000000000000000000
310
0000000000000000000000000000000000000000000000000000000000000000000000000000000000000000000000000000000000000000
102
{BLKREFS
331
1EE4D
102
}
 70
     6
280
     1
281
     0
  0
BLOCK_RECORD
  5
1D42F
330
1
100
AcDbSymbolTableRecord
100
AcDbBlockTableRecord
  2
po
340
0
 70
     0
280
     1
281
     0
  0
BLOCK_RECORD
  5
1D4F4
330
1
100
AcDbSymbolTableRecord
100
AcDbBlockTableRecord
  2
PP
340
0
310
2800000020000000200000000100080000000000000400000000000000000000000000000000000000000000000080000080000000808000800000008000800080800000C0C0C000C0DCC000F0CAA6000020400000206000002080000020A0000020C0000020E00000400000004020000040400000406000004080000040A0
310
000040C0000040E00000600000006020000060400000606000006080000060A0000060C0000060E00000800000008020000080400000806000008080000080A0000080C0000080E00000A0000000A0200000A0400000A0600000A0800000A0A00000A0C00000A0E00000C0000000C0200000C0400000C0600000C0800000C0
310
A00000C0C00000C0E00000E0000000E0200000E0400000E0600000E0800000E0A00000E0C00000E0E00040000000400020004000400040006000400080004000A0004000C0004000E00040200000402020004020400040206000402080004020A0004020C0004020E000404000004040200040404000404060004040800040
310
40A0004040C0004040E00040600000406020004060400040606000406080004060A0004060C0004060E00040800000408020004080400040806000408080004080A0004080C0004080E00040A0000040A0200040A0400040A0600040A0800040A0A00040A0C00040A0E00040C0000040C0200040C0400040C0600040C08000
310
40C0A00040C0C00040C0E00040E0000040E0200040E0400040E0600040E0800040E0A00040E0C00040E0E00080000000800020008000400080006000800080008000A0008000C0008000E00080200000802020008020400080206000802080008020A0008020C0008020E00080400000804020008040400080406000804080
310
008040A0008040C0008040E00080600000806020008060400080606000806080008060A0008060C0008060E00080800000808020008080400080806000808080008080A0008080C0008080E00080A0000080A0200080A0400080A0600080A0800080A0A00080A0C00080A0E00080C0000080C0200080C0400080C0600080C0
310
800080C0A00080C0C00080C0E00080E0000080E0200080E0400080E0600080E0800080E0A00080E0C00080E0E000C0000000C0002000C0004000C0006000C0008000C000A000C000C000C000E000C0200000C0202000C0204000C0206000C0208000C020A000C020C000C020E000C0400000C0402000C0404000C0406000C0
310
408000C040A000C040C000C040E000C0600000C0602000C0604000C0606000C0608000C060A000C060C000C060E000C0800000C0802000C0804000C0806000C0808000C080A000C080C000C080E000C0A00000C0A02000C0A04000C0A06000C0A08000C0A0A000C0A0C000C0A0E000C0C00000C0C02000C0C04000C0C06000
310
C0C08000C0C0A000F0FBFF00A4A0A000808080000000FF0000FF000000FFFF00FF000000FF00FF00FFFF0000FFFFFF00000000000000000000000000000000000000000000000000000000000000000000000000000000000000000000000000F9000000000000000000000000000000000000000000000000000000000000
310
00F900000000000000000000000000000000000000000000000000000000000000F900000000000000000000000000000000000000000000000000000000000000F900000000000000000000000000000000000000000000000000000000000000F90000000000000000000000000000000000000000000000000000000000
310
0000F900000000000000000000000000000000000000000000000000000000000000F900000000000000000000000000000000000000000000000000000000000000F900000000000000000000000000000000000000000000000000000000000000F900000000000000000000000000000000000000000000000000000000
310
000000F900000000000000000000000000000000000000000000000000000000000000F900000000000000000000000000000000000000000000000000000000000000F900000000000000000000000000000000000000000000000000000000000000F9000000000000000000000000000000000000000000000000000000
310
00000000F900000000000000000000000000000000000000000000000000000000000000F900000000000000000000000000000000F9F9F9F9F9F9F9F9F9F9F9F9F9F9F9F9F9F9F9F9F9F9F9F9F9F9F9F9F9F90000000000000000000000000000000000F90000000000000000000000000000000000000000000000000000
310
0000000000F900000000000000000000000000000000000000000000000000000000000000F900000000000000000000000000000000000000000000000000000000000000F900000000000000000000000000000000000000000000000000000000000000F900000000000000000000000000000000000000000000000000
310
000000000000F900000000000000000000000000000000000000000000000000000000000000F900000000000000000000000000000000000000000000000000000000000000F900000000000000000000000000000000000000000000000000000000000000F9000000000000000000000000000000000000000000000000
310
00000000000000F900000000000000000000000000000000000000000000000000000000000000F900000000000000000000000000000000000000000000000000000000000000F900000000000000000000000000000000000000000000000000000000000000F90000000000000000000000000000000000000000000000
310
0000000000000000F90000000000000000000000000000000000000000000000000000000000000000000000000000000000000000000000
 70
     4
280
     1
281
     0
  0
BLOCK_RECORD
  5
1EE80
330
1
100
AcDbSymbolTableRecord
100
AcDbBlockTableRecord
  2
*D16
340
0
 70
     0
280
     1
281
     0
  0
ENDTAB
  0
ENDSEC
  0
SECTION
  2
BLOCKS
  0
BLOCK
  5
20
330
1F
100
AcDbEntity
  8
0
100
AcDbBlockBegin
  2
*Model_Space
 70
     0
 10
0.0
 20
0.0
 30
0.0
  3
*Model_Space
  1

  0
ENDBLK
  5
21
330
1F
100
AcDbEntity
  8
0
100
AcDbBlockEnd
  0
BLOCK
  5
5A
330
58
100
AcDbEntity
 67
     1
  8
0
100
AcDbBlockBegin
  2
*Paper_Space
 70
     0
 10
0.0
 20
0.0
 30
0.0
  3
*Paper_Space
  1

  0
ENDBLK
  5
5B
330
58
100
AcDbEntity
 67
     1
  8
0
100
AcDbBlockEnd
  0
BLOCK
  5
5F
330
5D
100
AcDbEntity
 67
     1
  8
0
100
AcDbBlockBegin
  2
*Paper_Space0
 70
     0
 10
0.0
 20
0.0
 30
0.0
  3
*Paper_Space0
  1

  0
ENDBLK
  5
60
330
5D
100
AcDbEntity
 67
     1
  8
0
100
AcDbBlockEnd
  0
BLOCK
  5
230
330
22F
100
AcDbEntity
  8
0
100
AcDbBlockBegin
  2
SD100
 70
     0
 10
0.0
 20
0.0
 30
0.0
  3
SD100
  1

  0
CIRCLE
  5
231
330
22F
100
AcDbEntity
  8
SD100
100
AcDbCircle
 10
0.0
 20
0.0
 30
0.0
 40
0.5039559839344179
  0
CIRCLE
  5
232
330
22F
100
AcDbEntity
  8
SD100
100
AcDbCircle
 10
0.0
 20
0.0
 30
0.0
 40
0.7504897723599996
  0
ENDBLK
  5
233
330
22F
100
AcDbEntity
  8
0
100
AcDbBlockEnd
  0
BLOCK
  5
236
330
234
100
AcDbEntity
  8
0
100
AcDbBlockBegin
  2
SD901
 70
     0
 10
0.0
 20
0.0
 30
0.0
  3
SD901
  1

  0
LWPOLYLINE
  5
237
330
234
100
AcDbEntity
  8
SD901
100
AcDbPolyline
 90
        2
 70
   128
 43
0.0
 10
-0.1875
 20
0.1875
 10
0.1875
 20
-0.1875
  0
LWPOLYLINE
  5
238
330
234
100
AcDbEntity
  8
SD901
100
AcDbPolyline
 90
        2
 70
   128
 43
0.0
 10
-0.1875
 20
-0.1875
 10
0.1875
 20
0.1875
  0
ENDBLK
  5
239
330
234
100
AcDbEntity
  8
0
100
AcDbBlockEnd
  0
BLOCK
  5
23B
330
23A
100
AcDbEntity
  8
0
100
AcDbBlockBegin
  2
SD300
 70
     0
 10
0.0
 20
0.0
 30
0.0
  3
SD300
  1

  0
ARC
  5
23C
330
23A
100
AcDbEntity
  8
SD300
 62
     0
100
AcDbCircle
 10
0.0
 20
0.0
 30
0.0
 40
0.5039559839344179
100
AcDbArc
 50
91.38623902718569
 51
268.6137609728143
  0
CIRCLE
  5
23D
330
23A
100
AcDbEntity
  8
SD300
 62
     0
100
AcDbCircle
 10
0.0
 20
0.0
 30
0.0
 40
0.7504897723599996
  0
ENDBLK
  5
23E
330
23A
100
AcDbEntity
  8
0
100
AcDbBlockEnd
  0
BLOCK
  5
240
330
23F
100
AcDbEntity
  8
0
 62
     7
100
AcDbBlockBegin
  2
SD214
 70
     0
 10
0.0
 20
0.0
 30
0.0
  3
SD214
  1

  0
LWPOLYLINE
  5
241
330
23F
100
AcDbEntity
  8
SD214
  6
ByBlock
 62
     0
100
AcDbPolyline
 90
        2
 70
     1
 43
0.6000000000141563
 10
0.0778778066451196
 20
-0.2897154591046274
 42
1.0
 10
-0.0778778066160157
 20
0.2897154591046274
 42
1.0
  0
ENDBLK
  5
242
330
23F
100
AcDbEntity
  8
0
 62
     7
100
AcDbBlockEnd
  0
BLOCK
  5
85A
330
858
100
AcDbEntity
  8
0
100
AcDbBlockBegin
  2
SD000
 70
     0
 10
0.0
 20
0.0
 30
0.0
  3
SD000
  1

  0
TEXT
  5
85B
330
858
100
AcDbEntity
  8
SD000
 62
     0
100
AcDbText
 10
-0.628649386084584
 20
-0.225
 30
0.0
 40
0.45
  1
ETC
 72
     1
 11
0.0
 21
0.0
 31
0.0
100
AcDbText
 73
     2
  0
CIRCLE
  5
85C
330
858
100
AcDbEntity
  8
SD000
 62
     0
100
AcDbCircle
 10
0.0
 20
0.0
 30
0.0
 40
0.7500000000218279
  0
ENDBLK
  5
85D
330
858
100
AcDbEntity
  8
0
100
AcDbBlockEnd
  0
BLOCK
  5
85F
330
85E
100
AcDbEntity
  8
0
100
AcDbBlockBegin
  2
기타
 70
     0
 10
0.0
 20
0.0
 30
0.0
  3
기타
  1

  0
TEXT
  5
860
330
85E
100
AcDbEntity
  8
기타
 62
     0
100
AcDbText
 10
-0.5714285714285714
 20
-0.5
 30
0.0
 40
1.0
  1
M
  7
GHS
 72
     1
 11
0.0
 21
0.0
 31
0.0
100
AcDbText
 73
     2
  0
LWPOLYLINE
  5
861
330
85E
100
AcDbEntity
  8
기타
 62
     0
100
AcDbPolyline
 90
        4
 70
     1
 43
0.0
 10
-0.75
 20
0.75
 10
0.75
 20
0.75
 10
0.75
 20
-0.75
 10
-0.75
 20
-0.75
  0
ENDBLK
  5
862
330
85E
100
AcDbEntity
  8
0
100
AcDbBlockEnd
  0
BLOCK
  5
865
330
863
100
AcDbEntity
  8
0
100
AcDbBlockBegin
  2
SD994
 70
     0
 10
0.0
 20
0.0
 30
0.0
  3
SD994
  1

  0
LWPOLYLINE
  5
866
330
863
100
AcDbEntity
  8
SD994
100
AcDbPolyline
 90
        3
 70
     1
 43
0.0
 10
0.75
 20
-0.5
 10
-0.75
 20
-0.5
 10
0.0
 20
1.0
  0
CIRCLE
  5
867
330
863
100
AcDbEntity
  8
SD994
100
AcDbCircle
 10
0.0
 20
0.0
 30
0.0
 40
0.05
  0
HATCH
  5
868
330
863
100
AcDbEntity
  8
SD994
100
AcDbHatch
 10
0.0
 20
0.0
 30
0.0
210
0.0
220
0.0
230
1.0
  2
SOLID
 70
     1
 71
     0
 91
        1
 92
        1
 93
        1
 72
     2
 10
0.0
 20
0.0
 40
0.05
 50
0.0
 51
360.0
 73
     1
 97
        0
 75
     0
 76
     1
 98
        1
 10
-202628.343034
 20
-446496.018742
450
        0
451
        0
460
0.0
461
0.0
452
        0
462
0.0
453
        0
470

  0
ENDBLK
  5
869
330
863
100
AcDbEntity
  8
0
100
AcDbBlockEnd
  0
BLOCK
  5
86B
330
86A
100
AcDbEntity
  8
0
100
AcDbBlockBegin
  2
SD101
 70
     0
 10
0.0
 20
0.0
 30
0.0
  3
SD101
  1

  0
HATCH
  5
86C
330
86A
100
AcDbEntity
  8
SD101
 62
     0
100
AcDbHatch
 10
0.0
 20
0.0
 30
0.0
210
0.0
220
0.0
230
1.0
  2
SOLID
 70
     1
 71
     0
 91
        2
 92
        1
 93
        1
 72
     2
 10
0.0
 20
0.0
 40
0.5039559839344179
 50
0.0
 51
360.0
 73
     1
 97
        0
 92
       16
 93
        1
 72
     2
 10
0.0
 20
0.0
 40
0.495955983934418
 50
0.0
 51
360.0
 73
     1
 97
        0
 75
     0
 76
     1
 98
        1
 10
-203.6877702425364
 20
-293.474808033409
450
        0
451
        0
460
0.0
461
0.0
452
        0
462
0.0
453
        0
470

  0
HATCH
  5
86D
330
86A
100
AcDbEntity
  8
SD101
 62
     0
100
AcDbHatch
 10
0.0
 20
0.0
 30
0.0
210
0.0
220
0.0
230
1.0
  2
SOLID
 70
     1
 71
     0
 91
        2
 92
        1
 93
        1
 72
     2
 10
0.0
 20
0.0
 40
0.7504897723599996
 50
0.0
 51
360.0
 73
     1
 97
        0
 92
       16
 93
        1
 72
     2
 10
0.0
 20
0.0
 40
0.7424897723599996
 50
0.0
 51
360.0
 73
     1
 97
        0
 75
     0
 76
     1
 98
        1
 10
-203.6877702425364
 20
-293.474808033409
450
        0
451
        0
460
0.0
461
0.0
452
        0
462
0.0
453
        0
470

  0
CIRCLE
  5
86E
330
86A
100
AcDbEntity
  8
SD101
 62
     0
100
AcDbCircle
 10
0.0
 20
0.0
 30
0.0
 40
0.7504897723599996
  0
CIRCLE
  5
86F
330
86A
100
AcDbEntity
  8
SD101
 62
     0
100
AcDbCircle
 10
0.0
 20
0.0
 30
0.0
 40
0.5039559839344179
  0
CIRCLE
  5
870
330
86A
100
AcDbEntity
  8
SD101
 62
     0
100
AcDbCircle
 10
0.0
 20
0.0
 30
0.0
 40
0.7424897723599996
  0
CIRCLE
  5
871
330
86A
100
AcDbEntity
  8
SD101
 62
     0
100
AcDbCircle
 10
0.0
 20
0.0
 30
0.0
 40
0.495955983934418
  0
ENDBLK
  5
872
330
86A
100
AcDbEntity
  8
0
100
AcDbBlockEnd
  0
BLOCK
  5
874
330
873
100
AcDbEntity
  8
0
100
AcDbBlockBegin
  2
SD301
 70
     0
 10
0.0
 20
0.0
 30
0.0
  3
SD301
  1

  0
HATCH
  5
875
330
873
100
AcDbEntity
  8
SD301
 62
     0
100
AcDbHatch
 10
0.0
 20
0.0
 30
0.0
210
0.0
220
0.0
230
1.0
  2
SOLID
 70
     1
 71
     0
 91
        1
 92
        1
 93
        4
 72
     2
 10
0.0
 20
0.0
 40
0.5039559839344432
 50
93.74362714049185
 51
266.2563728595081
 73
     0
 72
     1
 10
-0.0329043644507579
 20
0.502880638465456
 11
-0.0329043644507579
 21
0.4948632546476121
 72
     2
 10
0.0
 20
0.0
 40
0.4959559839343968
 50
93.80410176132372
 51
266.1958982386763
 73
     1
 72
     1
 10
-0.0329043644507579
 20
-0.4948632546476121
 11
-0.0329043644507579
 21
-0.502880638465456
 97
        0
 75
     0
 76
     1
 98
        1
 10
-203.6877702425364
 20
-289.5023544272151
450
        0
451
        0
460
0.0
461
0.0
452
        0
462
0.0
453
        0
470

  0
HATCH
  5
876
330
873
100
AcDbEntity
  8
SD301
 62
     0
100
AcDbHatch
 10
0.0
 20
0.0
 30
0.0
210
0.0
220
0.0
230
1.0
  2
SOLID
 70
     1
 71
     0
 91
        2
 92
        1
 93
        1
 72
     2
 10
0.0
 20
0.0
 40
0.7504897723599996
 50
0.0
 51
360.0
 73
     1
 97
        0
 92
       16
 93
        1
 72
     2
 10
0.0
 20
0.0
 40
0.7424897723599996
 50
0.0
 51
360.0
 73
     1
 97
        0
 75
     0
 76
     1
 98
        1
 10
-203.6877702425364
 20
-289.5023544272151
450
        0
451
        0
460
0.0
461
0.0
452
        0
462
0.0
453
        0
470

  0
LWPOLYLINE
  5
877
330
873
100
AcDbEntity
  8
SD301
 62
     0
100
AcDbPolyline
 90
        4
 70
   129
 43
0.0
 10
-0.0329043644507579
 20
-0.502880638465456
 42
-0.9367066127681972
 10
-0.0329043644507579
 20
0.502880638465456
 10
-0.0329043644507579
 20
0.4948632546476121
 42
0.9357163117988507
 10
-0.0329043644507579
 20
-0.4948632546476121
  0
CIRCLE
  5
878
330
873
100
AcDbEntity
  8
SD301
 62
     0
100
AcDbCircle
 10
0.0
 20
0.0
 30
0.0
 40
0.7424897723599996
  0
CIRCLE
  5
879
330
873
100
AcDbEntity
  8
SD301
 62
     0
100
AcDbCircle
 10
0.0
 20
0.0
 30
0.0
 40
0.7504897723599996
  0
ENDBLK
  5
87A
330
873
100
AcDbEntity
  8
0
100
AcDbBlockEnd
  0
BLOCK
  5
87C
330
87B
100
AcDbEntity
  8
0
100
AcDbBlockBegin
  2
sd216
 70
     0
 10
0.0
 20
0.0
 30
0.0
  3
sd216
  1

  0
LWPOLYLINE
  5
87D
330
87B
100
AcDbEntity
  8
sd216
 62
     0
100
AcDbPolyline
 90
        4
 70
     1
 43
0.0
 10
-0.7499999999490683
 20
-0.7499999999781723
 10
0.7500000000218279
 20
-0.7499999999781723
 10
0.7500000000509317
 20
0.7500000000800357
 10
-0.750000000007276
 20
0.7499999999636203
  0
TEXT
  5
87E
330
87B
100
AcDbEntity
  8
sd216
 62
     0
100
AcDbText
 10
-0.5238095238095237
 20
-0.5
 30
0.0
 40
1.0
  1
D
  7
GHS
 72
     1
 11
0.0
 21
0.0
 31
0.0
100
AcDbText
 73
     2
  0
ENDBLK
  5
87F
330
87B
100
AcDbEntity
  8
0
100
AcDbBlockEnd
  0
BLOCK
  5
881
330
880
100
AcDbEntity
  8
0
 62
     7
100
AcDbBlockBegin
  2
SD213
 70
     0
 10
0.0
 20
0.0
 30
0.0
  3
SD213
  1

  0
LWPOLYLINE
  5
882
330
880
100
AcDbEntity
  8
SD213
 62
     0
100
AcDbPolyline
 90
        2
 70
   128
 43
0.0
 10
0.6565021685091779
 20
-0.668603978585452
 10
0.6565021684509702
 20
0.6753960214555264
1001
ACDBBLOCKREPETAG
1070
     1
1071
        0
1005
882
  0
LWPOLYLINE
  5
883
330
880
100
AcDbEntity
  8
SD213
 62
     0
100
AcDbPolyline
 90
        2
 70
   128
 43
0.0
 10
-0.687497831415385
 20
-0.668603978585452
 10
-0.6874978314735927
 20
0.6753960214555264
1001
ACDBBLOCKREPETAG
1070
     1
1071
        1
1005
883
  0
LWPOLYLINE
  5
884
330
880
100
AcDbEntity
  8
SD213
 62
     0
100
AcDbPolyline
 90
        2
 70
   128
 43
0.0
 10
-0.687497831415385
 20
-0.668603978585452
 10
0.6565021685091779
 20
-0.668603978585452
1001
ACDBBLOCKREPETAG
1070
     1
1071
        2
1005
884
  0
LWPOLYLINE
  5
885
330
880
100
AcDbEntity
  8
SD213
 62
     0
100
AcDbPolyline
 90
        2
 70
   128
 43
0.0
 10
-0.6874978314735927
 20
0.6753960214555264
 10
0.6565021684509702
 20
0.6753960214555264
1001
ACDBBLOCKREPETAG
1070
     1
1071
        3
1005
885
  0
TEXT
  5
886
330
880
100
AcDbEntity
  8
SD213
 62
     0
100
AcDbText
 10
-0.4613848202105766
 20
-0.5000000000268561
 30
0.0
 40
0.9999999999999998
  1
B
 50
0.0000000033350533
  7
굴림
 72
     1
 11
0.0
 21
0.0
 31
0.0
100
AcDbText
 73
     2
1001
ACDBBLOCKREPETAG
1070
     1
1071
        4
1005
886
  0
ENDBLK
  5
887
330
880
100
AcDbEntity
  8
0
 62
     7
100
AcDbBlockEnd
  0
BLOCK
  5
1DBE
330
1DBC
100
AcDbEntity
  8
0
100
AcDbBlockBegin
  2
SD234
 70
     0
 10
0.0
 20
0.0
 30
0.0
  3
SD234
  1

  0
TEXT
  5
1DBF
330
1DBC
100
AcDbEntity
  8
SD234
 62
     0
100
AcDbText
 10
-0.489347536617843
 20
-0.5
 30
0.0
 40
1.0
  1
C
  7
굴림
 72
     1
 11
0.0
 21
0.0
 31
0.0
100
AcDbText
 73
     2
  0
LWPOLYLINE
  5
1DC0
330
1DBC
100
AcDbEntity
  8
SD234
 62
     0
100
AcDbPolyline
 90
        4
 70
     1
 43
0.0
 10
-0.6719999999913853
 20
0.6720000000204891
 10
0.6719999999913853
 20
0.6720000000204891
 10
0.6719999999913853
 20
-0.6720000000204891
 10
-0.6719999999913853
 20
-0.6720000000204891
  0
ENDBLK
  5
1DC1
330
1DBC
100
AcDbEntity
  8
0
100
AcDbBlockEnd
  0
BLOCK
  5
1DC3
330
1DC2
100
AcDbEntity
  8
0
100
AcDbBlockBegin
  2
_사진방향
 70
     0
 10
0.0
 20
0.0
 30
0.0
  3
_사진방향
  1

  0
LWPOLYLINE
  5
1DC4
330
1DC2
100
AcDbEntity
  8
_사진방향
100
AcDbPolyline
 90
        3
 70
     0
 10
0.0
 20
0.0
 40
0.5
 41
0.5
 10
1.608357189630623
 20
0.0
 40
0.9
 41
0.0
 10
2.666485057940008
 20
0.0
 40
0.0
 41
0.0
  0
ENDBLK
  5
1DC5
330
1DC2
100
AcDbEntity
  8
0
100
AcDbBlockEnd
  0
BLOCK
  5
1D430
330
1D42F
100
AcDbEntity
  8
0
100
AcDbBlockBegin
  2
po
 70
     0
 10
0.0
 20
0.0
 30
0.0
  3
po
  1

  0
LWPOLYLINE
  5
1D431
330
1D42F
100
AcDbEntity
  8
PO
100
AcDbPolyline
 90
        2
 70
     0
 43
0.0
 10
-0.0500000000000007
 20
0.0
 10
0.0500000000000007
 20
0.0
  0
LWPOLYLINE
  5
1D432
330
1D42F
100
AcDbEntity
  8
PO
100
AcDbPolyline
 90
        2
 70
     0
 43
0.0
 10
0.0
 20
-0.0500000000000007
 10
0.0
 20
0.0500000000000007
  0
CIRCLE
  5
1D433
330
1D42F
100
AcDbEntity
  8
PO
100
AcDbCircle
 10
0.0
 20
0.0
 30
0.0
 40
0.03
  0
ENDBLK
  5
1D434
330
1D42F
100
AcDbEntity
  8
0
100
AcDbBlockEnd
  0
BLOCK
  5
1D4F5
330
1D4F4
100
AcDbEntity
  8
0
100
AcDbBlockBegin
  2
PP
 70
     0
 10
0.0
 20
0.0
 30
0.0
  3
PP
  1

  0
LWPOLYLINE
  5
1D4F6
330
1D4F4
100
AcDbEntity
  8
PP
100
AcDbPolyline
 90
        2
 70
     0
 43
0.0
 10
-0.25
 20
0.0
 10
0.25
 20
0.0
  0
LWPOLYLINE
  5
1D4F7
330
1D4F4
100
AcDbEntity
  8
PP
100
AcDbPolyline
 90
        2
 70
     0
 43
0.0
 10
0.0
 20
-0.25
 10
0.0
 20
0.25
  0
ENDBLK
  5
1D4F8
330
1D4F4
100
AcDbEntity
  8
0
100
AcDbBlockEnd
  0
BLOCK
  5
1EE81
330
1EE80
100
AcDbEntity
  8
0
100
AcDbBlockBegin
  2
*D16
 70
     1
 10
0.0
 20
0.0
 30
0.0
  3
*D16
  1

  0
LINE
  5
1EE8C
330
1EE80
100
AcDbEntity
  8
측점_DIM(보조)
440
 16777216
100
AcDbLine
 10
195637.9866517077
 20
493758.5486460945
 30
0.0
 11
195637.9089682141
 21
493758.4604898398
 31
0.0
  0
LINE
  5
1EE8D
330
1EE80
100
AcDbEntity
  8
측점_DIM(보조)
440
 16777216
100
AcDbLine
 10
195635.8906517077
 20
493760.3956460947
 30
0.0
 11
195635.8129682141
 21
493760.3074898397
 31
0.0
  0
LINE
  5
1EE8E
330
1EE80
100
AcDbEntity
  8
측점_DIM(보조)
440
 16777216
100
AcDbLine
 10
195637.8779195159
 20
493758.7277649384
 30
0.0
 11
195636.0820259104
 21
493760.3103104964
 31
0.0
  0
SOLID
  5
1EE8F
330
1EE80
100
AcDbEntity
  8
측점_DIM(보조)
440
 16777216
100
AcDbTrace
 10
195637.899957386
 20
493758.7527738045
 30
0.0
 11
195637.8558816457
 21
493758.7027560723
 31
0.0
 12
195638.0279727131
 22
493758.5955377173
 32
0.0
 13
195638.0279727131
 23
493758.5955377173
 33
0.0
  0
SOLID
  5
1EE90
330
1EE80
100
AcDbEntity
  8
측점_DIM(보조)
440
 16777216
100
AcDbTrace
 10
195636.1040637805
 20
493760.3353193625
 30
0.0
 11
195636.0599880402
 21
493760.2853016302
 31
0.0
 12
195635.9319727131
 22
493760.4425377174
 32
0.0
 13
195635.9319727131
 23
493760.4425377174
 33
0.0
  0
MTEXT
  5
1EE91
330
1EE80
100
AcDbEntity
  8
측점_DIM(보조)
440
 16777216
100
AcDbMText
 10
195637.1410864964
 20
493759.7018717671
 30
0.0
 40
0.3
 41
0.0
 46
0.0
 71
     5
 72
     1
  1
\A1;2.8
  7
Legend
 11
0.7502659863204324
 21
-0.6611361053297792
 31
0.0
 73
     1
 44
1.0
  0
POINT
  5
1EE92
330
1EE80
100
AcDbEntity
  8
Defpoints
 62
     0
440
 16777216
100
AcDbPoint
 10
195638.0279727143
 20
493758.5955377187
 30
0.0
  0
POINT
  5
1EE93
330
1EE80
100
AcDbEntity
  8
Defpoints
 62
     0
440
 16777216
100
AcDbPoint
 10
195635.9319727143
 20
493760.4425377188
 30
0.0
  0
POINT
  5
1EE94
330
1EE80
100
AcDbEntity
  8
Defpoints
 62
     0
440
 16777216
100
AcDbPoint
 10
195635.9319727131
 20
493760.4425377174
 30
0.0
  0
ENDBLK
  5
1EE82
330
1EE80
100
AcDbEntity
  8
0
100
AcDbBlockEnd
  0
ENDSEC
  0
SECTION
  2
ENTITIES
  0
LWPOLYLINE
  5
1EA7A
330
1F
100
AcDbEntity
  8
통신범례외곽
100
AcDbPolyline
 90
        4
 70
   128
 43
0.8883949869632935
 10
195598.8665622177
 20
493336.4654944068
 10
195598.8665622177
 20
493712.1099874726
 10
195765.1077115217
 20
493712.1099874726
 10
195765.1077115217
 20
493336.4654944068
  0
LWPOLYLINE
  5
1EA7B
330
1F
100
AcDbEntity
  8
통신범례외곽
100
AcDbPolyline
 90
        2
 70
   128
 43
0.0
 10
195736.5561944624
 20
493687.2579268487
 10
195736.5561944624
 20
493343.0048694005
  0
LWPOLYLINE
  5
1EA7C
330
1F
100
AcDbEntity
  8
통신범례외곽
100
AcDbPolyline
 90
        2
 70
   128
 43
0.0
 10
195691.0641038421
 20
493687.2579268487
 10
195691.0641038421
 20
493343.0048694005
  0
LWPOLYLINE
  5
1EA7D
330
1F
100
AcDbEntity
  8
통신범례외곽
100
AcDbPolyline
 90
        2
 70
   128
 43
0.0
 10
195655.8898066355
 20
493687.2579268487
 10
195655.8898066355
 20
493343.0048694005
  0
LWPOLYLINE
  5
1EA7E
330
1F
100
AcDbEntity
  8
통신범례외곽
100
AcDbPolyline
 90
        2
 70
   128
 43
0.0
 10
195754.1433430657
 20
493498.4739921191
 10
195607.349276587
 20
493498.4739921191
  0
TEXT
  5
1EA7F
330
1F
100
AcDbEntity
  8
SD101
100
AcDbText
 10
195662.5971538139
 20
493590.4974813196
 30
0.0
 40
4.441974934816467
  1
SD101
  7
굴림
100
AcDbText
  0
TEXT
  5
1EA80
330
1F
100
AcDbEntity
  8
SD300
100
AcDbText
 10
195662.5971538139
 20
493579.0080267704
 30
0.0
 40
4.441974934816467
  1
SD300
  7
굴림
100
AcDbText
  0
TEXT
  5
1EA81
330
1F
100
AcDbEntity
  8
SD301
100
AcDbText
 10
195662.5971538139
 20
493568.3999690757
 30
0.0
 40
4.441974934816467
  1
SD301
  7
굴림
100
AcDbText
  0
TEXT
  5
1EA82
330
1F
100
AcDbEntity
  8
SD910
100
AcDbText
 10
195661.978584564
 20
493490.291818045
 30
0.0
 40
4.441974934816467
  1
SD910
  7
굴림
100
AcDbText
  0
TEXT
  5
1EA83
330
1F
100
AcDbEntity
  8
sd216
100
AcDbText
 10
195662.0133240828
 20
493446.6751586199
 30
0.0
 40
4.441974934816467
  1
SD216
  7
굴림
100
AcDbText
  0
LWPOLYLINE
  5
1EA84
330
1F
100
AcDbEntity
  8
통신범례외곽
100
AcDbPolyline
 90
        2
 70
   128
 43
0.0
 10
195607.349276587
 20
493465.1591801078
 10
195754.1433430657
 20
493465.1591801078
  0
LWPOLYLINE
  5
1EA85
330
1F
100
AcDbEntity
  8
통신범례외곽
100
AcDbPolyline
 90
        2
 70
   128
 43
0.0
 10
195607.349276587
 20
493454.0542427707
 10
195754.1433430657
 20
493454.0542427707
  0
LWPOLYLINE
  5
1EA86
330
1F
100
AcDbEntity
  8
통신범례외곽
100
AcDbPolyline
 90
        2
 70
   128
 43
0.0
 10
195607.349276587
 20
493498.4739921191
 10
195754.1433430657
 20
493498.4739921191
  0
LWPOLYLINE
  5
1EA87
330
1F
100
AcDbEntity
  8
통신범례외곽
100
AcDbPolyline
 90
        2
 70
   128
 43
0.0
 10
195607.349276587
 20
493509.5789294559
 10
195754.1433430657
 20
493509.5789294559
  0
LWPOLYLINE
  5
1EA88
330
1F
100
AcDbEntity
  8
통신범례외곽
100
AcDbPolyline
 90
        2
 70
   128
 43
0.0
 10
195607.349276587
 20
493520.6838667934
 10
195754.1433430657
 20
493520.6838667934
  0
LWPOLYLINE
  5
1EA89
330
1F
100
AcDbEntity
  8
통신범례외곽
100
AcDbPolyline
 90
        2
 70
   128
 43
0.0
 10
195607.349276587
 20
493531.7888041301
 10
195754.1433430657
 20
493531.7888041301
  0
LWPOLYLINE
  5
1EA8A
330
1F
100
AcDbEntity
  8
통신범례외곽
100
AcDbPolyline
 90
        2
 70
   128
 43
0.0
 10
195607.349276587
 20
493542.893741467
 10
195754.1433430657
 20
493542.893741467
  0
LWPOLYLINE
  5
1EA8B
330
1F
100
AcDbEntity
  8
통신범례외곽
100
AcDbPolyline
 90
        2
 70
   128
 43
0.0
 10
195607.349276587
 20
493553.9986788043
 10
195754.1433430657
 20
493553.9986788043
  0
LWPOLYLINE
  5
1EA8C
330
1F
100
AcDbEntity
  8
통신범례외곽
100
AcDbPolyline
 90
        2
 70
   128
 43
0.0
 10
195607.349276587
 20
493565.1036161412
 10
195754.1433430657
 20
493565.1036161412
  0
LWPOLYLINE
  5
1EA8D
330
1F
100
AcDbEntity
  8
통신범례외곽
100
AcDbPolyline
 90
        2
 70
   128
 43
0.0
 10
195607.349276587
 20
493576.2085534781
 10
195754.1433430657
 20
493576.2085534781
  0
LWPOLYLINE
  5
1EA8E
330
1F
100
AcDbEntity
  8
통신범례외곽
100
AcDbPolyline
 90
        2
 70
   128
 43
0.0
 10
195607.349276587
 20
493587.3134908154
 10
195754.1433430657
 20
493587.3134908154
  0
TEXT
  5
1EA8F
330
1F
100
AcDbEntity
  8
SD901
100
AcDbText
 10
195662.5971538139
 20
493546.5492155501
 30
0.0
 40
4.441974934816467
  1
SD901
  7
굴림
100
AcDbText
  0
TEXT
  5
1EA90
330
1F
100
AcDbEntity
  8
sd216
100
AcDbText
 10
195614.4957071505
 20
493446.3833780577
 30
0.0
 40
4.441974934816467
  1
단자함
  7
굴림
100
AcDbText
  0
TEXT
  5
1EA91
330
1F
100
AcDbEntity
  8
SD911
100
AcDbText
 10
195613.991789681
 20
493479.7680429853
 30
0.0
 40
3.553579947853174
  1
제원인출선
  7
굴림
100
AcDbText
  0
TEXT
  5
1EA92
330
1F
100
AcDbEntity
  8
SD999
100
AcDbText
 10
195613.4380545153
 20
493511.8487388844
 30
0.0
 40
4.441974934816467
  1
불탐관
  7
굴림
100
AcDbText
  0
TEXT
  5
1EA93
330
1F
100
AcDbEntity
  8
SD910
100
AcDbText
 10
195613.991789681
 20
493491.0151324406
 30
0.0
 40
4.441974934816467
  1
제원
  7
굴림
100
AcDbText
  0
TEXT
  5
1EA94
330
1F
100
AcDbEntity
  8
SD110
100
AcDbText
 10
195613.1971634231
 20
493555.9207778293
 30
0.0
 40
4.441974934816467
  1
통신구
  7
굴림
100
AcDbText
  0
TEXT
  5
1EA95
330
1F
100
AcDbEntity
  8
SD301
100
AcDbText
 10
195613.1971634231
 20
493567.9045128929
 30
0.0
 40
4.441974934816467
  1
시외통신주
  7
굴림
100
AcDbText
  0
TEXT
  5
1EA96
330
1F
100
AcDbEntity
  8
SD300
100
AcDbText
 10
195613.1971634231
 20
493578.5125705874
 30
0.0
 40
4.441974934816467
  1
시내통신주
  7
굴림
100
AcDbText
  0
TEXT
  5
1EA97
330
1F
100
AcDbEntity
  8
SD101
100
AcDbText
 10
195613.1971634231
 20
493589.5333962687
 30
0.0
 40
4.441974934816467
  1
시외통신맨홀
  7
굴림
100
AcDbText
  0
TEXT
  5
1EA98
330
1F
100
AcDbEntity
  8
SD901
100
AcDbText
 10
195613.1971634231
 20
493546.2880734643
 30
0.0
 40
4.441974934816467
  1
심도
  7
굴림
100
AcDbText
  0
TEXT
  5
1EA99
330
1F
100
AcDbEntity
  8
SD999
100
AcDbText
 10
195740.5057854026
 20
493513.1084904507
 30
0.0
 40
4.441974934816467
  1
녹색
  7
굴림
100
AcDbText
  0
INSERT
  5
1EA9A
330
1F
100
AcDbEntity
  8
sd216
100
AcDbBlockReference
  2
sd216
 10
195715.5901358037
 20
493448.2605179144
 30
0.0
 41
5.0
 42
5.0
 43
5.0
  0
LWPOLYLINE
  5
1EA9B
330
1F
100
AcDbEntity
  8
SD911
100
AcDbPolyline
 90
        3
 70
   128
 43
0.0
 10
195701.1453291918
 20
493480.0938686425
 10
195704.4282634051
 20
493483.3742697056
 10
195727.1743087154
 20
493483.3742697056
  0
LWPOLYLINE
  5
1EA9C
330
1F
100
AcDbEntity
  8
SD999
100
AcDbPolyline
 90
        2
 70
   128
 43
0.0
 10
195700.8625681009
 20
493514.9753814823
 10
195732.9937203013
 20
493514.9753814823
  0
TEXT
  5
1EA9D
330
1F
100
AcDbEntity
  8
SD910
100
AcDbText
 10
195699.96682521
 20
493490.291818045
 30
0.0
 40
4.441974934816467
  1
1900//
  7
GHS
100
AcDbText
  0
TEXT
  5
1EA9E
330
1F
100
AcDbEntity
  8
SD911
100
AcDbText
 10
195740.5057854026
 20
493479.3216689392
 30
0.0
 40
4.441974934816467
  1
검정
  7
굴림
100
AcDbText
  0
TEXT
  5
1EA9F
330
1F
100
AcDbEntity
  8
sd216
100
AcDbText
 10
195739.9185948529
 20
493446.5874099512
 30
0.0
 40
4.441974934816467
  1
녹색
  7
굴림
100
AcDbText
  0
TEXT
  5
1EAA0
330
1F
100
AcDbEntity
  8
SD910
100
AcDbText
 10
195740.5057854026
 20
493490.2795570604
 30
0.0
 40
4.441974934816467
  1
검정
  7
굴림
100
AcDbText
  0
INSERT
  5
1EAA1
330
1F
100
AcDbEntity
  8
SD300
100
AcDbBlockReference
  2
SD300
 10
195714.2894969592
 20
493582.8955736607
 30
0.0
 41
5.0
 42
5.0
 43
5.0
  0
INSERT
  5
1EAA2
330
1F
100
AcDbEntity
  8
SD301
100
AcDbBlockReference
  2
SD301
 10
195713.8101491523
 20
493570.6560848096
 30
0.0
 41
5.0
 42
5.0
 43
5.0
  0
LWPOLYLINE
  5
1EAA3
330
1F
100
AcDbEntity
  8
SD110
100
AcDbPolyline
 90
        2
 70
   128
 43
0.0
 10
195698.2831194466
 20
493561.9950614036
 10
195730.4142716469
 20
493561.9950614036
  0
LWPOLYLINE
  5
1EAA4
330
1F
100
AcDbEntity
  8
SD110
100
AcDbPolyline
 90
        2
 70
   128
 43
0.0
 10
195698.2831194466
 20
493555.3320990013
 10
195730.4142716469
 20
493555.3320990013
  0
INSERT
  5
1EAA5
330
1F
100
AcDbEntity
  8
SD101
100
AcDbBlockReference
  2
SD101
 10
195714.2894969592
 20
493593.2134563774
 30
0.0
 41
5.0
 42
5.0
 43
5.0
  0
INSERT
  5
1EAA6
330
1F
100
AcDbEntity
  8
SD901
100
AcDbBlockReference
  2
SD901
 10
195713.7046252312
 20
493548.2460590097
 30
0.0
 41
10.0
 42
10.0
 43
10.0
  0
LWPOLYLINE
  5
1EAA7
330
1F
100
AcDbEntity
  8
SD110
100
AcDbPolyline
 90
        2
 70
   128
 43
0.0
 10
195698.2831194466
 20
493561.9950614036
 10
195698.2831194466
 20
493555.3320990013
  0
LWPOLYLINE
  5
1EAA8
330
1F
100
AcDbEntity
  8
SD110
100
AcDbPolyline
 90
        2
 70
   128
 43
0.0
 10
195730.4142716469
 20
493561.9950614036
 10
195730.4142716469
 20
493555.3320990013
  0
TEXT
  5
1EAA9
330
1F
100
AcDbEntity
  8
SD901
100
AcDbText
 10
195740.5057854026
 20
493546.1292036939
 30
0.0
 40
4.441974934816467
  1
녹색
  7
굴림
100
AcDbText
  0
TEXT
  5
1EAAA
330
1F
100
AcDbEntity
  8
SD110
100
AcDbText
 10
195740.5057854026
 20
493556.7827062122
 30
0.0
 40
4.441974934816467
  1
녹색
  7
굴림
100
AcDbText
  0
TEXT
  5
1EAAB
330
1F
100
AcDbEntity
  8
SD301
100
AcDbText
 10
195740.5057854026
 20
493567.7405939973
 30
0.0
 40
4.441974934816467
  1
검정
  7
굴림
100
AcDbText
  0
TEXT
  5
1EAAC
330
1F
100
AcDbEntity
  8
SD300
100
AcDbText
 10
195740.5057854026
 20
493578.6984821191
 30
0.0
 40
4.441974934816467
  1
검정
  7
굴림
100
AcDbText
  0
TEXT
  5
1EAAD
330
1F
100
AcDbEntity
  8
SD101
100
AcDbText
 10
195740.5057854026
 20
493589.9607561808
 30
0.0
 40
4.441974934816467
  1
검정
  7
굴림
100
AcDbText
  0
TEXT
  5
1EAAE
330
1F
100
AcDbEntity
  8
통신범례외곽
100
AcDbText
 10
195665.7477867772
 20
493679.9521988458
 30
0.0
 40
4.441974934816467
  1
CODE
  7
굴림
100
AcDbText
  0
TEXT
  5
1EAAF
330
1F
100
AcDbEntity
  8
통신범례외곽
100
AcDbText
 10
195634.6905036103
 20
493694.1563524655
 30
0.0
 40
6.662962402224701
  1
지하시설물 통신 코드표
  7
굴림
100
AcDbText
  0
TEXT
  5
1EAB0
330
1F
100
AcDbEntity
  8
SD100
100
AcDbText
 10
195662.5971538139
 20
493600.8712245808
 30
0.0
 40
4.441974934816467
  1
SD100
  7
굴림
100
AcDbText
  0
LWPOLYLINE
  5
1EAB1
330
1F
100
AcDbEntity
  8
통신범례외곽
100
AcDbPolyline
 90
        2
 70
   128
 43
0.0
 10
195607.349276587
 20
493676.1529895118
 10
195754.1433430657
 20
493676.1529895118
  0
LWPOLYLINE
  5
1EAB2
330
1F
100
AcDbEntity
  8
통신범례외곽
100
AcDbPolyline
 90
        2
 70
   128
 43
0.0
 10
195607.349276587
 20
493598.4184281522
 10
195754.1433430657
 20
493598.4184281522
  0
LWPOLYLINE
  5
1EAB3
330
1F
100
AcDbEntity
  8
통신범례외곽
100
AcDbPolyline
 90
        2
 70
   128
 43
0.0
 10
195607.349276587
 20
493631.7332401634
 10
195754.1433430657
 20
493631.7332401634
  0
LWPOLYLINE
  5
1EAB4
330
1F
100
AcDbEntity
  8
통신범례외곽
100
AcDbPolyline
 90
        2
 70
   128
 43
0.0
 10
195607.349276587
 20
493665.0480521745
 10
195754.1433430657
 20
493665.0480521745
  0
TEXT
  5
1EAB5
330
1F
100
AcDbEntity
  8
SD001
100
AcDbText
 10
195662.9338433377
 20
493667.7678523282
 30
0.0
 40
4.441974934816467
  1
SD001
  7
굴림
100
AcDbText
  0
TEXT
  5
1EAB6
330
1F
100
AcDbEntity
  8
SD002
100
AcDbText
 10
195662.9338433377
 20
493635.4497961234
 30
0.0
 40
4.441974934816467
  1
SD002
  7
굴림
100
AcDbText
  0
LWPOLYLINE
  5
1EAB7
330
1F
100
AcDbEntity
  8
통신범례외곽
100
AcDbPolyline
 90
        4
 70
   129
 43
0.0
 10
195632.7798770171
 20
493702.801749314
 10
195732.3924051749
 20
493702.801749314
 10
195732.3924051749
 20
493690.73818408
 10
195632.7798770171
 20
493690.73818408
  0
TEXT
  5
1EAB8
330
1F
100
AcDbEntity
  8
통신범례외곽
100
AcDbText
 10
195619.0659419962
 20
493680.0188940182
 30
0.0
 40
4.441974934816467
  1
명   칭
  7
굴림
100
AcDbText
  0
TEXT
  5
1EAB9
330
1F
100
AcDbEntity
  8
SD100
100
AcDbText
 10
195613.1971634231
 20
493600.6100828318
 30
0.0
 40
4.441974934816467
  1
시내통신맨홀
  7
굴림
100
AcDbText
  0
TEXT
  5
1EABA
330
1F
100
AcDbEntity
  8
SD002
100
AcDbText
 10
195613.4380545153
 20
493634.1106050292
 30
0.0
 40
3.553579947853174
  1
시외통신관로탐사
  7
굴림
100
AcDbText
  0
TEXT
  5
1EABB
330
1F
100
AcDbEntity
  8
SD001
100
AcDbText
 10
195613.4380545153
 20
493668.5374904651
 30
0.0
 40
3.553579947853174
  1
시내통신관로탐사
  7
굴림
100
AcDbText
  0
TEXT
  5
1EABC
330
1F
100
AcDbEntity
  8
통신범례외곽
100
AcDbText
 10
195701.1565793705
 20
493679.9521988458
 30
0.0
 40
4.441974934816467
  1
심   볼
  7
굴림
100
AcDbText
  0
INSERT
  5
1EABD
330
1F
100
AcDbEntity
  8
SD100
100
AcDbBlockReference
  2
SD100
 10
195714.2894969592
 20
493603.1185711078
 30
0.0
 41
5.0
 42
5.0
 43
5.0
  0
LWPOLYLINE
  5
1EABE
330
1F
100
AcDbEntity
  8
SD001
100
AcDbPolyline
 90
        2
 70
   128
 43
0.0
 10
195698.2831194466
 20
493670.4925615666
 10
195730.4142716469
 20
493670.4925615666
  0
LWPOLYLINE
  5
1EABF
330
1F
100
AcDbEntity
  8
SD002
100
AcDbPolyline
 90
        2
 70
   128
 43
0.0
 10
195698.2831194466
 20
493636.7686190954
 10
195730.4142716469
 20
493636.7686190954
  0
TEXT
  5
1EAC0
330
1F
100
AcDbEntity
  8
SD100
100
AcDbText
 10
195740.5057854026
 20
493601.2230299059
 30
0.0
 40
4.441974934816467
  1
검정
  7
굴림
100
AcDbText
  0
TEXT
  5
1EAC1
330
1F
100
AcDbEntity
  8
SD002
100
AcDbText
 10
195740.5057854026
 20
493634.0864067613
 30
0.0
 40
4.441974934816467
  1
녹색
  7
굴림
100
AcDbText
  0
TEXT
  5
1EAC2
330
1F
100
AcDbEntity
  8
SD001
100
AcDbText
 10
195740.5057854026
 20
493667.2541695568
 30
0.0
 40
4.441974934816467
  1
녹색
  7
굴림
100
AcDbText
  0
TEXT
  5
1EAC3
330
1F
100
AcDbEntity
  8
통신범례외곽
100
AcDbText
 10
195741.7242686709
 20
493679.9521988458
 30
0.0
 40
4.441974934816467
  1
색
  7
굴림
100
AcDbText
  0
LWPOLYLINE
  5
1EAC4
330
1F
100
AcDbEntity
  8
통신범례외곽
100
AcDbPolyline
 90
        2
 70
   128
 43
0.8883949869632935
 10
195765.1077115217
 20
493336.4654944068
 10
195598.8665622177
 20
493336.4654944068
  0
LWPOLYLINE
  5
1EAC5
330
1F
100
AcDbEntity
  8
통신범례외곽
100
AcDbPolyline
 90
        4
 70
   128
 43
0.0
 10
195607.349276587
 20
493343.0048694005
 10
195607.349276587
 20
493687.2579268487
 10
195754.1433430657
 20
493687.2579268487
 10
195754.1433430657
 20
493343.0048694005
  0
LWPOLYLINE
  5
1EAC6
330
1F
100
AcDbEntity
  8
통신범례외곽
100
AcDbPolyline
 90
        2
 70
   128
 43
0.0
 10
195607.349276587
 20
493642.8381775007
 10
195754.1433430657
 20
493642.8381775007
  0
LWPOLYLINE
  5
1EAC7
330
1F
100
AcDbEntity
  8
통신범례외곽
100
AcDbPolyline
 90
        2
 70
   128
 43
0.0
 10
195607.349276587
 20
493653.9431148376
 10
195754.1433430657
 20
493653.9431148376
  0
TEXT
  5
1EAC8
330
1F
100
AcDbEntity
  8
SD001
100
AcDbText
 10
195613.4380545153
 20
493657.4325531283
 30
0.0
 40
3.553579947853174
  1
시내통신관로준탐
  7
굴림
100
AcDbText
  0
TEXT
  5
1EAC9
330
1F
100
AcDbEntity
  8
SD001
100
AcDbText
 10
195662.9338433377
 20
493656.6629149909
 30
0.0
 40
4.441974934816467
  1
SD001_1
  7
굴림
100
AcDbText
  0
LWPOLYLINE
  5
1EACA
330
1F
100
AcDbEntity
  8
SD001_1
100
AcDbPolyline
 90
        2
 70
   128
 43
0.0
 10
195698.2831194466
 20
493659.3876242297
 10
195730.4142716469
 20
493659.3876242297
  0
TEXT
  5
1EACB
330
1F
100
AcDbEntity
  8
SD001
100
AcDbText
 10
195740.5057854026
 20
493656.1492322199
 30
0.0
 40
4.441974934816467
  1
녹색
  7
굴림
100
AcDbText
  0
TEXT
  5
1EACC
330
1F
100
AcDbEntity
  8
SD001
100
AcDbText
 10
195613.4380545153
 20
493646.3276157909
 30
0.0
 40
3.553579947853174
  1
시내통신관로조사
  7
굴림
100
AcDbText
  0
TEXT
  5
1EACD
330
1F
100
AcDbEntity
  8
SD001
100
AcDbText
 10
195662.9338433377
 20
493645.557977654
 30
0.0
 40
4.441974934816467
  1
SD001_2
  7
굴림
100
AcDbText
  0
LWPOLYLINE
  5
1EACE
330
1F
100
AcDbEntity
  8
SD001_2
100
AcDbPolyline
 90
        2
 70
   128
 43
0.0
 10
195698.2831194466
 20
493648.2826868928
 10
195730.4142716469
 20
493648.2826868928
  0
TEXT
  5
1EACF
330
1F
100
AcDbEntity
  8
SD001
100
AcDbText
 10
195740.5057854026
 20
493645.044294883
 30
0.0
 40
4.441974934816467
  1
녹색
  7
굴림
100
AcDbText
  0
LWPOLYLINE
  5
1EAD0
330
1F
100
AcDbEntity
  8
통신범례외곽
100
AcDbPolyline
 90
        2
 70
   128
 43
0.0
 10
195607.349276587
 20
493609.5233654896
 10
195754.1433430657
 20
493609.5233654896
  0
LWPOLYLINE
  5
1EAD1
330
1F
100
AcDbEntity
  8
통신범례외곽
100
AcDbPolyline
 90
        2
 70
   128
 43
0.0
 10
195607.349276587
 20
493620.6283028266
 10
195754.1433430657
 20
493620.6283028266
  0
TEXT
  5
1EAD2
330
1F
100
AcDbEntity
  8
SD002
100
AcDbText
 10
195613.4380545153
 20
493623.0056676921
 30
0.0
 40
3.553579947853174
  1
시외통신관로준탐
  7
굴림
100
AcDbText
  0
TEXT
  5
1EAD3
330
1F
100
AcDbEntity
  8
SD002
100
AcDbText
 10
195662.9338433377
 20
493624.3448587861
 30
0.0
 40
4.441974934816467
  1
SD002_1
  7
굴림
100
AcDbText
  0
LWPOLYLINE
  5
1EAD4
330
1F
100
AcDbEntity
  8
SD002_1
100
AcDbPolyline
 90
        2
 70
   128
 43
0.0
 10
195698.2831194466
 20
493625.6636817585
 10
195730.4142716469
 20
493625.6636817585
  0
TEXT
  5
1EAD5
330
1F
100
AcDbEntity
  8
SD002
100
AcDbText
 10
195740.5057854026
 20
493622.9814694244
 30
0.0
 40
4.441974934816467
  1
녹색
  7
굴림
100
AcDbText
  0
TEXT
  5
1EAD6
330
1F
100
AcDbEntity
  8
SD002
100
AcDbText
 10
195613.4380545153
 20
493611.9007303553
 30
0.0
 40
3.553579947853174
  1
시외통신관로조사
  7
굴림
100
AcDbText
  0
TEXT
  5
1EAD7
330
1F
100
AcDbEntity
  8
SD002
100
AcDbText
 10
195662.9338433377
 20
493613.2399214493
 30
0.0
 40
4.441974934816467
  1
SD002_2
  7
굴림
100
AcDbText
  0
LWPOLYLINE
  5
1EAD8
330
1F
100
AcDbEntity
  8
SD002_2
100
AcDbPolyline
 90
        2
 70
   128
 43
0.0
 10
195698.2831194466
 20
493614.5587444212
 10
195730.4142716469
 20
493614.5587444212
  0
TEXT
  5
1EAD9
330
1F
100
AcDbEntity
  8
SD002
100
AcDbText
 10
195740.5057854026
 20
493611.8765320875
 30
0.0
 40
4.441974934816467
  1
녹색
  7
굴림
100
AcDbText
  0
TEXT
  5
1EADA
330
1F
100
AcDbEntity
  8
SD214
100
AcDbText
 10
195662.5971538139
 20
493423.9234212641
 30
0.0
 40
4.441974934816467
  1
SD214
  7
굴림
100
AcDbText
  0
TEXT
  5
1EADB
330
1F
100
AcDbEntity
  8
SD983
100
AcDbText
 10
195662.5971538139
 20
493412.6957472246
 30
0.0
 40
4.441974934816467
  1
SD983
  7
굴림
100
AcDbText
  0
LWPOLYLINE
  5
1EADC
330
1F
100
AcDbEntity
  8
통신범례외곽
100
AcDbPolyline
 90
        2
 70
   128
 43
0.0
 10
195607.349276587
 20
493409.6344934228
 10
195754.1433430657
 20
493409.6344934228
  0
LWPOLYLINE
  5
1EADD
330
1F
100
AcDbEntity
  8
통신범례외곽
100
AcDbPolyline
 90
        2
 70
   128
 43
0.0
 10
195607.349276587
 20
493420.7394307595
 10
195754.1433430657
 20
493420.7394307595
  0
LWPOLYLINE
  5
1EADE
330
1F
100
AcDbEntity
  8
통신범례외곽
100
AcDbPolyline
 90
        2
 70
   128
 43
0.0
 10
195607.349276587
 20
493431.8443680968
 10
195754.1433430657
 20
493431.8443680968
  0
TEXT
  5
1EADF
330
1F
100
AcDbEntity
  8
SD983
100
AcDbText
 10
195613.1971634231
 20
493412.2002910417
 30
0.0
 40
4.441974934816467
  1
관공공수
  7
굴림
100
AcDbText
  0
TEXT
  5
1EAE0
330
1F
100
AcDbEntity
  8
SD214
100
AcDbText
 10
195613.1971634231
 20
493422.9593362132
 30
0.0
 40
4.441974934816467
  1
인입
  7
굴림
100
AcDbText
  0
TEXT
  5
1EAE1
330
1F
100
AcDbEntity
  8
SD994
100
AcDbText
 10
195740.041175111
 20
493403.6078329212
 30
0.0
 40
2.220987467408233
  1
녹색
  7
굴림
100
AcDbText
  0
TEXT
  5
1EAE2
330
1F
100
AcDbEntity
  8
SD214
100
AcDbText
 10
195740.5057854026
 20
493423.3866961253
 30
0.0
 40
4.441974934816467
  1
검정
  7
굴림
100
AcDbText
  0
TEXT
  5
1EAE3
330
1F
100
AcDbEntity
  8
SD213
100
AcDbText
 10
195662.5971538139
 20
493434.2971645254
 30
0.0
 40
4.441974934816467
  1
SD213
  7
굴림
100
AcDbText
  0
LWPOLYLINE
  5
1EAE4
330
1F
100
AcDbEntity
  8
통신범례외곽
100
AcDbPolyline
 90
        2
 70
   128
 43
0.0
 10
195607.349276587
 20
493442.9493054338
 10
195754.1433430657
 20
493442.9493054338
  0
TEXT
  5
1EAE5
330
1F
100
AcDbEntity
  8
SD213
100
AcDbText
 10
195613.1971634231
 20
493434.0360227762
 30
0.0
 40
4.441974934816467
  1
조인트박스
  7
굴림
100
AcDbText
  0
TEXT
  5
1EAE6
330
1F
100
AcDbEntity
  8
SD213
100
AcDbText
 10
195738.2315072779
 20
493434.6489698505
 30
0.0
 40
3.553579947853174
  1
하늘색
  7
굴림
100
AcDbText
  0
LWPOLYLINE
  5
1EAE7
330
1F
100
AcDbEntity
  8
통신범례외곽
100
AcDbPolyline
 90
        2
 70
   128
 43
0.0
 10
195607.349276587
 20
493454.0542427707
 10
195754.1433430657
 20
493454.0542427707
  0
LWPOLYLINE
  5
1EAE8
330
1F
100
AcDbEntity
  8
통신범례외곽
100
AcDbPolyline
 90
        2
 70
   128
 43
0.0
 10
195607.349276587
 20
493409.6344934228
 10
195754.1433430657
 20
493409.6344934228
  0
TEXT
  5
1EAE9
330
1F
100
AcDbEntity
  8
SD994
100
AcDbText
 10
195662.5971538139
 20
493402.3822969938
 30
0.0
 40
3.109382454371528
  1
SD994,SD995
  7
굴림
100
AcDbText
  0
TEXT
  5
1EAEA
330
1F
100
AcDbEntity
  8
SD994
100
AcDbText
 10
195613.1971634231
 20
493402.1211552447
 30
0.0
 40
4.441974934816467
  1
기준점(명)
  7
굴림
100
AcDbText
  0
LWPOLYLINE
  5
1EAEB
330
1F
100
AcDbEntity
  8
통신범례외곽
100
AcDbPolyline
 90
        2
 70
   128
 43
0.0
 10
195607.349276587
 20
493409.6344934228
 10
195754.1433430657
 20
493409.6344934228
  0
INSERT
  5
1EAEC
330
1F
100
AcDbEntity
  8
SD213
100
AcDbBlockReference
  2
SD213
 10
195714.2894969592
 20
493436.5445110523
 30
0.0
 41
5.0
 42
5.0
 43
5.0
  0
INSERT
  5
1EAED
330
1F
100
AcDbEntity
  8
SD214
100
AcDbBlockReference
  2
SD214
 10
195714.2894969592
 20
493426.639396322
 30
0.0
 41
5.0
 42
5.0
 43
5.0
  0
INSERT
  5
1EAEE
330
1F
100
AcDbEntity
  8
SD994
 62
     7
100
AcDbBlockReference
  2
SD994
 10
195702.6166957374
 20
493403.3548704828
 30
0.0
 41
5.0
 42
5.0
 43
5.0
  0
TEXT
  5
1EAEF
330
1F
100
AcDbEntity
  8
SD995
100
AcDbText
 10
195705.8309037646
 20
493402.183156629
 30
0.0
 40
4.441974934816467
  1
기준점명
  7
굴림
100
AcDbText
  0
HATCH
  5
1EAF0
330
1F
100
AcDbEntity
  8
SD983
  6
Continuous
100
AcDbHatch
 10
0.0
 20
0.0
 30
0.0
210
0.0
220
0.0
230
1.0
  2
ANSI31
 70
     0
 71
     1
 91
        1
 92
        1
 93
        1
 72
     2
 10
195703.3714465708
 20
493413.4743647449
 40
1.554691227185764
 50
0.0
 51
360.0
 73
     1
 97
        1
330
1EAF1
 75
     0
 76
     1
 52
109.1635309576795
 41
3.109382454371528
 77
     0
 78
     1
 53
154.1635309576795
 43
1447699.690690137
 44
409073.7016327678
 45
-0.1693851950028972
 46
-0.3498216895726734
 79
     0
 98
        1
 10
195703.3714465708
 20
493413.4743647449
1001
ACAD
1010
0.0
1020
0.0
1030
0.0
  0
CIRCLE
  5
1EAF1
102
{ACAD_REACTORS
330
1EAF0
102
}
330
1F
100
AcDbEntity
  8
SD983
  6
Continuous
100
AcDbCircle
 10
195703.3714465708
 20
493413.4743647449
 30
0.0
 40
1.554691227185764
  0
CIRCLE
  5
1EAF2
330
1F
100
AcDbEntity
  8
SD983
  6
Continuous
100
AcDbCircle
 10
195706.7917672705
 20
493416.8946854448
 30
0.0
 40
0.777345613592882
  0
CIRCLE
  5
1EAF3
330
1F
100
AcDbEntity
  8
SD983
  6
Continuous
100
AcDbCircle
 10
195703.371446571
 20
493416.8946854453
 30
0.0
 40
0.777345613592882
  0
LWPOLYLINE
  5
1EAF4
330
1F
100
AcDbEntity
  8
SD983
  6
Continuous
100
AcDbPolyline
 90
        6
 70
     0
 43
0.0
 10
195727.7338477409
 20
493411.6087352727
 10
195708.6573967429
 20
493411.6087352727
 10
195701.5058170984
 20
493411.6087352727
 10
195701.5058170983
 20
493418.7603149176
 10
195708.6573967431
 20
493418.7603149176
 10
195708.6573967429
 20
493411.6087352727
1001
HV_SIZE
1000
0.13X0.29
  0
LWPOLYLINE
  5
1EAF5
330
1F
100
AcDbEntity
  8
통신범례외곽
100
AcDbPolyline
 90
        2
 70
   128
 43
0.0
 10
195607.349276587
 20
493487.3690547822
 10
195754.1433430657
 20
493487.3690547822
  0
TEXT
  5
1EAF6
330
1F
100
AcDbEntity
  8
SD219
100
AcDbText
 10
195661.978584564
 20
493456.9770060338
 30
0.0
 40
4.441974934816467
  1
SD219
  7
굴림
100
AcDbText
  0
TEXT
  5
1EAF7
330
1F
100
AcDbEntity
  8
SD219
100
AcDbText
 10
195613.4380545153
 20
493456.0397486356
 30
0.0
 40
4.441974934816467
  1
시설물번호
  7
굴림
100
AcDbText
  0
TEXT
  5
1EAF8
330
1F
100
AcDbEntity
  8
SD219
100
AcDbText
 10
195698.2287569257
 20
493456.9770060338
 30
0.0
 40
4.441974934816467
  1
비응도17H
  7
GHS
100
AcDbText
  0
TEXT
  5
1EAF9
330
1F
100
AcDbEntity
  8
SD219
100
AcDbText
 10
195740.5057854026
 20
493456.9647450493
 30
0.0
 40
4.441974934816467
  1
검정
  7
굴림
100
AcDbText
  0
LWPOLYLINE
  5
1EAFA
330
1F
100
AcDbEntity
  8
통신범례외곽
100
AcDbPolyline
 90
        2
 70
   128
 43
0.0
 10
195607.349276587
 20
493398.5295560858
 10
195754.1433430657
 20
493398.5295560858
  0
TEXT
  5
1EAFB
330
1F
100
AcDbEntity
  8
DORO
100
AcDbText
 10
195661.978584564
 20
493390.3473820119
 30
0.0
 40
4.441974934816467
  1
DORO
  7
굴림
100
AcDbText
  0
TEXT
  5
1EAFC
330
1F
100
AcDbEntity
  8
DORO
100
AcDbText
 10
195613.4380545153
 20
493390.2222673125
 30
0.0
 40
4.441974934816467
  1
도로선형
  7
굴림
100
AcDbText
  0
TEXT
  5
1EAFD
330
1F
100
AcDbEntity
  8
DORO
100
AcDbText
 10
195740.5057854026
 20
493390.3351210272
 30
0.0
 40
4.441974934816467
  1
파란
  7
굴림
100
AcDbText
  0
TEXT
  5
1EAFE
330
1F
100
AcDbEntity
  8
SD983
100
AcDbText
 10
195740.5057854026
 20
493412.281758788
 30
0.0
 40
4.441974934816467
  1
검정
  7
굴림
100
AcDbText
  0
LWPOLYLINE
  5
1EAFF
330
1F
100
AcDbEntity
  8
DORO
100
AcDbPolyline
 90
        2
 70
   128
 43
0.0
 10
195700.8625681009
 20
493392.2602795917
 10
195732.9937203013
 20
493392.2602795917
  0
LWPOLYLINE
  5
1EB00
330
1F
100
AcDbEntity
  8
통신범례외곽
100
AcDbPolyline
 90
        2
 70
   128
 43
0.0
 10
195607.349276587
 20
493343.0048694005
 10
195754.1433430657
 20
493343.0048694005
  0
TEXT
  5
1EB01
330
1F
100
AcDbEntity
  8
SD100
100
AcDbText
 10
195740.5057854026
 20
493379.7336029218
 30
0.0
 40
4.441974934816467
  1
검정
  7
굴림
100
AcDbText
  0
TEXT
  5
1EB02
330
1F
100
AcDbEntity
  8
기타
  6
Continuous
100
AcDbText
 10
195612.7320886989
 20
493379.77891412
 30
0.0
 40
3.553579947853174
  1
기설(사업외)맨홀
  7
굴림
100
AcDbText
  0
TEXT
  5
1EB03
330
1F
100
AcDbEntity
  8
SD100
100
AcDbText
 10
195661.8328819186
 20
493379.6655160104
 30
0.0
 40
4.441974934816467
  1
기타
  7
굴림
100
AcDbText
  0
INSERT
  5
1EB04
330
1F
100
AcDbEntity
  8
기타
  6
Continuous
100
AcDbBlockReference
  2
기타
 10
195713.371762532
 20
493382.0615659993
 30
0.0
 41
5.0
 42
5.0
 43
5.0
1001
MHNO
1000
수용가공동맨홀
  0
LWPOLYLINE
  5
1EB05
330
1F
100
AcDbEntity
  8
통신범례외곽
100
AcDbPolyline
 90
        2
 70
   128
 43
0.0
 10
195607.349276587
 20
493376.3196814116
 10
195754.1433430657
 20
493376.3196814116
  0
LWPOLYLINE
  5
1EB06
330
1F
100
AcDbEntity
  8
통신범례외곽
100
AcDbPolyline
 90
        2
 70
   128
 43
0.0
 10
195607.349276587
 20
493376.3196814116
 10
195754.1433430657
 20
493376.3196814116
  0
LWPOLYLINE
  5
1EB07
330
1F
100
AcDbEntity
  8
통신범례외곽
100
AcDbPolyline
 90
        2
 70
   128
 43
0.0
 10
195607.349276587
 20
493376.3196814116
 10
195754.1433430657
 20
493376.3196814116
  0
LWPOLYLINE
  5
1EB08
330
1F
100
AcDbEntity
  8
통신범례외곽
100
AcDbPolyline
 90
        2
 70
   128
 43
0.0
 10
195607.349276587
 20
493365.2147440747
 10
195754.1433430657
 20
493365.2147440747
  0
LWPOLYLINE
  5
1EB09
330
1F
100
AcDbEntity
  8
통신범례외곽
100
AcDbPolyline
 90
        2
 70
   128
 43
0.0
 10
195607.349276587
 20
493387.4246187484
 10
195754.1433430657
 20
493387.4246187484
  0
LWPOLYLINE
  5
1EB0A
330
1F
100
AcDbEntity
  8
통신범례외곽
100
AcDbPolyline
 90
        2
 70
   128
 43
0.0
 10
195607.349276587
 20
493387.4246187484
 10
195754.1433430657
 20
493387.4246187484
  0
LWPOLYLINE
  5
1EB0B
330
1F
100
AcDbEntity
  8
통신범례외곽
100
AcDbPolyline
 90
        2
 70
   128
 43
0.0
 10
195607.349276587
 20
493387.4246187484
 10
195754.1433430657
 20
493387.4246187484
  0
TEXT
  5
1EB0C
330
1F
100
AcDbEntity
  8
SD100
 62
     1
100
AcDbText
 10
195740.5057854026
 20
493368.6286655845
 30
0.0
 40
4.441974934816467
  1
빨강
  7
굴림
100
AcDbText
  0
TEXT
  5
1EB0D
330
1F
100
AcDbEntity
  8
SD000
 62
     7
100
AcDbText
 10
195612.7320886989
 20
493368.6739767831
 30
0.0
 40
3.553579947853174
  1
전주입상(타지장물)
  7
굴림
100
AcDbText
  0
TEXT
  5
1EB0E
330
1F
100
AcDbEntity
  8
SD000
 62
     1
100
AcDbText
 10
195661.8328819186
 20
493368.5605786735
 30
0.0
 40
4.441974934816467
  1
SD000
  7
굴림
100
AcDbText
  0
TEXT
  5
1EB0F
330
1F
100
AcDbEntity
  8
SD100
100
AcDbText
 10
195740.5057854026
 20
493357.5237282478
 30
0.0
 40
4.441974934816467
  1
검정
  7
굴림
100
AcDbText
  0
TEXT
  5
1EB10
330
1F
100
AcDbEntity
  8
SD234
100
AcDbText
 10
195612.7320886989
 20
493357.5690394462
 30
0.0
 40
4.441974934816467
  1
CCTV
  7
굴림
100
AcDbText
  0
TEXT
  5
1EB11
330
1F
100
AcDbEntity
  8
SD234
100
AcDbText
 10
195661.8328819186
 20
493357.4556413367
 30
0.0
 40
4.441974934816467
  1
SD234
  7
굴림
100
AcDbText
  0
INSERT
  5
1EB12
330
1F
100
AcDbEntity
  8
SD234
100
AcDbBlockReference
  2
SD234
 10
195713.371762532
 20
493359.6218520398
 30
0.0
 41
5.0
 42
5.0
 43
5.0
  0
INSERT
  5
1EB13
330
1F
100
AcDbEntity
  8
SD000
 62
     1
100
AcDbBlockReference
  2
SD000
 10
195713.321187938
 20
493370.77146324
 30
0.0
 41
5.0
 42
5.0
 43
5.0
  0
LWPOLYLINE
  5
1EB14
330
1F
100
AcDbEntity
  8
통신범례외곽
100
AcDbPolyline
 90
        2
 70
   128
 43
0.0
 10
195607.349276587
 20
493354.1098067372
 10
195754.1433430657
 20
493354.1098067372
  0
TEXT
  5
1EB15
330
1F
100
AcDbEntity
  8
SD995
100
AcDbText
 10
195746.6691464158
 20
493403.6078329212
 30
0.0
 40
2.220987467408233
  1
검정
  7
굴림
100
AcDbText
  0
LWPOLYLINE
  5
1EB16
330
1F
100
AcDbEntity
  8
통신범례외곽
100
AcDbPolyline
 90
        2
 70
   128
 43
0.0
 10
195607.349276587
 20
493476.2641174447
 10
195754.1433430657
 20
493476.2641174447
  0
TEXT
  5
1EB17
330
1F
100
AcDbEntity
  8
SD911
100
AcDbText
 10
195661.978584564
 20
493467.4711627215
 30
0.0
 40
4.441974934816467
  1
SD911-1
  7
굴림
100
AcDbText
  0
TEXT
  5
1EB18
330
1F
100
AcDbEntity
  8
SD911
100
AcDbText
 10
195613.991789681
 20
493468.663105648
 30
0.0
 40
3.553579947853174
  1
시설물인출선
  7
굴림
100
AcDbText
  0
LWPOLYLINE
  5
1EB19
330
1F
100
AcDbEntity
  8
SD911
100
AcDbPolyline
 90
        3
 70
   128
 43
0.0
 10
195701.1453291918
 20
493468.9889313053
 10
195704.4282634051
 20
493472.2693323688
 10
195727.1743087154
 20
493472.2693323688
  0
TEXT
  5
1EB1A
330
1F
100
AcDbEntity
  8
SD911
100
AcDbText
 10
195740.5057854026
 20
493468.2167316019
 30
0.0
 40
4.441974934816467
  1
검정
  7
굴림
100
AcDbText
  0
TEXT
  5
1EB1B
330
1F
100
AcDbEntity
  8
SD_관상고
100
AcDbText
 10
195661.9785845639
 20
493345.8354700114
 30
0.0
 40
4.014157078134569
  1
SD_관상고
  7
굴림
100
AcDbText
  0
TEXT
  5
1EB1C
330
1F
100
AcDbEntity
  8
SD_관상고
100
AcDbText
 10
195613.4380545154
 20
493345.6011559147
 30
0.0
 40
4.441974934813782
  1
관상고
  7
굴림
100
AcDbText
  0
TEXT
  5
1EB1D
330
1F
100
AcDbEntity
  8
SD_관상고
100
AcDbText
 10
195707.4767022315
 20
493345.8354700114
 30
0.0
 40
4.441974934813782
  1
12.456
  7
굴림
100
AcDbText
  0
TEXT
  5
1EB1E
330
1F
100
AcDbEntity
  8
SDDIM
100
AcDbText
 10
195661.3404225469
 20
493535.0713275671
 30
0.0
 40
4.442
  1
SDDIM
  7
굴림
100
AcDbText
  0
TEXT
  5
1EB1F
330
1F
100
AcDbEntity
  8
SDSIM_T
100
AcDbText
 10
195661.9785845639
 20
493501.3045927306
 30
0.0
 40
4.442
  1
SDSIM_T
  7
굴림
100
AcDbText
  0
TEXT
  5
1EB20
330
1F
100
AcDbEntity
  8
SDSIM_T
100
AcDbText
 10
195613.4380545154
 20
493501.0702786335
 30
0.0
 40
4.442
  1
심도텍스트
  7
굴림
100
AcDbText
  0
TEXT
  5
1EB21
330
1F
100
AcDbEntity
  8
SDDIM
100
AcDbText
 10
195613.4380545154
 20
493534.6693938718
 30
0.0
 40
4.441974934813782
  1
이격거리
  7
굴림
100
AcDbText
  0
TEXT
  5
1EB22
330
1F
100
AcDbEntity
  8
SDSIM_T
100
AcDbText
 10
195707.4767022315
 20
493501.3045927306
 30
0.0
 40
4.442
  1
0.9
  7
GHS
100
AcDbText
  0
TEXT
  5
1EB23
330
1F
100
AcDbEntity
  8
SDSIM_T
100
AcDbText
 10
195740.5057854025
 20
493501.2374448454
 30
0.0
 40
4.442
  1
회색
  7
굴림
100
AcDbText
  0
LWPOLYLINE
  5
1EB24
330
1F
100
AcDbEntity
  8
SDDIM1
100
AcDbPolyline
 90
        2
 70
   128
 43
0.0
 10
195700.8625681008
 20
493536.6244649733
 10
195732.9937203012
 20
493536.6244649733
  0
TEXT
  5
1EB25
330
1F
100
AcDbEntity
  8
SDDIM
100
AcDbText
 10
195738.9826811667
 20
493535.5229095929
 30
0.0
 40
3.553579947851026
  1
하늘색
  7
굴림
100
AcDbText
  0
TEXT
  5
1EB26
330
1F
100
AcDbEntity
  8
SDDIM
100
AcDbText
 10
195661.3404225469
 20
493523.9663902303
 30
0.0
 40
4.442
  1
SDDIM1
  7
굴림
100
AcDbText
  0
TEXT
  5
1EB27
330
1F
100
AcDbEntity
  8
SDDIM
100
AcDbText
 10
195613.4380545154
 20
493523.564456535
 30
0.0
 40
4.441974934813782
  1
이격거리(심도)
  7
굴림
100
AcDbText
  0
TEXT
  5
1EB28
330
1F
100
AcDbEntity
  8
SDDIM
100
AcDbText
 10
195738.9826811667
 20
493524.417972256
 30
0.0
 40
3.553579947851026
  1
하늘색
  7
굴림
100
AcDbText
  0
TEXT
  5
1EB29
330
1F
100
AcDbEntity
  8
SDDIM
100
AcDbText
 10
195696.0584154241
 20
493523.5144674046
 30
0.0
 40
4.441974934813782
  1
이격거리(심도)
  7
NGSW
100
AcDbText
  0
TEXT
  5
1EB2A
330
1F
100
AcDbEntity
  8
sd216
100
AcDbText
 10
195739.9185948529
 20
493346.642973918
 30
0.0
 40
4.441974934816467
  1
녹색
  7
굴림
100
AcDbText
  0
TEXT
  5
1EB2B
330
1F
100
AcDbEntity
  8
SD110
100
AcDbText
 10
195662.5971538139
 20
493556.4514752329
 30
0.0
 40
4.441974934816467
  1
SD110
  7
굴림
100
AcDbText
  0
TEXT
  5
1EB2C
330
1F
100
AcDbEntity
  8
SD999
100
AcDbText
 10
195662.5971538139
 20
493512.0317258844
 30
0.0
 40
4.441974934816467
  1
SD999
  7
굴림
100
AcDbText
  0
TEXT
  5
1EB2D
330
1F
100
AcDbEntity
  8
SD911
100
AcDbText
 10
195661.978584564
 20
493479.1868807081
 30
0.0
 40
4.441974934816467
  1
SD911
  7
굴림
100
AcDbText
  0
TEXT
  5
1EB2E
330
1F
100
AcDbEntity
  8
SD910
100
AcDbText
 10
195624.9506125465
 20
493763.0658983195
 30
0.0
 40
1.0
  1
1900/FC/%%C100x2(0)/0.56x0.46/L10.0/D0.9
  7
NGSW
100
AcDbText
  0
LWPOLYLINE
  5
1EB2F
330
1F
100
AcDbEntity
  8
SD911
100
AcDbPolyline
 90
        3
 70
     0
 43
0.0
 10
195615.4129159544
 20
493754.9330190552
 10
195624.5970591559
 20
493762.7123449289
 10
195659.7446782035
 20
493762.7123449289
  0
TEXT
  5
1EB30
330
1F
100
AcDbEntity
  8
SD910
100
AcDbText
 10
195633.6502524969
 20
493764.5823637829
 30
0.0
 40
1.0
  1
%%C50x2(0)
  7
NGSW
100
AcDbText
  0
LWPOLYLINE
  5
1EB31
330
1F
100
AcDbEntity
  8
SD983
100
AcDbPolyline
 90
        5
 70
     0
 43
0.0
 10
195638.5352566255
 20
493747.7154085172
 10
195646.0958041049
 20
493747.7154085172
 10
195646.0958041049
 20
493748.7154085172
 10
195645.0958041049
 20
493748.7154085172
 10
195645.0958041049
 20
493747.7154085172
  0
HATCH
  5
1EB32
330
1F
100
AcDbEntity
  8
SD983
100
AcDbHatch
 10
0.0
 20
0.0
 30
0.0
210
0.0
220
0.0
230
1.0
  2
ANSI31
 70
     0
 71
     1
 91
        1
 92
        1
 93
        1
 72
     2
 10
195645.5958041049
 20
493748.2154085174
 40
0.5
 50
0.0
 51
360.0
 73
     1
 97
        1
330
1EB33
 75
     0
 76
     1
 52
0.0
 41
1.0
 77
     0
 78
     1
 53
45.0
 43
1866.764548285107
 44
47108.11259499238
 45
-0.0883883476483185
 46
0.0883883476483185
 79
     0
 98
        1
 10
389369.3240853057
 20
47107.3176572161
1001
ACAD
1010
0.0
1020
0.0
1030
0.0
  0
CIRCLE
  5
1EB33
102
{ACAD_REACTORS
330
1EB32
102
}
330
1F
100
AcDbEntity
  8
SD983
100
AcDbCircle
 10
195645.5958041049
 20
493748.2154085174
 30
0.0
 40
0.5
  0
CIRCLE
  5
1EB34
102
{ACAD_REACTORS
330
1EB35
102
}
330
1F
100
AcDbEntity
  8
SD983
100
AcDbCircle
 10
195645.5958041049
 20
493744.3340477198
 30
0.0
 40
0.5
  0
HATCH
  5
1EB35
330
1F
100
AcDbEntity
  8
SD983
100
AcDbHatch
 10
0.0
 20
0.0
 30
0.0
210
0.0
220
0.0
230
1.0
  2
ANSI31
 70
     0
 71
     1
 91
        1
 92
        1
 93
        1
 72
     2
 10
195645.5958041049
 20
493744.3340477198
 40
0.5
 50
0.0
 51
360.0
 73
     1
 97
        1
330
1EB34
 75
     0
 76
     1
 52
0.0
 41
1.0
 77
     0
 78
     1
 53
45.0
 43
1866.764548285107
 44
47108.11259499238
 45
-0.0883883476483185
 46
0.0883883476483185
 79
     0
 98
        1
 10
389369.3240853057
 20
47103.43629641865
1001
ACAD
1010
0.0
1020
0.0
1030
0.0
  0
LWPOLYLINE
  5
1EB36
330
1F
100
AcDbEntity
  8
SD983
100
AcDbPolyline
 90
        5
 70
     0
 43
0.0
 10
195638.5352566255
 20
493743.8340477198
 10
195646.0958041049
 20
493743.8340477198
 10
195646.0958041049
 20
493744.8340477198
 10
195644.0958041049
 20
493744.8340477198
 10
195644.0958041049
 20
493743.8340477198
  0
HATCH
  5
1EB37
330
1F
100
AcDbEntity
  8
SD983
100
AcDbHatch
 10
0.0
 20
0.0
 30
0.0
210
0.0
220
0.0
230
1.0
  2
ANSI31
 70
     0
 71
     1
 91
        1
 92
        1
 93
        1
 72
     2
 10
195644.5958041049
 20
493744.3340477198
 40
0.5
 50
0.0
 51
360.0
 73
     1
 97
        1
330
1EB38
 75
     0
 76
     1
 52
0.0
 41
1.0
 77
     0
 78
     1
 53
45.0
 43
1866.764548285107
 44
47108.11259499238
 45
-0.0883883476483185
 46
0.0883883476483185
 79
     0
 98
        1
 10
389368.3240853056
 20
47103.43629641865
1001
ACAD
1010
0.0
1020
0.0
1030
0.0
  0
CIRCLE
  5
1EB38
102
{ACAD_REACTORS
330
1EB37
102
}
330
1F
100
AcDbEntity
  8
SD983
100
AcDbCircle
 10
195644.5958041049
 20
493744.3340477198
 30
0.0
 40
0.5
  0
CIRCLE
  5
1EB39
102
{ACAD_REACTORS
330
1EB3A
102
}
330
1F
100
AcDbEntity
  8
SD983
100
AcDbCircle
 10
195644.5958041049
 20
493740.4526869222
 30
0.0
 40
0.5
  0
HATCH
  5
1EB3A
330
1F
100
AcDbEntity
  8
SD983
100
AcDbHatch
 10
0.0
 20
0.0
 30
0.0
210
0.0
220
0.0
230
1.0
  2
ANSI31
 70
     0
 71
     1
 91
        1
 92
        1
 93
        1
 72
     2
 10
195644.5958041049
 20
493740.4526869222
 40
0.5
 50
0.0
 51
360.0
 73
     1
 97
        1
330
1EB39
 75
     0
 76
     1
 52
0.0
 41
1.0
 77
     0
 78
     1
 53
45.0
 43
1866.764548285107
 44
47108.11259499238
 45
-0.0883883476483185
 46
0.0883883476483185
 79
     0
 98
        1
 10
389368.3240853056
 20
47099.55493562121
1001
ACAD
1010
0.0
1020
0.0
1030
0.0
  0
LWPOLYLINE
  5
1EB3B
330
1F
100
AcDbEntity
  8
SD983
100
AcDbPolyline
 90
        5
 70
     0
 43
0.0
 10
195638.5352566255
 20
493739.9526869223
 10
195646.0958041049
 20
493739.9526869223
 10
195646.0958041049
 20
493740.9526869224
 10
195643.0958041049
 20
493740.9526869224
 10
195643.0958041049
 20
493739.9526869223
  0
HATCH
  5
1EB3C
330
1F
100
AcDbEntity
  8
SD983
100
AcDbHatch
 10
0.0
 20
0.0
 30
0.0
210
0.0
220
0.0
230
1.0
  2
ANSI31
 70
     0
 71
     1
 91
        1
 92
        1
 93
        1
 72
     2
 10
195645.5958041049
 20
493740.4526869222
 40
0.5
 50
0.0
 51
360.0
 73
     1
 97
        1
330
1EB3D
 75
     0
 76
     1
 52
0.0
 41
1.0
 77
     0
 78
     1
 53
45.0
 43
1866.764548285107
 44
47108.11259499238
 45
-0.0883883476483185
 46
0.0883883476483185
 79
     0
 98
        1
 10
389369.3240853057
 20
47099.55493562121
1001
ACAD
1010
0.0
1020
0.0
1030
0.0
  0
CIRCLE
  5
1EB3D
102
{ACAD_REACTORS
330
1EB3C
102
}
330
1F
100
AcDbEntity
  8
SD983
100
AcDbCircle
 10
195645.5958041049
 20
493740.4526869222
 30
0.0
 40
0.5
  0
HATCH
  5
1EB3E
330
1F
100
AcDbEntity
  8
SD983
100
AcDbHatch
 10
0.0
 20
0.0
 30
0.0
210
0.0
220
0.0
230
1.0
  2
ANSI31
 70
     0
 71
     1
 91
        1
 92
        1
 93
        1
 72
     2
 10
195643.5958041049
 20
493740.4526869222
 40
0.5
 50
0.0
 51
360.0
 73
     1
 97
        1
330
1EB3F
 75
     0
 76
     1
 52
0.0
 41
1.0
 77
     0
 78
     1
 53
45.0
 43
1866.764548285107
 44
47108.11259499238
 45
-0.0883883476483185
 46
0.0883883476483185
 79
     0
 98
        1
 10
389367.3240853057
 20
47099.55493562121
1001
ACAD
1010
0.0
1020
0.0
1030
0.0
  0
CIRCLE
  5
1EB3F
102
{ACAD_REACTORS
330
1EB3E
102
}
330
1F
100
AcDbEntity
  8
SD983
100
AcDbCircle
 10
195643.5958041049
 20
493740.4526869222
 30
0.0
 40
0.5
  0
CIRCLE
  5
1EB40
102
{ACAD_REACTORS
330
1EB41
102
}
330
1F
100
AcDbEntity
  8
SD983
100
AcDbCircle
 10
195644.5958041049
 20
493731.6976251606
 30
0.0
 40
0.5
  0
HATCH
  5
1EB41
330
1F
100
AcDbEntity
  8
SD983
100
AcDbHatch
 10
0.0
 20
0.0
 30
0.0
210
0.0
220
0.0
230
1.0
  2
ANSI31
 70
     0
 71
     1
 91
        1
 92
        1
 93
        1
 72
     2
 10
195644.5958041049
 20
493731.6976251606
 40
0.5
 50
0.0
 51
360.0
 73
     1
 97
        1
330
1EB40
 75
     0
 76
     1
 52
0.0
 41
1.0
 77
     0
 78
     1
 53
45.0
 43
1866.764548285107
 44
47109.31690984977
 45
-0.0883883476483185
 46
0.0883883476483185
 79
     0
 98
        1
 10
389368.3240853056
 20
47090.7998738595
1001
ACAD
1010
0.0
1020
0.0
1030
0.0
  0
LWPOLYLINE
  5
1EB42
330
1F
100
AcDbEntity
  8
SD983
100
AcDbPolyline
 90
        5
 70
     0
 43
0.0
 10
195638.5352566255
 20
493731.1976251606
 10
195646.0958041049
 20
493731.1976251606
 10
195646.0958041049
 20
493733.1976251606
 10
195644.0958041049
 20
493733.1976251606
 10
195644.0958041049
 20
493731.1976251606
  0
HATCH
  5
1EB43
330
1F
100
AcDbEntity
  8
SD983
100
AcDbHatch
 10
0.0
 20
0.0
 30
0.0
210
0.0
220
0.0
230
1.0
  2
ANSI31
 70
     0
 71
     1
 91
        1
 92
        1
 93
        1
 72
     2
 10
195645.5958041049
 20
493731.6976251606
 40
0.5
 50
0.0
 51
360.0
 73
     1
 97
        1
330
1EB44
 75
     0
 76
     1
 52
0.0
 41
1.0
 77
     0
 78
     1
 53
45.0
 43
1866.764548285107
 44
47109.31690984977
 45
-0.0883883476483185
 46
0.0883883476483185
 79
     0
 98
        1
 10
389369.3240853057
 20
47090.7998738595
1001
ACAD
1010
0.0
1020
0.0
1030
0.0
  0
CIRCLE
  5
1EB44
102
{ACAD_REACTORS
330
1EB43
102
}
330
1F
100
AcDbEntity
  8
SD983
100
AcDbCircle
 10
195645.5958041049
 20
493731.6976251606
 30
0.0
 40
0.5
  0
CIRCLE
  5
1EB45
102
{ACAD_REACTORS
330
1EB46
102
}
330
1F
100
AcDbEntity
  8
SD983
100
AcDbCircle
 10
195645.5958041049
 20
493732.6976251608
 30
0.0
 40
0.5
  0
HATCH
  5
1EB46
330
1F
100
AcDbEntity
  8
SD983
100
AcDbHatch
 10
0.0
 20
0.0
 30
0.0
210
0.0
220
0.0
230
1.0
  2
ANSI31
 70
     0
 71
     1
 91
        1
 92
        1
 93
        1
 72
     2
 10
195645.5958041049
 20
493732.6976251608
 40
0.5
 50
0.0
 51
360.0
 73
     1
 97
        1
330
1EB45
 75
     0
 76
     1
 52
0.0
 41
1.0
 77
     0
 78
     1
 53
45.0
 43
1866.764548285107
 44
47109.31690984977
 45
-0.0883883476483185
 46
0.0883883476483185
 79
     0
 98
        1
 10
389369.3240853057
 20
47091.7998738595
1001
ACAD
1010
0.0
1020
0.0
1030
0.0
  0
HATCH
  5
1EB47
330
1F
100
AcDbEntity
  8
SD983
100
AcDbHatch
 10
0.0
 20
0.0
 30
0.0
210
0.0
220
0.0
230
1.0
  2
ANSI31
 70
     0
 71
     1
 91
        1
 92
        1
 93
        1
 72
     2
 10
195644.5958041049
 20
493732.6976251608
 40
0.5
 50
0.0
 51
360.0
 73
     1
 97
        1
330
1EB48
 75
     0
 76
     1
 52
0.0
 41
1.0
 77
     0
 78
     1
 53
45.0
 43
1866.764548285107
 44
47109.31690984977
 45
-0.0883883476483185
 46
0.0883883476483185
 79
     0
 98
        1
 10
389368.3240853056
 20
47091.7998738595
1001
ACAD
1010
0.0
1020
0.0
1030
0.0
  0
CIRCLE
  5
1EB48
102
{ACAD_REACTORS
330
1EB47
102
}
330
1F
100
AcDbEntity
  8
SD983
100
AcDbCircle
 10
195644.5958041049
 20
493732.6976251608
 30
0.0
 40
0.5
  0
CIRCLE
  5
1EB49
102
{ACAD_REACTORS
330
1EB4A
102
}
330
1F
100
AcDbEntity
  8
SD983
100
AcDbCircle
 10
195644.5958041049
 20
493727.1943674318
 30
0.0
 40
0.5
  0
HATCH
  5
1EB4A
330
1F
100
AcDbEntity
  8
SD983
100
AcDbHatch
 10
0.0
 20
0.0
 30
0.0
210
0.0
220
0.0
230
1.0
  2
ANSI31
 70
     0
 71
     1
 91
        1
 92
        1
 93
        1
 72
     2
 10
195644.5958041049
 20
493727.1943674318
 40
0.5
 50
0.0
 51
360.0
 73
     1
 97
        1
330
1EB49
 75
     0
 76
     1
 52
0.0
 41
1.0
 77
     0
 78
     1
 53
45.0
 43
1866.764548285107
 44
47111.46130086311
 45
-0.0883883476483185
 46
0.0883883476483185
 79
     0
 98
        1
 10
389368.3240853056
 20
47086.2966161305
1001
ACAD
1010
0.0
1020
0.0
1030
0.0
  0
HATCH
  5
1EB4B
330
1F
100
AcDbEntity
  8
SD983
100
AcDbHatch
 10
0.0
 20
0.0
 30
0.0
210
0.0
220
0.0
230
1.0
  2
ANSI31
 70
     0
 71
     1
 91
        1
 92
        1
 93
        1
 72
     2
 10
195645.5958041049
 20
493727.1943674318
 40
0.5
 50
0.0
 51
360.0
 73
     1
 97
        1
330
1EB4C
 75
     0
 76
     1
 52
0.0
 41
1.0
 77
     0
 78
     1
 53
45.0
 43
1866.764548285107
 44
47111.46130086311
 45
-0.0883883476483185
 46
0.0883883476483185
 79
     0
 98
        1
 10
389369.3240853057
 20
47086.2966161305
1001
ACAD
1010
0.0
1020
0.0
1030
0.0
  0
CIRCLE
  5
1EB4C
102
{ACAD_REACTORS
330
1EB4B
102
}
330
1F
100
AcDbEntity
  8
SD983
100
AcDbCircle
 10
195645.5958041049
 20
493727.1943674318
 30
0.0
 40
0.5
  0
CIRCLE
  5
1EB4D
102
{ACAD_REACTORS
330
1EB4E
102
}
330
1F
100
AcDbEntity
  8
SD983
100
AcDbCircle
 10
195645.5958041049
 20
493726.1943674318
 30
0.0
 40
0.5
  0
HATCH
  5
1EB4E
330
1F
100
AcDbEntity
  8
SD983
100
AcDbHatch
 10
0.0
 20
0.0
 30
0.0
210
0.0
220
0.0
230
1.0
  2
ANSI31
 70
     0
 71
     1
 91
        1
 92
        1
 93
        1
 72
     2
 10
195645.5958041049
 20
493726.1943674318
 40
0.5
 50
0.0
 51
360.0
 73
     1
 97
        1
330
1EB4D
 75
     0
 76
     1
 52
0.0
 41
1.0
 77
     0
 78
     1
 53
45.0
 43
1866.764548285107
 44
47111.46130086311
 45
-0.0883883476483185
 46
0.0883883476483185
 79
     0
 98
        1
 10
389369.3240853057
 20
47085.2966161305
1001
ACAD
1010
0.0
1020
0.0
1030
0.0
  0
LWPOLYLINE
  5
1EB4F
330
1F
100
AcDbEntity
  8
SD983
100
AcDbPolyline
 90
        5
 70
     0
 43
0.0
 10
195638.5352566255
 20
493725.6943674317
 10
195646.0958041049
 20
493725.6943674317
 10
195646.0958041049
 20
493727.6943674318
 10
195643.0958041049
 20
493727.6943674318
 10
195643.0958041049
 20
493725.6943674317
  0
HATCH
  5
1EB50
330
1F
100
AcDbEntity
  8
SD983
100
AcDbHatch
 10
0.0
 20
0.0
 30
0.0
210
0.0
220
0.0
230
1.0
  2
ANSI31
 70
     0
 71
     1
 91
        1
 92
        1
 93
        1
 72
     2
 10
195644.5958041049
 20
493726.1943674318
 40
0.5
 50
0.0
 51
360.0
 73
     1
 97
        1
330
1EB51
 75
     0
 76
     1
 52
0.0
 41
1.0
 77
     0
 78
     1
 53
45.0
 43
1866.764548285107
 44
47111.46130086311
 45
-0.0883883476483185
 46
0.0883883476483185
 79
     0
 98
        1
 10
389368.3240853056
 20
47085.2966161305
1001
ACAD
1010
0.0
1020
0.0
1030
0.0
  0
CIRCLE
  5
1EB51
102
{ACAD_REACTORS
330
1EB50
102
}
330
1F
100
AcDbEntity
  8
SD983
100
AcDbCircle
 10
195644.5958041049
 20
493726.1943674318
 30
0.0
 40
0.5
  0
CIRCLE
  5
1EB52
102
{ACAD_REACTORS
330
1EB53
102
}
330
1F
100
AcDbEntity
  8
SD983
100
AcDbCircle
 10
195643.5958041049
 20
493726.1943674318
 30
0.0
 40
0.5
  0
HATCH
  5
1EB53
330
1F
100
AcDbEntity
  8
SD983
100
AcDbHatch
 10
0.0
 20
0.0
 30
0.0
210
0.0
220
0.0
230
1.0
  2
ANSI31
 70
     0
 71
     1
 91
        1
 92
        1
 93
        1
 72
     2
 10
195643.5958041049
 20
493726.1943674318
 40
0.5
 50
0.0
 51
360.0
 73
     1
 97
        1
330
1EB52
 75
     0
 76
     1
 52
0.0
 41
1.0
 77
     0
 78
     1
 53
45.0
 43
1866.764548285107
 44
47111.46130086311
 45
-0.0883883476483185
 46
0.0883883476483185
 79
     0
 98
        1
 10
389367.3240853057
 20
47085.2966161305
1001
ACAD
1010
0.0
1020
0.0
1030
0.0
  0
HATCH
  5
1EB54
330
1F
100
AcDbEntity
  8
SD983
100
AcDbHatch
 10
0.0
 20
0.0
 30
0.0
210
0.0
220
0.0
230
1.0
  2
ANSI31
 70
     0
 71
     1
 91
        1
 92
        1
 93
        1
 72
     2
 10
195643.5958041049
 20
493727.1943674318
 40
0.5
 50
0.0
 51
360.0
 73
     1
 97
        1
330
1EB55
 75
     0
 76
     1
 52
0.0
 41
1.0
 77
     0
 78
     1
 53
45.0
 43
1866.764548285107
 44
47111.46130086311
 45
-0.0883883476483185
 46
0.0883883476483185
 79
     0
 98
        1
 10
389367.3240853057
 20
47086.2966161305
1001
ACAD
1010
0.0
1020
0.0
1030
0.0
  0
CIRCLE
  5
1EB55
102
{ACAD_REACTORS
330
1EB54
102
}
330
1F
100
AcDbEntity
  8
SD983
100
AcDbCircle
 10
195643.5958041049
 20
493727.1943674318
 30
0.0
 40
0.5
  0
TEXT
  5
1EB56
330
1F
100
AcDbEntity
  8
SD983
100
AcDbText
 10
195642.0045416508
 20
493751.2287364913
 30
0.0
 40
3.0
  1
100
  7
GHS
100
AcDbText
  0
CIRCLE
  5
1EB57
102
{ACAD_REACTORS
330
1EB58
102
}
330
1F
100
AcDbEntity
  8
SD983
100
AcDbCircle
 10
195644.5958041049
 20
493736.571326125
 30
0.0
 40
0.5
  0
HATCH
  5
1EB58
330
1F
100
AcDbEntity
  8
SD983
100
AcDbHatch
 10
0.0
 20
0.0
 30
0.0
210
0.0
220
0.0
230
1.0
  2
ANSI31
 70
     0
 71
     1
 91
        1
 92
        1
 93
        1
 72
     2
 10
195644.5958041049
 20
493736.571326125
 40
0.5
 50
0.0
 51
360.0
 73
     1
 97
        1
330
1EB57
 75
     0
 76
     1
 52
0.0
 41
1.0
 77
     0
 78
     1
 53
45.0
 43
1866.764548285107
 44
47108.11259499238
 45
-0.0883883476483185
 46
0.0883883476483185
 79
     0
 98
        1
 10
389368.3240853056
 20
47095.67357482376
1001
ACAD
1010
0.0
1020
0.0
1030
0.0
  0
LWPOLYLINE
  5
1EB59
330
1F
100
AcDbEntity
  8
SD983
100
AcDbPolyline
 90
        5
 70
     0
 43
0.0
 10
195638.5352566255
 20
493736.071326125
 10
195646.0958041049
 20
493736.071326125
 10
195646.0958041049
 20
493737.0713261249
 10
195642.0958041048
 20
493737.0713261249
 10
195642.0958041048
 20
493736.071326125
  0
HATCH
  5
1EB5A
330
1F
100
AcDbEntity
  8
SD983
100
AcDbHatch
 10
0.0
 20
0.0
 30
0.0
210
0.0
220
0.0
230
1.0
  2
ANSI31
 70
     0
 71
     1
 91
        1
 92
        1
 93
        1
 72
     2
 10
195645.5958041049
 20
493736.571326125
 40
0.5
 50
0.0
 51
360.0
 73
     1
 97
        1
330
1EB5B
 75
     0
 76
     1
 52
0.0
 41
1.0
 77
     0
 78
     1
 53
45.0
 43
1866.764548285107
 44
47108.11259499238
 45
-0.0883883476483185
 46
0.0883883476483185
 79
     0
 98
        1
 10
389369.3240853057
 20
47095.67357482376
1001
ACAD
1010
0.0
1020
0.0
1030
0.0
  0
CIRCLE
  5
1EB5B
102
{ACAD_REACTORS
330
1EB5A
102
}
330
1F
100
AcDbEntity
  8
SD983
100
AcDbCircle
 10
195645.5958041049
 20
493736.571326125
 30
0.0
 40
0.5
  0
HATCH
  5
1EB5C
330
1F
100
AcDbEntity
  8
SD983
100
AcDbHatch
 10
0.0
 20
0.0
 30
0.0
210
0.0
220
0.0
230
1.0
  2
ANSI31
 70
     0
 71
     1
 91
        1
 92
        1
 93
        1
 72
     2
 10
195643.5958041049
 20
493736.571326125
 40
0.5
 50
0.0
 51
360.0
 73
     1
 97
        1
330
1EB5D
 75
     0
 76
     1
 52
0.0
 41
1.0
 77
     0
 78
     1
 53
45.0
 43
1866.764548285107
 44
47108.11259499238
 45
-0.0883883476483185
 46
0.0883883476483185
 79
     0
 98
        1
 10
389367.3240853057
 20
47095.67357482376
1001
ACAD
1010
0.0
1020
0.0
1030
0.0
  0
CIRCLE
  5
1EB5D
102
{ACAD_REACTORS
330
1EB5C
102
}
330
1F
100
AcDbEntity
  8
SD983
100
AcDbCircle
 10
195643.5958041049
 20
493736.571326125
 30
0.0
 40
0.5
  0
HATCH
  5
1EB5E
330
1F
100
AcDbEntity
  8
SD983
100
AcDbHatch
 10
0.0
 20
0.0
 30
0.0
210
0.0
220
0.0
230
1.0
  2
ANSI31
 70
     0
 71
     1
 91
        1
 92
        1
 93
        1
 72
     2
 10
195642.5958041049
 20
493736.571326125
 40
0.5
 50
0.0
 51
360.0
 73
     1
 97
        1
330
1EB5F
 75
     0
 76
     1
 52
0.0
 41
1.0
 77
     0
 78
     1
 53
45.0
 43
1866.764548285107
 44
47108.11259499238
 45
-0.0883883476483185
 46
0.0883883476483185
 79
     0
 98
        1
 10
389366.3240853057
 20
47095.67357482376
1001
ACAD
1010
0.0
1020
0.0
1030
0.0
  0
CIRCLE
  5
1EB5F
102
{ACAD_REACTORS
330
1EB5E
102
}
330
1F
100
AcDbEntity
  8
SD983
100
AcDbCircle
 10
195642.5958041049
 20
493736.571326125
 30
0.0
 40
0.5
  0
LWPOLYLINE
  5
1EB60
330
1F
100
AcDbEntity
  8
SD983
100
AcDbPolyline
 90
        5
 70
     0
 43
0.0
 10
195624.9068407415
 20
493749.4472595407
 10
195628.6871144812
 20
493749.4472595407
 10
195628.6871144812
 20
493749.9472595406
 10
195628.1871144812
 20
493749.9472595406
 10
195628.1871144812
 20
493749.4472595407
  0
HATCH
  5
1EB61
330
1F
100
AcDbEntity
  8
SD983
100
AcDbHatch
 10
0.0
 20
0.0
 30
0.0
210
0.0
220
0.0
230
1.0
  2
ANSI31
 70
     0
 71
     1
 91
        1
 92
        1
 93
        1
 72
     2
 10
195628.4371144812
 20
493749.6972595408
 40
0.25
 50
0.0
 51
360.0
 73
     1
 97
        1
330
1EB62
 75
     0
 76
     1
 52
0.0
 41
1.0
 77
     0
 78
     1
 53
45.0
 43
1881.561307288938
 44
47109.84444601589
 45
-0.0883883476483185
 46
0.0883883476483185
 79
     0
 98
        1
 10
292490.3012550816
 20
270429.2483838902
1001
ACAD
1010
0.0
1020
0.0
1030
0.0
  0
CIRCLE
  5
1EB62
102
{ACAD_REACTORS
330
1EB61
102
}
330
1F
100
AcDbEntity
  8
SD983
100
AcDbCircle
 10
195628.4371144812
 20
493749.6972595408
 30
0.0
 40
0.25
  0
CIRCLE
  5
1EB63
102
{ACAD_REACTORS
330
1EB64
102
}
330
1F
100
AcDbEntity
  8
SD983
100
AcDbCircle
 10
195628.4371144812
 20
493747.7604090585
 30
0.0
 40
0.25
  0
HATCH
  5
1EB64
330
1F
100
AcDbEntity
  8
SD983
100
AcDbHatch
 10
0.0
 20
0.0
 30
0.0
210
0.0
220
0.0
230
1.0
  2
ANSI31
 70
     0
 71
     1
 91
        1
 92
        1
 93
        1
 72
     2
 10
195628.4371144812
 20
493747.7604090585
 40
0.25
 50
0.0
 51
360.0
 73
     1
 97
        1
330
1EB63
 75
     0
 76
     1
 52
0.0
 41
1.0
 77
     0
 78
     1
 53
45.0
 43
1881.561307288938
 44
47110.316719449
 45
-0.0883883476483185
 46
0.0883883476483185
 79
     0
 98
        1
 10
292490.3012550816
 20
270427.3115334081
1001
ACAD
1010
0.0
1020
0.0
1030
0.0
  0
LWPOLYLINE
  5
1EB65
330
1F
100
AcDbEntity
  8
SD983
100
AcDbPolyline
 90
        5
 70
     0
 43
0.0
 10
195624.9068407415
 20
493747.5104090585
 10
195628.6871144812
 20
493747.5104090585
 10
195628.6871144812
 20
493748.0104090585
 10
195627.6871144812
 20
493748.0104090585
 10
195627.6871144812
 20
493747.5104090585
  0
HATCH
  5
1EB66
330
1F
100
AcDbEntity
  8
SD983
100
AcDbHatch
 10
0.0
 20
0.0
 30
0.0
210
0.0
220
0.0
230
1.0
  2
ANSI31
 70
     0
 71
     1
 91
        1
 92
        1
 93
        1
 72
     2
 10
195627.9371144812
 20
493747.7604090585
 40
0.25
 50
0.0
 51
360.0
 73
     1
 97
        1
330
1EB67
 75
     0
 76
     1
 52
0.0
 41
1.0
 77
     0
 78
     1
 53
45.0
 43
1881.561307288938
 44
47110.316719449
 45
-0.0883883476483185
 46
0.0883883476483185
 79
     0
 98
        1
 10
292489.8012550816
 20
270427.3115334081
1001
ACAD
1010
0.0
1020
0.0
1030
0.0
  0
CIRCLE
  5
1EB67
102
{ACAD_REACTORS
330
1EB66
102
}
330
1F
100
AcDbEntity
  8
SD983
100
AcDbCircle
 10
195627.9371144812
 20
493747.7604090585
 30
0.0
 40
0.25
  0
CIRCLE
  5
1EB68
102
{ACAD_REACTORS
330
1EB69
102
}
330
1F
100
AcDbEntity
  8
SD983
100
AcDbCircle
 10
195627.9371144812
 20
493745.8235585764
 30
0.0
 40
0.25
  0
HATCH
  5
1EB69
330
1F
100
AcDbEntity
  8
SD983
100
AcDbHatch
 10
0.0
 20
0.0
 30
0.0
210
0.0
220
0.0
230
1.0
  2
ANSI31
 70
     0
 71
     1
 91
        1
 92
        1
 93
        1
 72
     2
 10
195627.9371144812
 20
493745.8235585764
 40
0.25
 50
0.0
 51
360.0
 73
     1
 97
        1
330
1EB68
 75
     0
 76
     1
 52
0.0
 41
1.0
 77
     0
 78
     1
 53
45.0
 43
1881.561307288938
 44
47110.3205493656
 45
-0.0883883476483185
 46
0.0883883476483185
 79
     0
 98
        1
 10
292489.8012550816
 20
270425.3746829259
1001
ACAD
1010
0.0
1020
0.0
1030
0.0
  0
LWPOLYLINE
  5
1EB6A
330
1F
100
AcDbEntity
  8
SD983
100
AcDbPolyline
 90
        5
 70
     0
 43
0.0
 10
195624.9068407415
 20
493745.5735585764
 10
195628.6871144812
 20
493745.5735585764
 10
195628.6871144812
 20
493746.0735585763
 10
195627.1871144812
 20
493746.0735585763
 10
195627.1871144812
 20
493745.5735585764
  0
HATCH
  5
1EB6B
330
1F
100
AcDbEntity
  8
SD983
100
AcDbHatch
 10
0.0
 20
0.0
 30
0.0
210
0.0
220
0.0
230
1.0
  2
ANSI31
 70
     0
 71
     1
 91
        1
 92
        1
 93
        1
 72
     2
 10
195628.4371144812
 20
493745.8235585764
 40
0.25
 50
0.0
 51
360.0
 73
     1
 97
        1
330
1EB6C
 75
     0
 76
     1
 52
0.0
 41
1.0
 77
     0
 78
     1
 53
45.0
 43
1881.561307288938
 44
47110.3205493656
 45
-0.0883883476483185
 46
0.0883883476483185
 79
     0
 98
        1
 10
292490.3012550816
 20
270425.3746829259
1001
ACAD
1010
0.0
1020
0.0
1030
0.0
  0
CIRCLE
  5
1EB6C
102
{ACAD_REACTORS
330
1EB6B
102
}
330
1F
100
AcDbEntity
  8
SD983
100
AcDbCircle
 10
195628.4371144812
 20
493745.8235585764
 30
0.0
 40
0.25
  0
HATCH
  5
1EB6D
330
1F
100
AcDbEntity
  8
SD983
100
AcDbHatch
 10
0.0
 20
0.0
 30
0.0
210
0.0
220
0.0
230
1.0
  2
ANSI31
 70
     0
 71
     1
 91
        1
 92
        1
 93
        1
 72
     2
 10
195627.4371144812
 20
493745.8235585764
 40
0.25
 50
0.0
 51
360.0
 73
     1
 97
        1
330
1EB6E
 75
     0
 76
     1
 52
0.0
 41
1.0
 77
     0
 78
     1
 53
45.0
 43
1881.561307288938
 44
47110.3205493656
 45
-0.0883883476483185
 46
0.0883883476483185
 79
     0
 98
        1
 10
292489.3012550816
 20
270425.3746829259
1001
ACAD
1010
0.0
1020
0.0
1030
0.0
  0
CIRCLE
  5
1EB6E
102
{ACAD_REACTORS
330
1EB6D
102
}
330
1F
100
AcDbEntity
  8
SD983
100
AcDbCircle
 10
195627.4371144812
 20
493745.8235585764
 30
0.0
 40
0.25
  0
CIRCLE
  5
1EB6F
102
{ACAD_REACTORS
330
1EB70
102
}
330
1F
100
AcDbEntity
  8
SD983
100
AcDbCircle
 10
195627.9371144812
 20
493741.4498576121
 30
0.0
 40
0.25
  0
HATCH
  5
1EB70
330
1F
100
AcDbEntity
  8
SD983
100
AcDbHatch
 10
0.0
 20
0.0
 30
0.0
210
0.0
220
0.0
230
1.0
  2
ANSI31
 70
     0
 71
     1
 91
        1
 92
        1
 93
        1
 72
     2
 10
195627.9371144812
 20
493741.4498576121
 40
0.25
 50
0.0
 51
360.0
 73
     1
 97
        1
330
1EB6F
 75
     0
 76
     1
 52
0.0
 41
1.0
 77
     0
 78
     1
 53
45.0
 43
1881.561307288938
 44
47110.92653671086
 45
-0.0883883476483185
 46
0.0883883476483185
 79
     0
 98
        1
 10
292489.8012550816
 20
270421.0009819617
1001
ACAD
1010
0.0
1020
0.0
1030
0.0
  0
LWPOLYLINE
  5
1EB71
330
1F
100
AcDbEntity
  8
SD983
100
AcDbPolyline
 90
        5
 70
     0
 43
0.0
 10
195624.9068407415
 20
493741.1998576121
 10
195628.6871144812
 20
493741.1998576121
 10
195628.6871144812
 20
493742.199857612
 10
195627.6871144812
 20
493742.199857612
 10
195627.6871144812
 20
493741.1998576121
  0
HATCH
  5
1EB72
330
1F
100
AcDbEntity
  8
SD983
100
AcDbHatch
 10
0.0
 20
0.0
 30
0.0
210
0.0
220
0.0
230
1.0
  2
ANSI31
 70
     0
 71
     1
 91
        1
 92
        1
 93
        1
 72
     2
 10
195628.4371144812
 20
493741.4498576121
 40
0.25
 50
0.0
 51
360.0
 73
     1
 97
        1
330
1EB73
 75
     0
 76
     1
 52
0.0
 41
1.0
 77
     0
 78
     1
 53
45.0
 43
1881.561307288938
 44
47110.92653671086
 45
-0.0883883476483185
 46
0.0883883476483185
 79
     0
 98
        1
 10
292490.3012550816
 20
270421.0009819617
1001
ACAD
1010
0.0
1020
0.0
1030
0.0
  0
CIRCLE
  5
1EB73
102
{ACAD_REACTORS
330
1EB72
102
}
330
1F
100
AcDbEntity
  8
SD983
100
AcDbCircle
 10
195628.4371144812
 20
493741.4498576121
 30
0.0
 40
0.25
  0
CIRCLE
  5
1EB74
102
{ACAD_REACTORS
330
1EB75
102
}
330
1F
100
AcDbEntity
  8
SD983
100
AcDbCircle
 10
195628.4371144812
 20
493741.9498576121
 30
0.0
 40
0.25
  0
HATCH
  5
1EB75
330
1F
100
AcDbEntity
  8
SD983
100
AcDbHatch
 10
0.0
 20
0.0
 30
0.0
210
0.0
220
0.0
230
1.0
  2
ANSI31
 70
     0
 71
     1
 91
        1
 92
        1
 93
        1
 72
     2
 10
195628.4371144812
 20
493741.9498576121
 40
0.25
 50
0.0
 51
360.0
 73
     1
 97
        1
330
1EB74
 75
     0
 76
     1
 52
0.0
 41
1.0
 77
     0
 78
     1
 53
45.0
 43
1881.561307288938
 44
47110.92653671086
 45
-0.0883883476483185
 46
0.0883883476483185
 79
     0
 98
        1
 10
292490.3012550816
 20
270421.5009819618
1001
ACAD
1010
0.0
1020
0.0
1030
0.0
  0
HATCH
  5
1EB76
330
1F
100
AcDbEntity
  8
SD983
100
AcDbHatch
 10
0.0
 20
0.0
 30
0.0
210
0.0
220
0.0
230
1.0
  2
ANSI31
 70
     0
 71
     1
 91
        1
 92
        1
 93
        1
 72
     2
 10
195627.9371144812
 20
493741.9498576121
 40
0.25
 50
0.0
 51
360.0
 73
     1
 97
        1
330
1EB77
 75
     0
 76
     1
 52
0.0
 41
1.0
 77
     0
 78
     1
 53
45.0
 43
1881.561307288938
 44
47110.92653671086
 45
-0.0883883476483185
 46
0.0883883476483185
 79
     0
 98
        1
 10
292489.8012550816
 20
270421.5009819618
1001
ACAD
1010
0.0
1020
0.0
1030
0.0
  0
CIRCLE
  5
1EB77
102
{ACAD_REACTORS
330
1EB76
102
}
330
1F
100
AcDbEntity
  8
SD983
100
AcDbCircle
 10
195627.9371144812
 20
493741.9498576121
 30
0.0
 40
0.25
  0
CIRCLE
  5
1EB78
102
{ACAD_REACTORS
330
1EB79
102
}
330
1F
100
AcDbEntity
  8
SD983
100
AcDbCircle
 10
195627.9371144812
 20
493739.01300713
 30
0.0
 40
0.25
  0
HATCH
  5
1EB79
330
1F
100
AcDbEntity
  8
SD983
100
AcDbHatch
 10
0.0
 20
0.0
 30
0.0
210
0.0
220
0.0
230
1.0
  2
ANSI31
 70
     0
 71
     1
 91
        1
 92
        1
 93
        1
 72
     2
 10
195627.9371144812
 20
493739.01300713
 40
0.25
 50
0.0
 51
360.0
 73
     1
 97
        1
330
1EB78
 75
     0
 76
     1
 52
0.0
 41
1.0
 77
     0
 78
     1
 53
45.0
 43
1881.561307288938
 44
47111.81351059988
 45
-0.0883883476483185
 46
0.0883883476483185
 79
     0
 98
        1
 10
292489.8012550816
 20
270418.5641314796
1001
ACAD
1010
0.0
1020
0.0
1030
0.0
  0
HATCH
  5
1EB7A
330
1F
100
AcDbEntity
  8
SD983
100
AcDbHatch
 10
0.0
 20
0.0
 30
0.0
210
0.0
220
0.0
230
1.0
  2
ANSI31
 70
     0
 71
     1
 91
        1
 92
        1
 93
        1
 72
     2
 10
195628.4371144812
 20
493739.01300713
 40
0.25
 50
0.0
 51
360.0
 73
     1
 97
        1
330
1EB7B
 75
     0
 76
     1
 52
0.0
 41
1.0
 77
     0
 78
     1
 53
45.0
 43
1881.561307288938
 44
47111.81351059988
 45
-0.0883883476483185
 46
0.0883883476483185
 79
     0
 98
        1
 10
292490.3012550816
 20
270418.5641314796
1001
ACAD
1010
0.0
1020
0.0
1030
0.0
  0
CIRCLE
  5
1EB7B
102
{ACAD_REACTORS
330
1EB7A
102
}
330
1F
100
AcDbEntity
  8
SD983
100
AcDbCircle
 10
195628.4371144812
 20
493739.01300713
 30
0.0
 40
0.25
  0
CIRCLE
  5
1EB7C
102
{ACAD_REACTORS
330
1EB7D
102
}
330
1F
100
AcDbEntity
  8
SD983
100
AcDbCircle
 10
195628.4371144812
 20
493738.5130071301
 30
0.0
 40
0.25
  0
HATCH
  5
1EB7D
330
1F
100
AcDbEntity
  8
SD983
100
AcDbHatch
 10
0.0
 20
0.0
 30
0.0
210
0.0
220
0.0
230
1.0
  2
ANSI31
 70
     0
 71
     1
 91
        1
 92
        1
 93
        1
 72
     2
 10
195628.4371144812
 20
493738.5130071301
 40
0.25
 50
0.0
 51
360.0
 73
     1
 97
        1
330
1EB7C
 75
     0
 76
     1
 52
0.0
 41
1.0
 77
     0
 78
     1
 53
45.0
 43
1881.561307288938
 44
47111.81351059988
 45
-0.0883883476483185
 46
0.0883883476483185
 79
     0
 98
        1
 10
292490.3012550816
 20
270418.0641314796
1001
ACAD
1010
0.0
1020
0.0
1030
0.0
  0
LWPOLYLINE
  5
1EB7E
330
1F
100
AcDbEntity
  8
SD983
100
AcDbPolyline
 90
        5
 70
     0
 43
0.0
 10
195624.9068407415
 20
493738.2630071301
 10
195628.6871144812
 20
493738.2630071301
 10
195628.6871144812
 20
493739.26300713
 10
195627.1871144812
 20
493739.26300713
 10
195627.1871144812
 20
493738.2630071301
  0
HATCH
  5
1EB7F
330
1F
100
AcDbEntity
  8
SD983
100
AcDbHatch
 10
0.0
 20
0.0
 30
0.0
210
0.0
220
0.0
230
1.0
  2
ANSI31
 70
     0
 71
     1
 91
        1
 92
        1
 93
        1
 72
     2
 10
195627.9371144812
 20
493738.5130071301
 40
0.25
 50
0.0
 51
360.0
 73
     1
 97
        1
330
1EB80
 75
     0
 76
     1
 52
0.0
 41
1.0
 77
     0
 78
     1
 53
45.0
 43
1881.561307288938
 44
47111.81351059988
 45
-0.0883883476483185
 46
0.0883883476483185
 79
     0
 98
        1
 10
292489.8012550816
 20
270418.0641314796
1001
ACAD
1010
0.0
1020
0.0
1030
0.0
  0
CIRCLE
  5
1EB80
102
{ACAD_REACTORS
330
1EB7F
102
}
330
1F
100
AcDbEntity
  8
SD983
100
AcDbCircle
 10
195627.9371144812
 20
493738.5130071301
 30
0.0
 40
0.25
  0
CIRCLE
  5
1EB81
102
{ACAD_REACTORS
330
1EB82
102
}
330
1F
100
AcDbEntity
  8
SD983
100
AcDbCircle
 10
195627.4371144812
 20
493738.5130071301
 30
0.0
 40
0.25
  0
HATCH
  5
1EB82
330
1F
100
AcDbEntity
  8
SD983
100
AcDbHatch
 10
0.0
 20
0.0
 30
0.0
210
0.0
220
0.0
230
1.0
  2
ANSI31
 70
     0
 71
     1
 91
        1
 92
        1
 93
        1
 72
     2
 10
195627.4371144812
 20
493738.5130071301
 40
0.25
 50
0.0
 51
360.0
 73
     1
 97
        1
330
1EB81
 75
     0
 76
     1
 52
0.0
 41
1.0
 77
     0
 78
     1
 53
45.0
 43
1881.561307288938
 44
47111.81351059988
 45
-0.0883883476483185
 46
0.0883883476483185
 79
     0
 98
        1
 10
292489.3012550816
 20
270418.0641314796
1001
ACAD
1010
0.0
1020
0.0
1030
0.0
  0
HATCH
  5
1EB83
330
1F
100
AcDbEntity
  8
SD983
100
AcDbHatch
 10
0.0
 20
0.0
 30
0.0
210
0.0
220
0.0
230
1.0
  2
ANSI31
 70
     0
 71
     1
 91
        1
 92
        1
 93
        1
 72
     2
 10
195627.4371144812
 20
493739.01300713
 40
0.25
 50
0.0
 51
360.0
 73
     1
 97
        1
330
1EB84
 75
     0
 76
     1
 52
0.0
 41
1.0
 77
     0
 78
     1
 53
45.0
 43
1881.561307288938
 44
47111.81351059988
 45
-0.0883883476483185
 46
0.0883883476483185
 79
     0
 98
        1
 10
292489.3012550816
 20
270418.5641314796
1001
ACAD
1010
0.0
1020
0.0
1030
0.0
  0
CIRCLE
  5
1EB84
102
{ACAD_REACTORS
330
1EB83
102
}
330
1F
100
AcDbEntity
  8
SD983
100
AcDbCircle
 10
195627.4371144812
 20
493739.01300713
 30
0.0
 40
0.25
  0
TEXT
  5
1EB85
330
1F
100
AcDbEntity
  8
SD983
100
AcDbText
 10
195627.0019226898
 20
493752.9605875147
 30
0.0
 40
3.0
  1
50
  7
GHS
100
AcDbText
  0
CIRCLE
  5
1EB86
102
{ACAD_REACTORS
330
1EB87
102
}
330
1F
100
AcDbEntity
  8
SD983
100
AcDbCircle
 10
195627.9371144812
 20
493743.8867080942
 30
0.0
 40
0.25
  0
HATCH
  5
1EB87
330
1F
100
AcDbEntity
  8
SD983
100
AcDbHatch
 10
0.0
 20
0.0
 30
0.0
210
0.0
220
0.0
230
1.0
  2
ANSI31
 70
     0
 71
     1
 91
        1
 92
        1
 93
        1
 72
     2
 10
195627.9371144812
 20
493743.8867080942
 40
0.25
 50
0.0
 51
360.0
 73
     1
 97
        1
330
1EB86
 75
     0
 76
     1
 52
0.0
 41
1.0
 77
     0
 78
     1
 53
45.0
 43
1881.561307288938
 44
47110.32437928219
 45
-0.0883883476483185
 46
0.0883883476483185
 79
     0
 98
        1
 10
292489.8012550816
 20
270423.4378324438
1001
ACAD
1010
0.0
1020
0.0
1030
0.0
  0
LWPOLYLINE
  5
1EB88
330
1F
100
AcDbEntity
  8
SD983
100
AcDbPolyline
 90
        5
 70
     0
 43
0.0
 10
195624.9068407415
 20
493743.6367080942
 10
195628.6871144812
 20
493743.6367080942
 10
195628.6871144812
 20
493744.1367080943
 10
195626.6871144812
 20
493744.1367080943
 10
195626.6871144812
 20
493743.6367080942
  0
HATCH
  5
1EB89
330
1F
100
AcDbEntity
  8
SD983
100
AcDbHatch
 10
0.0
 20
0.0
 30
0.0
210
0.0
220
0.0
230
1.0
  2
ANSI31
 70
     0
 71
     1
 91
        1
 92
        1
 93
        1
 72
     2
 10
195628.4371144812
 20
493743.8867080942
 40
0.25
 50
0.0
 51
360.0
 73
     1
 97
        1
330
1EB8A
 75
     0
 76
     1
 52
0.0
 41
1.0
 77
     0
 78
     1
 53
45.0
 43
1881.561307288938
 44
47110.32437928219
 45
-0.0883883476483185
 46
0.0883883476483185
 79
     0
 98
        1
 10
292490.3012550816
 20
270423.4378324438
1001
ACAD
1010
0.0
1020
0.0
1030
0.0
  0
CIRCLE
  5
1EB8A
102
{ACAD_REACTORS
330
1EB89
102
}
330
1F
100
AcDbEntity
  8
SD983
100
AcDbCircle
 10
195628.4371144812
 20
493743.8867080942
 30
0.0
 40
0.25
  0
HATCH
  5
1EB8B
330
1F
100
AcDbEntity
  8
SD983
100
AcDbHatch
 10
0.0
 20
0.0
 30
0.0
210
0.0
220
0.0
230
1.0
  2
ANSI31
 70
     0
 71
     1
 91
        1
 92
        1
 93
        1
 72
     2
 10
195627.4371144812
 20
493743.8867080942
 40
0.25
 50
0.0
 51
360.0
 73
     1
 97
        1
330
1EB8C
 75
     0
 76
     1
 52
0.0
 41
1.0
 77
     0
 78
     1
 53
45.0
 43
1881.561307288938
 44
47110.32437928219
 45
-0.0883883476483185
 46
0.0883883476483185
 79
     0
 98
        1
 10
292489.3012550816
 20
270423.4378324438
1001
ACAD
1010
0.0
1020
0.0
1030
0.0
  0
CIRCLE
  5
1EB8C
102
{ACAD_REACTORS
330
1EB8B
102
}
330
1F
100
AcDbEntity
  8
SD983
100
AcDbCircle
 10
195627.4371144812
 20
493743.8867080942
 30
0.0
 40
0.25
  0
HATCH
  5
1EB8D
330
1F
100
AcDbEntity
  8
SD983
100
AcDbHatch
 10
0.0
 20
0.0
 30
0.0
210
0.0
220
0.0
230
1.0
  2
ANSI31
 70
     0
 71
     1
 91
        1
 92
        1
 93
        1
 72
     2
 10
195626.9371144812
 20
493743.8867080942
 40
0.25
 50
0.0
 51
360.0
 73
     1
 97
        1
330
1EB8E
 75
     0
 76
     1
 52
0.0
 41
1.0
 77
     0
 78
     1
 53
45.0
 43
1881.561307288938
 44
47110.32437928219
 45
-0.0883883476483185
 46
0.0883883476483185
 79
     0
 98
        1
 10
292488.8012550816
 20
270423.4378324438
1001
ACAD
1010
0.0
1020
0.0
1030
0.0
  0
CIRCLE
  5
1EB8E
102
{ACAD_REACTORS
330
1EB8D
102
}
330
1F
100
AcDbEntity
  8
SD983
100
AcDbCircle
 10
195626.9371144812
 20
493743.8867080942
 30
0.0
 40
0.25
  0
LWPOLYLINE
  5
1EB8F
330
1F
100
AcDbEntity
  8
SD983
100
AcDbPolyline
 90
        5
 70
     0
 43
0.0
 10
195638.5352566255
 20
493746.7785214842
 10
195646.0958041049
 20
493746.7785214842
 10
195646.0958041049
 20
493745.7785214842
 10
195645.0958041049
 20
493745.7785214842
 10
195645.0958041049
 20
493746.7785214842
  0
HATCH
  5
1EB90
330
1F
100
AcDbEntity
  8
SD983
100
AcDbHatch
 10
0.0
 20
0.0
 30
0.0
210
0.0
220
0.0
230
1.0
  2
ANSI31
 70
     0
 71
     1
 91
        1
 92
        1
 93
        1
 72
     2
 10
195645.5958041049
 20
493746.2785214843
 40
0.5
 50
0.0
 51
360.0
 73
     1
 97
        1
330
1EB91
 75
     0
 76
     1
 52
0.0
 41
1.0
 77
     0
 78
     1
 53
45.0
 43
-12709.51163246701
 44
3027.002352408366
 45
-0.0883883476483184
 46
0.0883883476483185
 79
     0
 98
        1
 10
389369.3240853057
 20
940387.1762727851
1001
ACAD
1010
0.0
1020
0.0
1030
0.0
  0
CIRCLE
  5
1EB91
102
{ACAD_REACTORS
330
1EB90
102
}
330
1F
100
AcDbEntity
  8
SD983
100
AcDbCircle
 10
195645.5958041049
 20
493746.2785214843
 30
0.0
 40
0.5
  0
CIRCLE
  5
1EB92
102
{ACAD_REACTORS
330
1EB93
102
}
330
1F
100
AcDbEntity
  8
SD983
100
AcDbCircle
 10
195645.5958041049
 20
493742.3971606867
 30
0.0
 40
0.5
  0
HATCH
  5
1EB93
330
1F
100
AcDbEntity
  8
SD983
100
AcDbHatch
 10
0.0
 20
0.0
 30
0.0
210
0.0
220
0.0
230
1.0
  2
ANSI31
 70
     0
 71
     1
 91
        1
 92
        1
 93
        1
 72
     2
 10
195645.5958041049
 20
493742.3971606867
 40
0.5
 50
0.0
 51
360.0
 73
     1
 97
        1
330
1EB92
 75
     0
 76
     1
 52
0.0
 41
1.0
 77
     0
 78
     1
 53
45.0
 43
-12709.51163246701
 44
3027.002352408366
 45
-0.0883883476483184
 46
0.0883883476483185
 79
     0
 98
        1
 10
389369.3240853057
 20
940383.2949119877
1001
ACAD
1010
0.0
1020
0.0
1030
0.0
  0
LWPOLYLINE
  5
1EB94
330
1F
100
AcDbEntity
  8
SD983
100
AcDbPolyline
 90
        5
 70
     0
 43
0.0
 10
195638.5352566255
 20
493742.8971606867
 10
195646.0958041049
 20
493742.8971606867
 10
195646.0958041049
 20
493741.8971606867
 10
195644.0958041049
 20
493741.8971606867
 10
195644.0958041049
 20
493742.8971606867
  0
HATCH
  5
1EB95
330
1F
100
AcDbEntity
  8
SD983
100
AcDbHatch
 10
0.0
 20
0.0
 30
0.0
210
0.0
220
0.0
230
1.0
  2
ANSI31
 70
     0
 71
     1
 91
        1
 92
        1
 93
        1
 72
     2
 10
195644.5958041049
 20
493742.3971606867
 40
0.5
 50
0.0
 51
360.0
 73
     1
 97
        1
330
1EB96
 75
     0
 76
     1
 52
0.0
 41
1.0
 77
     0
 78
     1
 53
45.0
 43
-12709.51163246701
 44
3027.002352408366
 45
-0.0883883476483184
 46
0.0883883476483185
 79
     0
 98
        1
 10
389368.3240853056
 20
940383.2949119877
1001
ACAD
1010
0.0
1020
0.0
1030
0.0
  0
CIRCLE
  5
1EB96
102
{ACAD_REACTORS
330
1EB95
102
}
330
1F
100
AcDbEntity
  8
SD983
100
AcDbCircle
 10
195644.5958041049
 20
493742.3971606867
 30
0.0
 40
0.5
  0
CIRCLE
  5
1EB97
102
{ACAD_REACTORS
330
1EB98
102
}
330
1F
100
AcDbEntity
  8
SD983
100
AcDbCircle
 10
195644.5958041049
 20
493738.5157998892
 30
0.0
 40
0.5
  0
HATCH
  5
1EB98
330
1F
100
AcDbEntity
  8
SD983
100
AcDbHatch
 10
0.0
 20
0.0
 30
0.0
210
0.0
220
0.0
230
1.0
  2
ANSI31
 70
     0
 71
     1
 91
        1
 92
        1
 93
        1
 72
     2
 10
195644.5958041049
 20
493738.5157998892
 40
0.5
 50
0.0
 51
360.0
 73
     1
 97
        1
330
1EB97
 75
     0
 76
     1
 52
0.0
 41
1.0
 77
     0
 78
     1
 53
45.0
 43
-12709.51163246701
 44
3027.002352408366
 45
-0.0883883476483184
 46
0.0883883476483185
 79
     0
 98
        1
 10
389368.3240853056
 20
940379.4135511907
1001
ACAD
1010
0.0
1020
0.0
1030
0.0
  0
LWPOLYLINE
  5
1EB99
330
1F
100
AcDbEntity
  8
SD983
100
AcDbPolyline
 90
        5
 70
     0
 43
0.0
 10
195638.5352566255
 20
493739.0157998893
 10
195646.0958041049
 20
493739.0157998893
 10
195646.0958041049
 20
493738.0157998893
 10
195643.0958041049
 20
493738.0157998893
 10
195643.0958041049
 20
493739.0157998893
  0
HATCH
  5
1EB9A
330
1F
100
AcDbEntity
  8
SD983
100
AcDbHatch
 10
0.0
 20
0.0
 30
0.0
210
0.0
220
0.0
230
1.0
  2
ANSI31
 70
     0
 71
     1
 91
        1
 92
        1
 93
        1
 72
     2
 10
195645.5958041049
 20
493738.5157998892
 40
0.5
 50
0.0
 51
360.0
 73
     1
 97
        1
330
1EB9B
 75
     0
 76
     1
 52
0.0
 41
1.0
 77
     0
 78
     1
 53
45.0
 43
-12709.51163246701
 44
3027.002352408366
 45
-0.0883883476483184
 46
0.0883883476483185
 79
     0
 98
        1
 10
389369.3240853057
 20
940379.4135511907
1001
ACAD
1010
0.0
1020
0.0
1030
0.0
  0
CIRCLE
  5
1EB9B
102
{ACAD_REACTORS
330
1EB9A
102
}
330
1F
100
AcDbEntity
  8
SD983
100
AcDbCircle
 10
195645.5958041049
 20
493738.5157998892
 30
0.0
 40
0.5
  0
HATCH
  5
1EB9C
330
1F
100
AcDbEntity
  8
SD983
100
AcDbHatch
 10
0.0
 20
0.0
 30
0.0
210
0.0
220
0.0
230
1.0
  2
ANSI31
 70
     0
 71
     1
 91
        1
 92
        1
 93
        1
 72
     2
 10
195643.5958041049
 20
493738.5157998892
 40
0.5
 50
0.0
 51
360.0
 73
     1
 97
        1
330
1EB9D
 75
     0
 76
     1
 52
0.0
 41
1.0
 77
     0
 78
     1
 53
45.0
 43
-12709.51163246701
 44
3027.002352408366
 45
-0.0883883476483184
 46
0.0883883476483185
 79
     0
 98
        1
 10
389367.3240853057
 20
940379.4135511907
1001
ACAD
1010
0.0
1020
0.0
1030
0.0
  0
CIRCLE
  5
1EB9D
102
{ACAD_REACTORS
330
1EB9C
102
}
330
1F
100
AcDbEntity
  8
SD983
100
AcDbCircle
 10
195643.5958041049
 20
493738.5157998892
 30
0.0
 40
0.5
  0
CIRCLE
  5
1EB9E
102
{ACAD_REACTORS
330
1EB9F
102
}
330
1F
100
AcDbEntity
  8
SD983
100
AcDbCircle
 10
195644.5958041049
 20
493734.634439092
 30
0.0
 40
0.5
  0
HATCH
  5
1EB9F
330
1F
100
AcDbEntity
  8
SD983
100
AcDbHatch
 10
0.0
 20
0.0
 30
0.0
210
0.0
220
0.0
230
1.0
  2
ANSI31
 70
     0
 71
     1
 91
        1
 92
        1
 93
        1
 72
     2
 10
195644.5958041049
 20
493734.634439092
 40
0.5
 50
0.0
 51
360.0
 73
     1
 97
        1
330
1EB9E
 75
     0
 76
     1
 52
0.0
 41
1.0
 77
     0
 78
     1
 53
45.0
 43
-12709.51163246701
 44
3027.002352408366
 45
-0.0883883476483184
 46
0.0883883476483185
 79
     0
 98
        1
 10
389368.3240853056
 20
940375.5321903927
1001
ACAD
1010
0.0
1020
0.0
1030
0.0
  0
LWPOLYLINE
  5
1EBA0
330
1F
100
AcDbEntity
  8
SD983
100
AcDbPolyline
 90
        5
 70
     0
 43
0.0
 10
195638.5352566255
 20
493735.1344390918
 10
195646.0958041049
 20
493735.1344390918
 10
195646.0958041049
 20
493734.1344390919
 10
195642.0958041048
 20
493734.1344390919
 10
195642.0958041048
 20
493735.1344390918
  0
HATCH
  5
1EBA1
330
1F
100
AcDbEntity
  8
SD983
100
AcDbHatch
 10
0.0
 20
0.0
 30
0.0
210
0.0
220
0.0
230
1.0
  2
ANSI31
 70
     0
 71
     1
 91
        1
 92
        1
 93
        1
 72
     2
 10
195645.5958041049
 20
493734.634439092
 40
0.5
 50
0.0
 51
360.0
 73
     1
 97
        1
330
1EBA2
 75
     0
 76
     1
 52
0.0
 41
1.0
 77
     0
 78
     1
 53
45.0
 43
-12709.51163246701
 44
3027.002352408366
 45
-0.0883883476483184
 46
0.0883883476483185
 79
     0
 98
        1
 10
389369.3240853057
 20
940375.5321903927
1001
ACAD
1010
0.0
1020
0.0
1030
0.0
  0
CIRCLE
  5
1EBA2
102
{ACAD_REACTORS
330
1EBA1
102
}
330
1F
100
AcDbEntity
  8
SD983
100
AcDbCircle
 10
195645.5958041049
 20
493734.634439092
 30
0.0
 40
0.5
  0
HATCH
  5
1EBA3
330
1F
100
AcDbEntity
  8
SD983
100
AcDbHatch
 10
0.0
 20
0.0
 30
0.0
210
0.0
220
0.0
230
1.0
  2
ANSI31
 70
     0
 71
     1
 91
        1
 92
        1
 93
        1
 72
     2
 10
195643.5958041049
 20
493734.634439092
 40
0.5
 50
0.0
 51
360.0
 73
     1
 97
        1
330
1EBA4
 75
     0
 76
     1
 52
0.0
 41
1.0
 77
     0
 78
     1
 53
45.0
 43
-12709.51163246701
 44
3027.002352408366
 45
-0.0883883476483184
 46
0.0883883476483185
 79
     0
 98
        1
 10
389367.3240853057
 20
940375.5321903927
1001
ACAD
1010
0.0
1020
0.0
1030
0.0
  0
CIRCLE
  5
1EBA4
102
{ACAD_REACTORS
330
1EBA3
102
}
330
1F
100
AcDbEntity
  8
SD983
100
AcDbCircle
 10
195643.5958041049
 20
493734.634439092
 30
0.0
 40
0.5
  0
HATCH
  5
1EBA5
330
1F
100
AcDbEntity
  8
SD983
100
AcDbHatch
 10
0.0
 20
0.0
 30
0.0
210
0.0
220
0.0
230
1.0
  2
ANSI31
 70
     0
 71
     1
 91
        1
 92
        1
 93
        1
 72
     2
 10
195642.5958041049
 20
493734.634439092
 40
0.5
 50
0.0
 51
360.0
 73
     1
 97
        1
330
1EBA6
 75
     0
 76
     1
 52
0.0
 41
1.0
 77
     0
 78
     1
 53
45.0
 43
-12709.51163246701
 44
3027.002352408366
 45
-0.0883883476483184
 46
0.0883883476483185
 79
     0
 98
        1
 10
389366.3240853057
 20
940375.5321903927
1001
ACAD
1010
0.0
1020
0.0
1030
0.0
  0
CIRCLE
  5
1EBA6
102
{ACAD_REACTORS
330
1EBA5
102
}
330
1F
100
AcDbEntity
  8
SD983
100
AcDbCircle
 10
195642.5958041049
 20
493734.634439092
 30
0.0
 40
0.5
  0
CIRCLE
  5
1EBA7
102
{ACAD_REACTORS
330
1EBA8
102
}
330
1F
100
AcDbEntity
  8
SD983
100
AcDbCircle
 10
195644.5958041049
 20
493729.7607381275
 30
0.0
 40
0.5
  0
HATCH
  5
1EBA8
330
1F
100
AcDbEntity
  8
SD983
100
AcDbHatch
 10
0.0
 20
0.0
 30
0.0
210
0.0
220
0.0
230
1.0
  2
ANSI31
 70
     0
 71
     1
 91
        1
 92
        1
 93
        1
 72
     2
 10
195644.5958041049
 20
493729.7607381275
 40
0.5
 50
0.0
 51
360.0
 73
     1
 97
        1
330
1EBA7
 75
     0
 76
     1
 52
0.0
 41
1.0
 77
     0
 78
     1
 53
45.0
 43
-12709.51163246701
 44
3027.002352408366
 45
-0.0883883476483184
 46
0.0883883476483185
 79
     0
 98
        1
 10
389368.3240853056
 20
940370.6584894285
1001
ACAD
1010
0.0
1020
0.0
1030
0.0
  0
LWPOLYLINE
  5
1EBA9
330
1F
100
AcDbEntity
  8
SD983
100
AcDbPolyline
 90
        5
 70
     0
 43
0.0
 10
195638.5352566255
 20
493730.2607381276
 10
195646.0958041049
 20
493730.2607381276
 10
195646.0958041049
 20
493728.2607381276
 10
195644.0958041049
 20
493728.2607381276
 10
195644.0958041049
 20
493730.2607381276
  0
HATCH
  5
1EBAA
330
1F
100
AcDbEntity
  8
SD983
100
AcDbHatch
 10
0.0
 20
0.0
 30
0.0
210
0.0
220
0.0
230
1.0
  2
ANSI31
 70
     0
 71
     1
 91
        1
 92
        1
 93
        1
 72
     2
 10
195645.5958041049
 20
493729.7607381275
 40
0.5
 50
0.0
 51
360.0
 73
     1
 97
        1
330
1EBAB
 75
     0
 76
     1
 52
0.0
 41
1.0
 77
     0
 78
     1
 53
45.0
 43
-12709.51163246701
 44
3027.002352408366
 45
-0.0883883476483184
 46
0.0883883476483185
 79
     0
 98
        1
 10
389369.3240853057
 20
940370.6584894285
1001
ACAD
1010
0.0
1020
0.0
1030
0.0
  0
CIRCLE
  5
1EBAB
102
{ACAD_REACTORS
330
1EBAA
102
}
330
1F
100
AcDbEntity
  8
SD983
100
AcDbCircle
 10
195645.5958041049
 20
493729.7607381275
 30
0.0
 40
0.5
  0
CIRCLE
  5
1EBAC
102
{ACAD_REACTORS
330
1EBAD
102
}
330
1F
100
AcDbEntity
  8
SD983
100
AcDbCircle
 10
195645.5958041049
 20
493728.7607381276
 30
0.0
 40
0.5
  0
HATCH
  5
1EBAD
330
1F
100
AcDbEntity
  8
SD983
100
AcDbHatch
 10
0.0
 20
0.0
 30
0.0
210
0.0
220
0.0
230
1.0
  2
ANSI31
 70
     0
 71
     1
 91
        1
 92
        1
 93
        1
 72
     2
 10
195645.5958041049
 20
493728.7607381276
 40
0.5
 50
0.0
 51
360.0
 73
     1
 97
        1
330
1EBAC
 75
     0
 76
     1
 52
0.0
 41
1.0
 77
     0
 78
     1
 53
45.0
 43
-12709.51163246701
 44
3027.002352408366
 45
-0.0883883476483184
 46
0.0883883476483185
 79
     0
 98
        1
 10
389369.3240853057
 20
940369.6584894285
1001
ACAD
1010
0.0
1020
0.0
1030
0.0
  0
HATCH
  5
1EBAE
330
1F
100
AcDbEntity
  8
SD983
100
AcDbHatch
 10
0.0
 20
0.0
 30
0.0
210
0.0
220
0.0
230
1.0
  2
ANSI31
 70
     0
 71
     1
 91
        1
 92
        1
 93
        1
 72
     2
 10
195644.5958041049
 20
493728.7607381276
 40
0.5
 50
0.0
 51
360.0
 73
     1
 97
        1
330
1EBAF
 75
     0
 76
     1
 52
0.0
 41
1.0
 77
     0
 78
     1
 53
45.0
 43
-12709.51163246701
 44
3027.002352408366
 45
-0.0883883476483184
 46
0.0883883476483185
 79
     0
 98
        1
 10
389368.3240853056
 20
940369.6584894285
1001
ACAD
1010
0.0
1020
0.0
1030
0.0
  0
CIRCLE
  5
1EBAF
102
{ACAD_REACTORS
330
1EBAE
102
}
330
1F
100
AcDbEntity
  8
SD983
100
AcDbCircle
 10
195644.5958041049
 20
493728.7607381276
 30
0.0
 40
0.5
  0
CIRCLE
  5
1EBB0
102
{ACAD_REACTORS
330
1EBB1
102
}
330
1F
100
AcDbEntity
  8
SD983
100
AcDbCircle
 10
195644.5958041049
 20
493723.2574803987
 30
0.0
 40
0.5
  0
HATCH
  5
1EBB1
330
1F
100
AcDbEntity
  8
SD983
100
AcDbHatch
 10
0.0
 20
0.0
 30
0.0
210
0.0
220
0.0
230
1.0
  2
ANSI31
 70
     0
 71
     1
 91
        1
 92
        1
 93
        1
 72
     2
 10
195644.5958041049
 20
493723.2574803987
 40
0.5
 50
0.0
 51
360.0
 73
     1
 97
        1
330
1EBB0
 75
     0
 76
     1
 52
0.0
 41
1.0
 77
     0
 78
     1
 53
45.0
 43
-12709.51163246701
 44
3027.002352408366
 45
-0.0883883476483184
 46
0.0883883476483185
 79
     0
 98
        1
 10
389368.3240853056
 20
940364.1552316996
1001
ACAD
1010
0.0
1020
0.0
1030
0.0
  0
HATCH
  5
1EBB2
330
1F
100
AcDbEntity
  8
SD983
100
AcDbHatch
 10
0.0
 20
0.0
 30
0.0
210
0.0
220
0.0
230
1.0
  2
ANSI31
 70
     0
 71
     1
 91
        1
 92
        1
 93
        1
 72
     2
 10
195645.5958041049
 20
493723.2574803987
 40
0.5
 50
0.0
 51
360.0
 73
     1
 97
        1
330
1EBB3
 75
     0
 76
     1
 52
0.0
 41
1.0
 77
     0
 78
     1
 53
45.0
 43
-12709.51163246701
 44
3027.002352408366
 45
-0.0883883476483184
 46
0.0883883476483185
 79
     0
 98
        1
 10
389369.3240853057
 20
940364.1552316996
1001
ACAD
1010
0.0
1020
0.0
1030
0.0
  0
CIRCLE
  5
1EBB3
102
{ACAD_REACTORS
330
1EBB2
102
}
330
1F
100
AcDbEntity
  8
SD983
100
AcDbCircle
 10
195645.5958041049
 20
493723.2574803987
 30
0.0
 40
0.5
  0
CIRCLE
  5
1EBB4
102
{ACAD_REACTORS
330
1EBB5
102
}
330
1F
100
AcDbEntity
  8
SD983
100
AcDbCircle
 10
195645.5958041049
 20
493724.2574803987
 30
0.0
 40
0.5
  0
HATCH
  5
1EBB5
330
1F
100
AcDbEntity
  8
SD983
100
AcDbHatch
 10
0.0
 20
0.0
 30
0.0
210
0.0
220
0.0
230
1.0
  2
ANSI31
 70
     0
 71
     1
 91
        1
 92
        1
 93
        1
 72
     2
 10
195645.5958041049
 20
493724.2574803987
 40
0.5
 50
0.0
 51
360.0
 73
     1
 97
        1
330
1EBB4
 75
     0
 76
     1
 52
0.0
 41
1.0
 77
     0
 78
     1
 53
45.0
 43
-12709.51163246701
 44
3027.002352408366
 45
-0.0883883476483184
 46
0.0883883476483185
 79
     0
 98
        1
 10
389369.3240853057
 20
940365.1552316997
1001
ACAD
1010
0.0
1020
0.0
1030
0.0
  0
LWPOLYLINE
  5
1EBB6
330
1F
100
AcDbEntity
  8
SD983
100
AcDbPolyline
 90
        5
 70
     0
 43
0.0
 10
195638.5352566255
 20
493724.7574803987
 10
195646.0958041049
 20
493724.7574803987
 10
195646.0958041049
 20
493722.7574803987
 10
195643.0958041049
 20
493722.7574803987
 10
195643.0958041049
 20
493724.7574803987
  0
HATCH
  5
1EBB7
330
1F
100
AcDbEntity
  8
SD983
100
AcDbHatch
 10
0.0
 20
0.0
 30
0.0
210
0.0
220
0.0
230
1.0
  2
ANSI31
 70
     0
 71
     1
 91
        1
 92
        1
 93
        1
 72
     2
 10
195644.5958041049
 20
493724.2574803987
 40
0.5
 50
0.0
 51
360.0
 73
     1
 97
        1
330
1EBB8
 75
     0
 76
     1
 52
0.0
 41
1.0
 77
     0
 78
     1
 53
45.0
 43
-12709.51163246701
 44
3027.002352408366
 45
-0.0883883476483184
 46
0.0883883476483185
 79
     0
 98
        1
 10
389368.3240853056
 20
940365.1552316997
1001
ACAD
1010
0.0
1020
0.0
1030
0.0
  0
CIRCLE
  5
1EBB8
102
{ACAD_REACTORS
330
1EBB7
102
}
330
1F
100
AcDbEntity
  8
SD983
100
AcDbCircle
 10
195644.5958041049
 20
493724.2574803987
 30
0.0
 40
0.5
  0
CIRCLE
  5
1EBB9
102
{ACAD_REACTORS
330
1EBBA
102
}
330
1F
100
AcDbEntity
  8
SD983
100
AcDbCircle
 10
195643.5958041049
 20
493724.2574803987
 30
0.0
 40
0.5
  0
HATCH
  5
1EBBA
330
1F
100
AcDbEntity
  8
SD983
100
AcDbHatch
 10
0.0
 20
0.0
 30
0.0
210
0.0
220
0.0
230
1.0
  2
ANSI31
 70
     0
 71
     1
 91
        1
 92
        1
 93
        1
 72
     2
 10
195643.5958041049
 20
493724.2574803987
 40
0.5
 50
0.0
 51
360.0
 73
     1
 97
        1
330
1EBB9
 75
     0
 76
     1
 52
0.0
 41
1.0
 77
     0
 78
     1
 53
45.0
 43
-12709.51163246701
 44
3027.002352408366
 45
-0.0883883476483184
 46
0.0883883476483185
 79
     0
 98
        1
 10
389367.3240853057
 20
940365.1552316997
1001
ACAD
1010
0.0
1020
0.0
1030
0.0
  0
HATCH
  5
1EBBB
330
1F
100
AcDbEntity
  8
SD983
100
AcDbHatch
 10
0.0
 20
0.0
 30
0.0
210
0.0
220
0.0
230
1.0
  2
ANSI31
 70
     0
 71
     1
 91
        1
 92
        1
 93
        1
 72
     2
 10
195643.5958041049
 20
493723.2574803987
 40
0.5
 50
0.0
 51
360.0
 73
     1
 97
        1
330
1EBBC
 75
     0
 76
     1
 52
0.0
 41
1.0
 77
     0
 78
     1
 53
45.0
 43
-12709.51163246701
 44
3027.002352408366
 45
-0.0883883476483184
 46
0.0883883476483185
 79
     0
 98
        1
 10
389367.3240853057
 20
940364.1552316996
1001
ACAD
1010
0.0
1020
0.0
1030
0.0
  0
CIRCLE
  5
1EBBC
102
{ACAD_REACTORS
330
1EBBB
102
}
330
1F
100
AcDbEntity
  8
SD983
100
AcDbCircle
 10
195643.5958041049
 20
493723.2574803987
 30
0.0
 40
0.5
  0
LWPOLYLINE
  5
1EBBD
330
1F
100
AcDbEntity
  8
SD983
100
AcDbPolyline
 90
        5
 70
     0
 43
0.0
 10
195654.536210917
 20
493747.7154085172
 10
195646.9756634376
 20
493747.7154085172
 10
195646.9756634376
 20
493748.7154085172
 10
195647.9756634375
 20
493748.7154085172
 10
195647.9756634375
 20
493747.7154085172
  0
HATCH
  5
1EBBE
330
1F
100
AcDbEntity
  8
SD983
100
AcDbHatch
 10
0.0
 20
0.0
 30
0.0
210
0.0
220
0.0
230
1.0
  2
ANSI31
 70
     0
 71
     1
 91
        1
 92
        1
 93
        1
 72
     2
 10
195647.4756634376
 20
493748.2154085174
 40
0.5
 50
0.0
 51
360.0
 73
     1
 97
        1
330
1EBBF
 75
     0
 76
     1
 52
0.0
 41
1.0
 77
     0
 78
     1
 53
45.0
 43
-12709.51163246701
 44
3027.002352408366
 45
-0.0883883476483184
 46
0.0883883476483185
 79
     0
 98
        1
 10
1923.747382236818
 20
47107.3176572161
1001
ACAD
1010
0.0
1020
0.0
1030
0.0
  0
CIRCLE
  5
1EBBF
102
{ACAD_REACTORS
330
1EBBE
102
}
330
1F
100
AcDbEntity
  8
SD983
100
AcDbCircle
 10
195647.4756634376
 20
493748.2154085174
 30
0.0
 40
0.5
  0
CIRCLE
  5
1EBC0
102
{ACAD_REACTORS
330
1EBC1
102
}
330
1F
100
AcDbEntity
  8
SD983
100
AcDbCircle
 10
195647.4756634376
 20
493744.3340477198
 30
0.0
 40
0.5
  0
HATCH
  5
1EBC1
330
1F
100
AcDbEntity
  8
SD983
100
AcDbHatch
 10
0.0
 20
0.0
 30
0.0
210
0.0
220
0.0
230
1.0
  2
ANSI31
 70
     0
 71
     1
 91
        1
 92
        1
 93
        1
 72
     2
 10
195647.4756634376
 20
493744.3340477198
 40
0.5
 50
0.0
 51
360.0
 73
     1
 97
        1
330
1EBC0
 75
     0
 76
     1
 52
0.0
 41
1.0
 77
     0
 78
     1
 53
45.0
 43
-12709.51163246701
 44
3027.002352408366
 45
-0.0883883476483184
 46
0.0883883476483185
 79
     0
 98
        1
 10
1923.747382236818
 20
47103.43629641865
1001
ACAD
1010
0.0
1020
0.0
1030
0.0
  0
LWPOLYLINE
  5
1EBC2
330
1F
100
AcDbEntity
  8
SD983
100
AcDbPolyline
 90
        5
 70
     0
 43
0.0
 10
195654.536210917
 20
493743.8340477198
 10
195646.9756634376
 20
493743.8340477198
 10
195646.9756634376
 20
493744.8340477198
 10
195648.9756634375
 20
493744.8340477198
 10
195648.9756634375
 20
493743.8340477198
  0
HATCH
  5
1EBC3
330
1F
100
AcDbEntity
  8
SD983
100
AcDbHatch
 10
0.0
 20
0.0
 30
0.0
210
0.0
220
0.0
230
1.0
  2
ANSI31
 70
     0
 71
     1
 91
        1
 92
        1
 93
        1
 72
     2
 10
195648.4756634376
 20
493744.3340477198
 40
0.5
 50
0.0
 51
360.0
 73
     1
 97
        1
330
1EBC4
 75
     0
 76
     1
 52
0.0
 41
1.0
 77
     0
 78
     1
 53
45.0
 43
-12709.51163246701
 44
3027.002352408366
 45
-0.0883883476483184
 46
0.0883883476483185
 79
     0
 98
        1
 10
1924.747382236819
 20
47103.43629641865
1001
ACAD
1010
0.0
1020
0.0
1030
0.0
  0
CIRCLE
  5
1EBC4
102
{ACAD_REACTORS
330
1EBC3
102
}
330
1F
100
AcDbEntity
  8
SD983
100
AcDbCircle
 10
195648.4756634376
 20
493744.3340477198
 30
0.0
 40
0.5
  0
CIRCLE
  5
1EBC5
102
{ACAD_REACTORS
330
1EBC6
102
}
330
1F
100
AcDbEntity
  8
SD983
100
AcDbCircle
 10
195648.4756634376
 20
493740.4526869222
 30
0.0
 40
0.5
  0
HATCH
  5
1EBC6
330
1F
100
AcDbEntity
  8
SD983
100
AcDbHatch
 10
0.0
 20
0.0
 30
0.0
210
0.0
220
0.0
230
1.0
  2
ANSI31
 70
     0
 71
     1
 91
        1
 92
        1
 93
        1
 72
     2
 10
195648.4756634376
 20
493740.4526869222
 40
0.5
 50
0.0
 51
360.0
 73
     1
 97
        1
330
1EBC5
 75
     0
 76
     1
 52
0.0
 41
1.0
 77
     0
 78
     1
 53
45.0
 43
-12709.51163246701
 44
3027.002352408366
 45
-0.0883883476483184
 46
0.0883883476483185
 79
     0
 98
        1
 10
1924.747382236819
 20
47099.55493562121
1001
ACAD
1010
0.0
1020
0.0
1030
0.0
  0
LWPOLYLINE
  5
1EBC7
330
1F
100
AcDbEntity
  8
SD983
100
AcDbPolyline
 90
        5
 70
     0
 43
0.0
 10
195654.536210917
 20
493739.9526869223
 10
195646.9756634376
 20
493739.9526869223
 10
195646.9756634376
 20
493740.9526869224
 10
195649.9756634375
 20
493740.9526869224
 10
195649.9756634375
 20
493739.9526869223
  0
HATCH
  5
1EBC8
330
1F
100
AcDbEntity
  8
SD983
100
AcDbHatch
 10
0.0
 20
0.0
 30
0.0
210
0.0
220
0.0
230
1.0
  2
ANSI31
 70
     0
 71
     1
 91
        1
 92
        1
 93
        1
 72
     2
 10
195647.4756634376
 20
493740.4526869222
 40
0.5
 50
0.0
 51
360.0
 73
     1
 97
        1
330
1EBC9
 75
     0
 76
     1
 52
0.0
 41
1.0
 77
     0
 78
     1
 53
45.0
 43
-12709.51163246701
 44
3027.002352408366
 45
-0.0883883476483184
 46
0.0883883476483185
 79
     0
 98
        1
 10
1923.747382236818
 20
47099.55493562121
1001
ACAD
1010
0.0
1020
0.0
1030
0.0
  0
CIRCLE
  5
1EBC9
102
{ACAD_REACTORS
330
1EBC8
102
}
330
1F
100
AcDbEntity
  8
SD983
100
AcDbCircle
 10
195647.4756634376
 20
493740.4526869222
 30
0.0
 40
0.5
  0
HATCH
  5
1EBCA
330
1F
100
AcDbEntity
  8
SD983
100
AcDbHatch
 10
0.0
 20
0.0
 30
0.0
210
0.0
220
0.0
230
1.0
  2
ANSI31
 70
     0
 71
     1
 91
        1
 92
        1
 93
        1
 72
     2
 10
195649.4756634375
 20
493740.4526869222
 40
0.5
 50
0.0
 51
360.0
 73
     1
 97
        1
330
1EBCB
 75
     0
 76
     1
 52
0.0
 41
1.0
 77
     0
 78
     1
 53
45.0
 43
-12709.51163246701
 44
3027.002352408366
 45
-0.0883883476483184
 46
0.0883883476483185
 79
     0
 98
        1
 10
1925.747382236819
 20
47099.55493562121
1001
ACAD
1010
0.0
1020
0.0
1030
0.0
  0
CIRCLE
  5
1EBCB
102
{ACAD_REACTORS
330
1EBCA
102
}
330
1F
100
AcDbEntity
  8
SD983
100
AcDbCircle
 10
195649.4756634375
 20
493740.4526869222
 30
0.0
 40
0.5
  0
CIRCLE
  5
1EBCC
102
{ACAD_REACTORS
330
1EBCD
102
}
330
1F
100
AcDbEntity
  8
SD983
100
AcDbCircle
 10
195648.4756634376
 20
493731.6976251606
 30
0.0
 40
0.5
  0
HATCH
  5
1EBCD
330
1F
100
AcDbEntity
  8
SD983
100
AcDbHatch
 10
0.0
 20
0.0
 30
0.0
210
0.0
220
0.0
230
1.0
  2
ANSI31
 70
     0
 71
     1
 91
        1
 92
        1
 93
        1
 72
     2
 10
195648.4756634376
 20
493731.6976251606
 40
0.5
 50
0.0
 51
360.0
 73
     1
 97
        1
330
1EBCC
 75
     0
 76
     1
 52
0.0
 41
1.0
 77
     0
 78
     1
 53
45.0
 43
-12709.51163246701
 44
3027.002352408366
 45
-0.0883883476483184
 46
0.0883883476483185
 79
     0
 98
        1
 10
1924.747382236819
 20
47090.7998738595
1001
ACAD
1010
0.0
1020
0.0
1030
0.0
  0
LWPOLYLINE
  5
1EBCE
330
1F
100
AcDbEntity
  8
SD983
100
AcDbPolyline
 90
        5
 70
     0
 43
0.0
 10
195654.536210917
 20
493731.1976251606
 10
195646.9756634376
 20
493731.1976251606
 10
195646.9756634376
 20
493733.1976251606
 10
195648.9756634375
 20
493733.1976251606
 10
195648.9756634375
 20
493731.1976251606
  0
HATCH
  5
1EBCF
330
1F
100
AcDbEntity
  8
SD983
100
AcDbHatch
 10
0.0
 20
0.0
 30
0.0
210
0.0
220
0.0
230
1.0
  2
ANSI31
 70
     0
 71
     1
 91
        1
 92
        1
 93
        1
 72
     2
 10
195647.4756634376
 20
493731.6976251606
 40
0.5
 50
0.0
 51
360.0
 73
     1
 97
        1
330
1EBD0
 75
     0
 76
     1
 52
0.0
 41
1.0
 77
     0
 78
     1
 53
45.0
 43
-12709.51163246701
 44
3027.002352408366
 45
-0.0883883476483184
 46
0.0883883476483185
 79
     0
 98
        1
 10
1923.747382236818
 20
47090.7998738595
1001
ACAD
1010
0.0
1020
0.0
1030
0.0
  0
CIRCLE
  5
1EBD0
102
{ACAD_REACTORS
330
1EBCF
102
}
330
1F
100
AcDbEntity
  8
SD983
100
AcDbCircle
 10
195647.4756634376
 20
493731.6976251606
 30
0.0
 40
0.5
  0
CIRCLE
  5
1EBD1
102
{ACAD_REACTORS
330
1EBD2
102
}
330
1F
100
AcDbEntity
  8
SD983
100
AcDbCircle
 10
195647.4756634376
 20
493732.6976251608
 30
0.0
 40
0.5
  0
HATCH
  5
1EBD2
330
1F
100
AcDbEntity
  8
SD983
100
AcDbHatch
 10
0.0
 20
0.0
 30
0.0
210
0.0
220
0.0
230
1.0
  2
ANSI31
 70
     0
 71
     1
 91
        1
 92
        1
 93
        1
 72
     2
 10
195647.4756634376
 20
493732.6976251608
 40
0.5
 50
0.0
 51
360.0
 73
     1
 97
        1
330
1EBD1
 75
     0
 76
     1
 52
0.0
 41
1.0
 77
     0
 78
     1
 53
45.0
 43
-12709.51163246701
 44
3027.002352408366
 45
-0.0883883476483184
 46
0.0883883476483185
 79
     0
 98
        1
 10
1923.747382236818
 20
47091.7998738595
1001
ACAD
1010
0.0
1020
0.0
1030
0.0
  0
HATCH
  5
1EBD3
330
1F
100
AcDbEntity
  8
SD983
100
AcDbHatch
 10
0.0
 20
0.0
 30
0.0
210
0.0
220
0.0
230
1.0
  2
ANSI31
 70
     0
 71
     1
 91
        1
 92
        1
 93
        1
 72
     2
 10
195648.4756634376
 20
493732.6976251608
 40
0.5
 50
0.0
 51
360.0
 73
     1
 97
        1
330
1EBD4
 75
     0
 76
     1
 52
0.0
 41
1.0
 77
     0
 78
     1
 53
45.0
 43
-12709.51163246701
 44
3027.002352408366
 45
-0.0883883476483184
 46
0.0883883476483185
 79
     0
 98
        1
 10
1924.747382236819
 20
47091.7998738595
1001
ACAD
1010
0.0
1020
0.0
1030
0.0
  0
CIRCLE
  5
1EBD4
102
{ACAD_REACTORS
330
1EBD3
102
}
330
1F
100
AcDbEntity
  8
SD983
100
AcDbCircle
 10
195648.4756634376
 20
493732.6976251608
 30
0.0
 40
0.5
  0
CIRCLE
  5
1EBD5
102
{ACAD_REACTORS
330
1EBD6
102
}
330
1F
100
AcDbEntity
  8
SD983
100
AcDbCircle
 10
195648.4756634376
 20
493727.1943674318
 30
0.0
 40
0.5
  0
HATCH
  5
1EBD6
330
1F
100
AcDbEntity
  8
SD983
100
AcDbHatch
 10
0.0
 20
0.0
 30
0.0
210
0.0
220
0.0
230
1.0
  2
ANSI31
 70
     0
 71
     1
 91
        1
 92
        1
 93
        1
 72
     2
 10
195648.4756634376
 20
493727.1943674318
 40
0.5
 50
0.0
 51
360.0
 73
     1
 97
        1
330
1EBD5
 75
     0
 76
     1
 52
0.0
 41
1.0
 77
     0
 78
     1
 53
45.0
 43
-12709.51163246701
 44
3027.002352408366
 45
-0.0883883476483184
 46
0.0883883476483185
 79
     0
 98
        1
 10
1924.747382236819
 20
47086.2966161305
1001
ACAD
1010
0.0
1020
0.0
1030
0.0
  0
HATCH
  5
1EBD7
330
1F
100
AcDbEntity
  8
SD983
100
AcDbHatch
 10
0.0
 20
0.0
 30
0.0
210
0.0
220
0.0
230
1.0
  2
ANSI31
 70
     0
 71
     1
 91
        1
 92
        1
 93
        1
 72
     2
 10
195647.4756634376
 20
493727.1943674318
 40
0.5
 50
0.0
 51
360.0
 73
     1
 97
        1
330
1EBD8
 75
     0
 76
     1
 52
0.0
 41
1.0
 77
     0
 78
     1
 53
45.0
 43
-12709.51163246701
 44
3027.002352408366
 45
-0.0883883476483184
 46
0.0883883476483185
 79
     0
 98
        1
 10
1923.747382236818
 20
47086.2966161305
1001
ACAD
1010
0.0
1020
0.0
1030
0.0
  0
CIRCLE
  5
1EBD8
102
{ACAD_REACTORS
330
1EBD7
102
}
330
1F
100
AcDbEntity
  8
SD983
100
AcDbCircle
 10
195647.4756634376
 20
493727.1943674318
 30
0.0
 40
0.5
  0
CIRCLE
  5
1EBD9
102
{ACAD_REACTORS
330
1EBDA
102
}
330
1F
100
AcDbEntity
  8
SD983
100
AcDbCircle
 10
195647.4756634376
 20
493726.1943674318
 30
0.0
 40
0.5
  0
HATCH
  5
1EBDA
330
1F
100
AcDbEntity
  8
SD983
100
AcDbHatch
 10
0.0
 20
0.0
 30
0.0
210
0.0
220
0.0
230
1.0
  2
ANSI31
 70
     0
 71
     1
 91
        1
 92
        1
 93
        1
 72
     2
 10
195647.4756634376
 20
493726.1943674318
 40
0.5
 50
0.0
 51
360.0
 73
     1
 97
        1
330
1EBD9
 75
     0
 76
     1
 52
0.0
 41
1.0
 77
     0
 78
     1
 53
45.0
 43
-12709.51163246701
 44
3027.002352408366
 45
-0.0883883476483184
 46
0.0883883476483185
 79
     0
 98
        1
 10
1923.747382236818
 20
47085.2966161305
1001
ACAD
1010
0.0
1020
0.0
1030
0.0
  0
LWPOLYLINE
  5
1EBDB
330
1F
100
AcDbEntity
  8
SD983
100
AcDbPolyline
 90
        5
 70
     0
 43
0.0
 10
195654.536210917
 20
493725.6943674317
 10
195646.9756634376
 20
493725.6943674317
 10
195646.9756634376
 20
493727.6943674318
 10
195649.9756634375
 20
493727.6943674318
 10
195649.9756634375
 20
493725.6943674317
  0
HATCH
  5
1EBDC
330
1F
100
AcDbEntity
  8
SD983
100
AcDbHatch
 10
0.0
 20
0.0
 30
0.0
210
0.0
220
0.0
230
1.0
  2
ANSI31
 70
     0
 71
     1
 91
        1
 92
        1
 93
        1
 72
     2
 10
195648.4756634376
 20
493726.1943674318
 40
0.5
 50
0.0
 51
360.0
 73
     1
 97
        1
330
1EBDD
 75
     0
 76
     1
 52
0.0
 41
1.0
 77
     0
 78
     1
 53
45.0
 43
-12709.51163246701
 44
3027.002352408366
 45
-0.0883883476483184
 46
0.0883883476483185
 79
     0
 98
        1
 10
1924.747382236819
 20
47085.2966161305
1001
ACAD
1010
0.0
1020
0.0
1030
0.0
  0
CIRCLE
  5
1EBDD
102
{ACAD_REACTORS
330
1EBDC
102
}
330
1F
100
AcDbEntity
  8
SD983
100
AcDbCircle
 10
195648.4756634376
 20
493726.1943674318
 30
0.0
 40
0.5
  0
CIRCLE
  5
1EBDE
102
{ACAD_REACTORS
330
1EBDF
102
}
330
1F
100
AcDbEntity
  8
SD983
100
AcDbCircle
 10
195649.4756634375
 20
493726.1943674318
 30
0.0
 40
0.5
  0
HATCH
  5
1EBDF
330
1F
100
AcDbEntity
  8
SD983
100
AcDbHatch
 10
0.0
 20
0.0
 30
0.0
210
0.0
220
0.0
230
1.0
  2
ANSI31
 70
     0
 71
     1
 91
        1
 92
        1
 93
        1
 72
     2
 10
195649.4756634375
 20
493726.1943674318
 40
0.5
 50
0.0
 51
360.0
 73
     1
 97
        1
330
1EBDE
 75
     0
 76
     1
 52
0.0
 41
1.0
 77
     0
 78
     1
 53
45.0
 43
-12709.51163246701
 44
3027.002352408366
 45
-0.0883883476483184
 46
0.0883883476483185
 79
     0
 98
        1
 10
1925.747382236819
 20
47085.2966161305
1001
ACAD
1010
0.0
1020
0.0
1030
0.0
  0
HATCH
  5
1EBE0
330
1F
100
AcDbEntity
  8
SD983
100
AcDbHatch
 10
0.0
 20
0.0
 30
0.0
210
0.0
220
0.0
230
1.0
  2
ANSI31
 70
     0
 71
     1
 91
        1
 92
        1
 93
        1
 72
     2
 10
195649.4756634375
 20
493727.1943674318
 40
0.5
 50
0.0
 51
360.0
 73
     1
 97
        1
330
1EBE1
 75
     0
 76
     1
 52
0.0
 41
1.0
 77
     0
 78
     1
 53
45.0
 43
-12709.51163246701
 44
3027.002352408366
 45
-0.0883883476483184
 46
0.0883883476483185
 79
     0
 98
        1
 10
1925.747382236819
 20
47086.2966161305
1001
ACAD
1010
0.0
1020
0.0
1030
0.0
  0
CIRCLE
  5
1EBE1
102
{ACAD_REACTORS
330
1EBE0
102
}
330
1F
100
AcDbEntity
  8
SD983
100
AcDbCircle
 10
195649.4756634375
 20
493727.1943674318
 30
0.0
 40
0.5
  0
CIRCLE
  5
1EBE2
102
{ACAD_REACTORS
330
1EBE3
102
}
330
1F
100
AcDbEntity
  8
SD983
100
AcDbCircle
 10
195648.4756634376
 20
493736.571326125
 30
0.0
 40
0.5
  0
HATCH
  5
1EBE3
330
1F
100
AcDbEntity
  8
SD983
100
AcDbHatch
 10
0.0
 20
0.0
 30
0.0
210
0.0
220
0.0
230
1.0
  2
ANSI31
 70
     0
 71
     1
 91
        1
 92
        1
 93
        1
 72
     2
 10
195648.4756634376
 20
493736.571326125
 40
0.5
 50
0.0
 51
360.0
 73
     1
 97
        1
330
1EBE2
 75
     0
 76
     1
 52
0.0
 41
1.0
 77
     0
 78
     1
 53
45.0
 43
-12709.51163246701
 44
3027.002352408366
 45
-0.0883883476483184
 46
0.0883883476483185
 79
     0
 98
        1
 10
1924.747382236819
 20
47095.67357482376
1001
ACAD
1010
0.0
1020
0.0
1030
0.0
  0
LWPOLYLINE
  5
1EBE4
330
1F
100
AcDbEntity
  8
SD983
100
AcDbPolyline
 90
        5
 70
     0
 43
0.0
 10
195654.536210917
 20
493736.071326125
 10
195646.9756634376
 20
493736.071326125
 10
195646.9756634376
 20
493737.0713261249
 10
195650.9756634376
 20
493737.0713261249
 10
195650.9756634376
 20
493736.071326125
  0
HATCH
  5
1EBE5
330
1F
100
AcDbEntity
  8
SD983
100
AcDbHatch
 10
0.0
 20
0.0
 30
0.0
210
0.0
220
0.0
230
1.0
  2
ANSI31
 70
     0
 71
     1
 91
        1
 92
        1
 93
        1
 72
     2
 10
195647.4756634376
 20
493736.571326125
 40
0.5
 50
0.0
 51
360.0
 73
     1
 97
        1
330
1EBE6
 75
     0
 76
     1
 52
0.0
 41
1.0
 77
     0
 78
     1
 53
45.0
 43
-12709.51163246701
 44
3027.002352408366
 45
-0.0883883476483184
 46
0.0883883476483185
 79
     0
 98
        1
 10
1923.747382236818
 20
47095.67357482376
1001
ACAD
1010
0.0
1020
0.0
1030
0.0
  0
CIRCLE
  5
1EBE6
102
{ACAD_REACTORS
330
1EBE5
102
}
330
1F
100
AcDbEntity
  8
SD983
100
AcDbCircle
 10
195647.4756634376
 20
493736.571326125
 30
0.0
 40
0.5
  0
HATCH
  5
1EBE7
330
1F
100
AcDbEntity
  8
SD983
100
AcDbHatch
 10
0.0
 20
0.0
 30
0.0
210
0.0
220
0.0
230
1.0
  2
ANSI31
 70
     0
 71
     1
 91
        1
 92
        1
 93
        1
 72
     2
 10
195649.4756634375
 20
493736.571326125
 40
0.5
 50
0.0
 51
360.0
 73
     1
 97
        1
330
1EBE8
 75
     0
 76
     1
 52
0.0
 41
1.0
 77
     0
 78
     1
 53
45.0
 43
-12709.51163246701
 44
3027.002352408366
 45
-0.0883883476483184
 46
0.0883883476483185
 79
     0
 98
        1
 10
1925.747382236819
 20
47095.67357482376
1001
ACAD
1010
0.0
1020
0.0
1030
0.0
  0
CIRCLE
  5
1EBE8
102
{ACAD_REACTORS
330
1EBE7
102
}
330
1F
100
AcDbEntity
  8
SD983
100
AcDbCircle
 10
195649.4756634375
 20
493736.571326125
 30
0.0
 40
0.5
  0
HATCH
  5
1EBE9
330
1F
100
AcDbEntity
  8
SD983
100
AcDbHatch
 10
0.0
 20
0.0
 30
0.0
210
0.0
220
0.0
230
1.0
  2
ANSI31
 70
     0
 71
     1
 91
        1
 92
        1
 93
        1
 72
     2
 10
195650.4756634376
 20
493736.571326125
 40
0.5
 50
0.0
 51
360.0
 73
     1
 97
        1
330
1EBEA
 75
     0
 76
     1
 52
0.0
 41
1.0
 77
     0
 78
     1
 53
45.0
 43
-12709.51163246701
 44
3027.002352408366
 45
-0.0883883476483184
 46
0.0883883476483185
 79
     0
 98
        1
 10
1926.747382236819
 20
47095.67357482376
1001
ACAD
1010
0.0
1020
0.0
1030
0.0
  0
CIRCLE
  5
1EBEA
102
{ACAD_REACTORS
330
1EBE9
102
}
330
1F
100
AcDbEntity
  8
SD983
100
AcDbCircle
 10
195650.4756634376
 20
493736.571326125
 30
0.0
 40
0.5
  0
LWPOLYLINE
  5
1EBEB
330
1F
100
AcDbEntity
  8
SD983
100
AcDbPolyline
 90
        5
 70
     0
 43
0.0
 10
195654.536210917
 20
493746.7785214842
 10
195646.9756634376
 20
493746.7785214842
 10
195646.9756634376
 20
493745.7785214842
 10
195647.9756634375
 20
493745.7785214842
 10
195647.9756634375
 20
493746.7785214842
  0
HATCH
  5
1EBEC
330
1F
100
AcDbEntity
  8
SD983
100
AcDbHatch
 10
0.0
 20
0.0
 30
0.0
210
0.0
220
0.0
230
1.0
  2
ANSI31
 70
     0
 71
     1
 91
        1
 92
        1
 93
        1
 72
     2
 10
195647.4756634376
 20
493746.2785214843
 40
0.5
 50
0.0
 51
360.0
 73
     1
 97
        1
330
1EBED
 75
     0
 76
     1
 52
0.0
 41
1.0
 77
     0
 78
     1
 53
225.0
 43
389426.3069192573
 44
940386.381335009
 45
0.0883883476483184
 46
-0.0883883476483185
 79
     0
 98
        1
 10
1923.747382236818
 20
940387.1762727851
1001
ACAD
1010
0.0
1020
0.0
1030
0.0
  0
CIRCLE
  5
1EBED
102
{ACAD_REACTORS
330
1EBEC
102
}
330
1F
100
AcDbEntity
  8
SD983
100
AcDbCircle
 10
195647.4756634376
 20
493746.2785214843
 30
0.0
 40
0.5
  0
CIRCLE
  5
1EBEE
102
{ACAD_REACTORS
330
1EBEF
102
}
330
1F
100
AcDbEntity
  8
SD983
100
AcDbCircle
 10
195647.4756634376
 20
493742.3971606867
 30
0.0
 40
0.5
  0
HATCH
  5
1EBEF
330
1F
100
AcDbEntity
  8
SD983
100
AcDbHatch
 10
0.0
 20
0.0
 30
0.0
210
0.0
220
0.0
230
1.0
  2
ANSI31
 70
     0
 71
     1
 91
        1
 92
        1
 93
        1
 72
     2
 10
195647.4756634376
 20
493742.3971606867
 40
0.5
 50
0.0
 51
360.0
 73
     1
 97
        1
330
1EBEE
 75
     0
 76
     1
 52
0.0
 41
1.0
 77
     0
 78
     1
 53
225.0
 43
389426.3069192573
 44
940378.6186134141
 45
0.0883883476483184
 46
-0.0883883476483185
 79
     0
 98
        1
 10
1923.747382236818
 20
940383.2949119877
1001
ACAD
1010
0.0
1020
0.0
1030
0.0
  0
LWPOLYLINE
  5
1EBF0
330
1F
100
AcDbEntity
  8
SD983
100
AcDbPolyline
 90
        5
 70
     0
 43
0.0
 10
195654.536210917
 20
493742.8971606867
 10
195646.9756634376
 20
493742.8971606867
 10
195646.9756634376
 20
493741.8971606867
 10
195648.9756634375
 20
493741.8971606867
 10
195648.9756634375
 20
493742.8971606867
  0
HATCH
  5
1EBF1
330
1F
100
AcDbEntity
  8
SD983
100
AcDbHatch
 10
0.0
 20
0.0
 30
0.0
210
0.0
220
0.0
230
1.0
  2
ANSI31
 70
     0
 71
     1
 91
        1
 92
        1
 93
        1
 72
     2
 10
195648.4756634376
 20
493742.3971606867
 40
0.5
 50
0.0
 51
360.0
 73
     1
 97
        1
330
1EBF2
 75
     0
 76
     1
 52
0.0
 41
1.0
 77
     0
 78
     1
 53
225.0
 43
389426.3069192573
 44
940378.6186134141
 45
0.0883883476483184
 46
-0.0883883476483185
 79
     0
 98
        1
 10
1924.747382236819
 20
940383.2949119877
1001
ACAD
1010
0.0
1020
0.0
1030
0.0
  0
CIRCLE
  5
1EBF2
102
{ACAD_REACTORS
330
1EBF1
102
}
330
1F
100
AcDbEntity
  8
SD983
100
AcDbCircle
 10
195648.4756634376
 20
493742.3971606867
 30
0.0
 40
0.5
  0
CIRCLE
  5
1EBF3
102
{ACAD_REACTORS
330
1EBF4
102
}
330
1F
100
AcDbEntity
  8
SD983
100
AcDbCircle
 10
195648.4756634376
 20
493738.5157998892
 30
0.0
 40
0.5
  0
HATCH
  5
1EBF4
330
1F
100
AcDbEntity
  8
SD983
100
AcDbHatch
 10
0.0
 20
0.0
 30
0.0
210
0.0
220
0.0
230
1.0
  2
ANSI31
 70
     0
 71
     1
 91
        1
 92
        1
 93
        1
 72
     2
 10
195648.4756634376
 20
493738.5157998892
 40
0.5
 50
0.0
 51
360.0
 73
     1
 97
        1
330
1EBF3
 75
     0
 76
     1
 52
0.0
 41
1.0
 77
     0
 78
     1
 53
225.0
 43
389426.3069192573
 44
940370.8558918195
 45
0.0883883476483184
 46
-0.0883883476483185
 79
     0
 98
        1
 10
1924.747382236819
 20
940379.4135511907
1001
ACAD
1010
0.0
1020
0.0
1030
0.0
  0
LWPOLYLINE
  5
1EBF5
330
1F
100
AcDbEntity
  8
SD983
100
AcDbPolyline
 90
        5
 70
     0
 43
0.0
 10
195654.536210917
 20
493739.0157998893
 10
195646.9756634376
 20
493739.0157998893
 10
195646.9756634376
 20
493738.0157998893
 10
195649.9756634375
 20
493738.0157998893
 10
195649.9756634375
 20
493739.0157998893
  0
HATCH
  5
1EBF6
330
1F
100
AcDbEntity
  8
SD983
100
AcDbHatch
 10
0.0
 20
0.0
 30
0.0
210
0.0
220
0.0
230
1.0
  2
ANSI31
 70
     0
 71
     1
 91
        1
 92
        1
 93
        1
 72
     2
 10
195647.4756634376
 20
493738.5157998892
 40
0.5
 50
0.0
 51
360.0
 73
     1
 97
        1
330
1EBF7
 75
     0
 76
     1
 52
0.0
 41
1.0
 77
     0
 78
     1
 53
225.0
 43
389426.3069192573
 44
940370.8558918195
 45
0.0883883476483184
 46
-0.0883883476483185
 79
     0
 98
        1
 10
1923.747382236818
 20
940379.4135511907
1001
ACAD
1010
0.0
1020
0.0
1030
0.0
  0
CIRCLE
  5
1EBF7
102
{ACAD_REACTORS
330
1EBF6
102
}
330
1F
100
AcDbEntity
  8
SD983
100
AcDbCircle
 10
195647.4756634376
 20
493738.5157998892
 30
0.0
 40
0.5
  0
HATCH
  5
1EBF8
330
1F
100
AcDbEntity
  8
SD983
100
AcDbHatch
 10
0.0
 20
0.0
 30
0.0
210
0.0
220
0.0
230
1.0
  2
ANSI31
 70
     0
 71
     1
 91
        1
 92
        1
 93
        1
 72
     2
 10
195649.4756634375
 20
493738.5157998892
 40
0.5
 50
0.0
 51
360.0
 73
     1
 97
        1
330
1EBF9
 75
     0
 76
     1
 52
0.0
 41
1.0
 77
     0
 78
     1
 53
225.0
 43
389426.3069192573
 44
940370.8558918195
 45
0.0883883476483184
 46
-0.0883883476483185
 79
     0
 98
        1
 10
1925.747382236819
 20
940379.4135511907
1001
ACAD
1010
0.0
1020
0.0
1030
0.0
  0
CIRCLE
  5
1EBF9
102
{ACAD_REACTORS
330
1EBF8
102
}
330
1F
100
AcDbEntity
  8
SD983
100
AcDbCircle
 10
195649.4756634375
 20
493738.5157998892
 30
0.0
 40
0.5
  0
CIRCLE
  5
1EBFA
102
{ACAD_REACTORS
330
1EBFB
102
}
330
1F
100
AcDbEntity
  8
SD983
100
AcDbCircle
 10
195648.4756634376
 20
493734.634439092
 30
0.0
 40
0.5
  0
HATCH
  5
1EBFB
330
1F
100
AcDbEntity
  8
SD983
100
AcDbHatch
 10
0.0
 20
0.0
 30
0.0
210
0.0
220
0.0
230
1.0
  2
ANSI31
 70
     0
 71
     1
 91
        1
 92
        1
 93
        1
 72
     2
 10
195648.4756634376
 20
493734.634439092
 40
0.5
 50
0.0
 51
360.0
 73
     1
 97
        1
330
1EBFA
 75
     0
 76
     1
 52
0.0
 41
1.0
 77
     0
 78
     1
 53
225.0
 43
389426.3069192573
 44
940363.0931702243
 45
0.0883883476483184
 46
-0.0883883476483185
 79
     0
 98
        1
 10
1924.747382236819
 20
940375.5321903927
1001
ACAD
1010
0.0
1020
0.0
1030
0.0
  0
LWPOLYLINE
  5
1EBFC
330
1F
100
AcDbEntity
  8
SD983
100
AcDbPolyline
 90
        5
 70
     0
 43
0.0
 10
195654.536210917
 20
493735.1344390918
 10
195646.9756634376
 20
493735.1344390918
 10
195646.9756634376
 20
493734.1344390919
 10
195650.9756634376
 20
493734.1344390919
 10
195650.9756634376
 20
493735.1344390918
  0
HATCH
  5
1EBFD
330
1F
100
AcDbEntity
  8
SD983
100
AcDbHatch
 10
0.0
 20
0.0
 30
0.0
210
0.0
220
0.0
230
1.0
  2
ANSI31
 70
     0
 71
     1
 91
        1
 92
        1
 93
        1
 72
     2
 10
195647.4756634376
 20
493734.634439092
 40
0.5
 50
0.0
 51
360.0
 73
     1
 97
        1
330
1EBFE
 75
     0
 76
     1
 52
0.0
 41
1.0
 77
     0
 78
     1
 53
225.0
 43
389426.3069192573
 44
940363.0931702243
 45
0.0883883476483184
 46
-0.0883883476483185
 79
     0
 98
        1
 10
1923.747382236818
 20
940375.5321903927
1001
ACAD
1010
0.0
1020
0.0
1030
0.0
  0
CIRCLE
  5
1EBFE
102
{ACAD_REACTORS
330
1EBFD
102
}
330
1F
100
AcDbEntity
  8
SD983
100
AcDbCircle
 10
195647.4756634376
 20
493734.634439092
 30
0.0
 40
0.5
  0
HATCH
  5
1EBFF
330
1F
100
AcDbEntity
  8
SD983
100
AcDbHatch
 10
0.0
 20
0.0
 30
0.0
210
0.0
220
0.0
230
1.0
  2
ANSI31
 70
     0
 71
     1
 91
        1
 92
        1
 93
        1
 72
     2
 10
195649.4756634375
 20
493734.634439092
 40
0.5
 50
0.0
 51
360.0
 73
     1
 97
        1
330
1EC00
 75
     0
 76
     1
 52
0.0
 41
1.0
 77
     0
 78
     1
 53
225.0
 43
389426.3069192573
 44
940363.0931702243
 45
0.0883883476483184
 46
-0.0883883476483185
 79
     0
 98
        1
 10
1925.747382236819
 20
940375.5321903927
1001
ACAD
1010
0.0
1020
0.0
1030
0.0
  0
CIRCLE
  5
1EC00
102
{ACAD_REACTORS
330
1EBFF
102
}
330
1F
100
AcDbEntity
  8
SD983
100
AcDbCircle
 10
195649.4756634375
 20
493734.634439092
 30
0.0
 40
0.5
  0
HATCH
  5
1EC01
330
1F
100
AcDbEntity
  8
SD983
100
AcDbHatch
 10
0.0
 20
0.0
 30
0.0
210
0.0
220
0.0
230
1.0
  2
ANSI31
 70
     0
 71
     1
 91
        1
 92
        1
 93
        1
 72
     2
 10
195650.4756634376
 20
493734.634439092
 40
0.5
 50
0.0
 51
360.0
 73
     1
 97
        1
330
1EC02
 75
     0
 76
     1
 52
0.0
 41
1.0
 77
     0
 78
     1
 53
225.0
 43
389426.3069192573
 44
940363.0931702243
 45
0.0883883476483184
 46
-0.0883883476483185
 79
     0
 98
        1
 10
1926.747382236819
 20
940375.5321903927
1001
ACAD
1010
0.0
1020
0.0
1030
0.0
  0
CIRCLE
  5
1EC02
102
{ACAD_REACTORS
330
1EC01
102
}
330
1F
100
AcDbEntity
  8
SD983
100
AcDbCircle
 10
195650.4756634376
 20
493734.634439092
 30
0.0
 40
0.5
  0
CIRCLE
  5
1EC03
102
{ACAD_REACTORS
330
1EC04
102
}
330
1F
100
AcDbEntity
  8
SD983
100
AcDbCircle
 10
195648.4756634376
 20
493729.7607381275
 30
0.0
 40
0.5
  0
HATCH
  5
1EC04
330
1F
100
AcDbEntity
  8
SD983
100
AcDbHatch
 10
0.0
 20
0.0
 30
0.0
210
0.0
220
0.0
230
1.0
  2
ANSI31
 70
     0
 71
     1
 91
        1
 92
        1
 93
        1
 72
     2
 10
195648.4756634376
 20
493729.7607381275
 40
0.5
 50
0.0
 51
360.0
 73
     1
 97
        1
330
1EC03
 75
     0
 76
     1
 52
0.0
 41
1.0
 77
     0
 78
     1
 53
225.0
 43
389426.3069192573
 44
940352.1414534385
 45
0.0883883476483184
 46
-0.0883883476483184
 79
     0
 98
        1
 10
1924.747382236819
 20
940370.6584894285
1001
ACAD
1010
0.0
1020
0.0
1030
0.0
  0
LWPOLYLINE
  5
1EC05
330
1F
100
AcDbEntity
  8
SD983
100
AcDbPolyline
 90
        5
 70
     0
 43
0.0
 10
195654.536210917
 20
493730.2607381276
 10
195646.9756634376
 20
493730.2607381276
 10
195646.9756634376
 20
493728.2607381276
 10
195648.9756634375
 20
493728.2607381276
 10
195648.9756634375
 20
493730.2607381276
  0
HATCH
  5
1EC06
330
1F
100
AcDbEntity
  8
SD983
100
AcDbHatch
 10
0.0
 20
0.0
 30
0.0
210
0.0
220
0.0
230
1.0
  2
ANSI31
 70
     0
 71
     1
 91
        1
 92
        1
 93
        1
 72
     2
 10
195647.4756634376
 20
493729.7607381275
 40
0.5
 50
0.0
 51
360.0
 73
     1
 97
        1
330
1EC07
 75
     0
 76
     1
 52
0.0
 41
1.0
 77
     0
 78
     1
 53
225.0
 43
389426.3069192573
 44
940352.1414534385
 45
0.0883883476483184
 46
-0.0883883476483184
 79
     0
 98
        1
 10
1923.747382236818
 20
940370.6584894285
1001
ACAD
1010
0.0
1020
0.0
1030
0.0
  0
CIRCLE
  5
1EC07
102
{ACAD_REACTORS
330
1EC06
102
}
330
1F
100
AcDbEntity
  8
SD983
100
AcDbCircle
 10
195647.4756634376
 20
493729.7607381275
 30
0.0
 40
0.5
  0
CIRCLE
  5
1EC08
102
{ACAD_REACTORS
330
1EC09
102
}
330
1F
100
AcDbEntity
  8
SD983
100
AcDbCircle
 10
195647.4756634376
 20
493728.7607381276
 30
0.0
 40
0.5
  0
HATCH
  5
1EC09
330
1F
100
AcDbEntity
  8
SD983
100
AcDbHatch
 10
0.0
 20
0.0
 30
0.0
210
0.0
220
0.0
230
1.0
  2
ANSI31
 70
     0
 71
     1
 91
        1
 92
        1
 93
        1
 72
     2
 10
195647.4756634376
 20
493728.7607381276
 40
0.5
 50
0.0
 51
360.0
 73
     1
 97
        1
330
1EC08
 75
     0
 76
     1
 52
0.0
 41
1.0
 77
     0
 78
     1
 53
225.0
 43
389426.3069192573
 44
940352.1414534385
 45
0.0883883476483184
 46
-0.0883883476483184
 79
     0
 98
        1
 10
1923.747382236818
 20
940369.6584894285
1001
ACAD
1010
0.0
1020
0.0
1030
0.0
  0
HATCH
  5
1EC0A
330
1F
100
AcDbEntity
  8
SD983
100
AcDbHatch
 10
0.0
 20
0.0
 30
0.0
210
0.0
220
0.0
230
1.0
  2
ANSI31
 70
     0
 71
     1
 91
        1
 92
        1
 93
        1
 72
     2
 10
195648.4756634376
 20
493728.7607381276
 40
0.5
 50
0.0
 51
360.0
 73
     1
 97
        1
330
1EC0B
 75
     0
 76
     1
 52
0.0
 41
1.0
 77
     0
 78
     1
 53
225.0
 43
389426.3069192573
 44
940352.1414534385
 45
0.0883883476483184
 46
-0.0883883476483184
 79
     0
 98
        1
 10
1924.747382236819
 20
940369.6584894285
1001
ACAD
1010
0.0
1020
0.0
1030
0.0
  0
CIRCLE
  5
1EC0B
102
{ACAD_REACTORS
330
1EC0A
102
}
330
1F
100
AcDbEntity
  8
SD983
100
AcDbCircle
 10
195648.4756634376
 20
493728.7607381276
 30
0.0
 40
0.5
  0
CIRCLE
  5
1EC0C
102
{ACAD_REACTORS
330
1EC0D
102
}
330
1F
100
AcDbEntity
  8
SD983
100
AcDbCircle
 10
195648.4756634376
 20
493723.2574803987
 30
0.0
 40
0.5
  0
HATCH
  5
1EC0D
330
1F
100
AcDbEntity
  8
SD983
100
AcDbHatch
 10
0.0
 20
0.0
 30
0.0
210
0.0
220
0.0
230
1.0
  2
ANSI31
 70
     0
 71
     1
 91
        1
 92
        1
 93
        1
 72
     2
 10
195648.4756634376
 20
493723.2574803987
 40
0.5
 50
0.0
 51
360.0
 73
     1
 97
        1
330
1EC0C
 75
     0
 76
     1
 52
0.0
 41
1.0
 77
     0
 78
     1
 53
225.0
 43
389426.3069192573
 44
940338.9905469669
 45
0.0883883476483184
 46
-0.0883883476483185
 79
     0
 98
        1
 10
1924.747382236819
 20
940364.1552316996
1001
ACAD
1010
0.0
1020
0.0
1030
0.0
  0
HATCH
  5
1EC0E
330
1F
100
AcDbEntity
  8
SD983
100
AcDbHatch
 10
0.0
 20
0.0
 30
0.0
210
0.0
220
0.0
230
1.0
  2
ANSI31
 70
     0
 71
     1
 91
        1
 92
        1
 93
        1
 72
     2
 10
195647.4756634376
 20
493723.2574803987
 40
0.5
 50
0.0
 51
360.0
 73
     1
 97
        1
330
1EC0F
 75
     0
 76
     1
 52
0.0
 41
1.0
 77
     0
 78
     1
 53
225.0
 43
389426.3069192573
 44
940338.9905469669
 45
0.0883883476483184
 46
-0.0883883476483185
 79
     0
 98
        1
 10
1923.747382236818
 20
940364.1552316996
1001
ACAD
1010
0.0
1020
0.0
1030
0.0
  0
CIRCLE
  5
1EC0F
102
{ACAD_REACTORS
330
1EC0E
102
}
330
1F
100
AcDbEntity
  8
SD983
100
AcDbCircle
 10
195647.4756634376
 20
493723.2574803987
 30
0.0
 40
0.5
  0
CIRCLE
  5
1EC10
102
{ACAD_REACTORS
330
1EC11
102
}
330
1F
100
AcDbEntity
  8
SD983
100
AcDbCircle
 10
195647.4756634376
 20
493724.2574803987
 30
0.0
 40
0.5
  0
HATCH
  5
1EC11
330
1F
100
AcDbEntity
  8
SD983
100
AcDbHatch
 10
0.0
 20
0.0
 30
0.0
210
0.0
220
0.0
230
1.0
  2
ANSI31
 70
     0
 71
     1
 91
        1
 92
        1
 93
        1
 72
     2
 10
195647.4756634376
 20
493724.2574803987
 40
0.5
 50
0.0
 51
360.0
 73
     1
 97
        1
330
1EC10
 75
     0
 76
     1
 52
0.0
 41
1.0
 77
     0
 78
     1
 53
225.0
 43
389426.3069192573
 44
940338.9905469669
 45
0.0883883476483184
 46
-0.0883883476483185
 79
     0
 98
        1
 10
1923.747382236818
 20
940365.1552316997
1001
ACAD
1010
0.0
1020
0.0
1030
0.0
  0
LWPOLYLINE
  5
1EC12
330
1F
100
AcDbEntity
  8
SD983
100
AcDbPolyline
 90
        5
 70
     0
 43
0.0
 10
195654.536210917
 20
493724.7574803987
 10
195646.9756634376
 20
493724.7574803987
 10
195646.9756634376
 20
493722.7574803987
 10
195649.9756634375
 20
493722.7574803987
 10
195649.9756634375
 20
493724.7574803987
  0
HATCH
  5
1EC13
330
1F
100
AcDbEntity
  8
SD983
100
AcDbHatch
 10
0.0
 20
0.0
 30
0.0
210
0.0
220
0.0
230
1.0
  2
ANSI31
 70
     0
 71
     1
 91
        1
 92
        1
 93
        1
 72
     2
 10
195648.4756634376
 20
493724.2574803987
 40
0.5
 50
0.0
 51
360.0
 73
     1
 97
        1
330
1EC14
 75
     0
 76
     1
 52
0.0
 41
1.0
 77
     0
 78
     1
 53
225.0
 43
389426.3069192573
 44
940338.9905469669
 45
0.0883883476483184
 46
-0.0883883476483185
 79
     0
 98
        1
 10
1924.747382236819
 20
940365.1552316997
1001
ACAD
1010
0.0
1020
0.0
1030
0.0
  0
CIRCLE
  5
1EC14
102
{ACAD_REACTORS
330
1EC13
102
}
330
1F
100
AcDbEntity
  8
SD983
100
AcDbCircle
 10
195648.4756634376
 20
493724.2574803987
 30
0.0
 40
0.5
  0
CIRCLE
  5
1EC15
102
{ACAD_REACTORS
330
1EC16
102
}
330
1F
100
AcDbEntity
  8
SD983
100
AcDbCircle
 10
195649.4756634375
 20
493724.2574803987
 30
0.0
 40
0.5
  0
HATCH
  5
1EC16
330
1F
100
AcDbEntity
  8
SD983
100
AcDbHatch
 10
0.0
 20
0.0
 30
0.0
210
0.0
220
0.0
230
1.0
  2
ANSI31
 70
     0
 71
     1
 91
        1
 92
        1
 93
        1
 72
     2
 10
195649.4756634375
 20
493724.2574803987
 40
0.5
 50
0.0
 51
360.0
 73
     1
 97
        1
330
1EC15
 75
     0
 76
     1
 52
0.0
 41
1.0
 77
     0
 78
     1
 53
225.0
 43
389426.3069192573
 44
940338.9905469669
 45
0.0883883476483184
 46
-0.0883883476483185
 79
     0
 98
        1
 10
1925.747382236819
 20
940365.1552316997
1001
ACAD
1010
0.0
1020
0.0
1030
0.0
  0
HATCH
  5
1EC17
330
1F
100
AcDbEntity
  8
SD983
100
AcDbHatch
 10
0.0
 20
0.0
 30
0.0
210
0.0
220
0.0
230
1.0
  2
ANSI31
 70
     0
 71
     1
 91
        1
 92
        1
 93
        1
 72
     2
 10
195649.4756634375
 20
493723.2574803987
 40
0.5
 50
0.0
 51
360.0
 73
     1
 97
        1
330
1EC18
 75
     0
 76
     1
 52
0.0
 41
1.0
 77
     0
 78
     1
 53
225.0
 43
389426.3069192573
 44
940338.9905469669
 45
0.0883883476483184
 46
-0.0883883476483185
 79
     0
 98
        1
 10
1925.747382236819
 20
940364.1552316996
1001
ACAD
1010
0.0
1020
0.0
1030
0.0
  0
CIRCLE
  5
1EC18
102
{ACAD_REACTORS
330
1EC17
102
}
330
1F
100
AcDbEntity
  8
SD983
100
AcDbCircle
 10
195649.4756634375
 20
493723.2574803987
 30
0.0
 40
0.5
  0
CIRCLE
  5
1EC19
102
{ACAD_REACTORS
330
1EC1A
102
}
330
1F
100
AcDbEntity
  8
SD983
100
AcDbCircle
 10
195627.9371144812
 20
493737.0445636136
 30
0.0
 40
0.25
  0
HATCH
  5
1EC1A
330
1F
100
AcDbEntity
  8
SD983
100
AcDbHatch
 10
0.0
 20
0.0
 30
0.0
210
0.0
220
0.0
230
1.0
  2
ANSI31
 70
     0
 71
     1
 91
        1
 92
        1
 93
        1
 72
     2
 10
195627.9371144812
 20
493737.0445636136
 40
0.25
 50
0.0
 51
360.0
 73
     1
 97
        1
330
1EC19
 75
     0
 76
     1
 52
0.0
 41
1.0
 77
     0
 78
     1
 53
45.0
 43
-12709.51163246701
 44
3027.002352408366
 45
-0.0883883476483184
 46
0.0883883476483185
 79
     0
 98
        1
 10
292489.8012550816
 20
717057.4934392639
1001
ACAD
1010
0.0
1020
0.0
1030
0.0
  0
HATCH
  5
1EC1B
330
1F
100
AcDbEntity
  8
SD983
100
AcDbHatch
 10
0.0
 20
0.0
 30
0.0
210
0.0
220
0.0
230
1.0
  2
ANSI31
 70
     0
 71
     1
 91
        1
 92
        1
 93
        1
 72
     2
 10
195628.4371144812
 20
493737.0445636136
 40
0.25
 50
0.0
 51
360.0
 73
     1
 97
        1
330
1EC1C
 75
     0
 76
     1
 52
0.0
 41
1.0
 77
     0
 78
     1
 53
45.0
 43
-12709.51163246701
 44
3027.002352408366
 45
-0.0883883476483184
 46
0.0883883476483185
 79
     0
 98
        1
 10
292490.3012550816
 20
717057.4934392639
1001
ACAD
1010
0.0
1020
0.0
1030
0.0
  0
CIRCLE
  5
1EC1C
102
{ACAD_REACTORS
330
1EC1B
102
}
330
1F
100
AcDbEntity
  8
SD983
100
AcDbCircle
 10
195628.4371144812
 20
493737.0445636136
 30
0.0
 40
0.25
  0
CIRCLE
  5
1EC1D
102
{ACAD_REACTORS
330
1EC1E
102
}
330
1F
100
AcDbEntity
  8
SD983
100
AcDbCircle
 10
195628.4371144812
 20
493737.5445636135
 30
0.0
 40
0.25
  0
HATCH
  5
1EC1E
330
1F
100
AcDbEntity
  8
SD983
100
AcDbHatch
 10
0.0
 20
0.0
 30
0.0
210
0.0
220
0.0
230
1.0
  2
ANSI31
 70
     0
 71
     1
 91
        1
 92
        1
 93
        1
 72
     2
 10
195628.4371144812
 20
493737.5445636135
 40
0.25
 50
0.0
 51
360.0
 73
     1
 97
        1
330
1EC1D
 75
     0
 76
     1
 52
0.0
 41
1.0
 77
     0
 78
     1
 53
45.0
 43
-12709.51163246701
 44
3027.002352408366
 45
-0.0883883476483184
 46
0.0883883476483185
 79
     0
 98
        1
 10
292490.3012550816
 20
717057.993439264
1001
ACAD
1010
0.0
1020
0.0
1030
0.0
  0
LWPOLYLINE
  5
1EC1F
330
1F
100
AcDbEntity
  8
SD983
100
AcDbPolyline
 90
        5
 70
     0
 43
0.0
 10
195624.9068407415
 20
493737.7945636136
 10
195628.6871144812
 20
493737.7945636136
 10
195628.6871144812
 20
493736.7945636136
 10
195627.1871144812
 20
493736.7945636136
 10
195627.1871144812
 20
493737.7945636136
  0
HATCH
  5
1EC20
330
1F
100
AcDbEntity
  8
SD983
100
AcDbHatch
 10
0.0
 20
0.0
 30
0.0
210
0.0
220
0.0
230
1.0
  2
ANSI31
 70
     0
 71
     1
 91
        1
 92
        1
 93
        1
 72
     2
 10
195627.9371144812
 20
493737.5445636135
 40
0.25
 50
0.0
 51
360.0
 73
     1
 97
        1
330
1EC21
 75
     0
 76
     1
 52
0.0
 41
1.0
 77
     0
 78
     1
 53
45.0
 43
-12709.51163246701
 44
3027.002352408366
 45
-0.0883883476483184
 46
0.0883883476483185
 79
     0
 98
        1
 10
292489.8012550816
 20
717057.993439264
1001
ACAD
1010
0.0
1020
0.0
1030
0.0
  0
CIRCLE
  5
1EC21
102
{ACAD_REACTORS
330
1EC20
102
}
330
1F
100
AcDbEntity
  8
SD983
100
AcDbCircle
 10
195627.9371144812
 20
493737.5445636135
 30
0.0
 40
0.25
  0
CIRCLE
  5
1EC22
102
{ACAD_REACTORS
330
1EC23
102
}
330
1F
100
AcDbEntity
  8
SD983
100
AcDbCircle
 10
195627.4371144812
 20
493737.5445636135
 30
0.0
 40
0.25
  0
HATCH
  5
1EC23
330
1F
100
AcDbEntity
  8
SD983
100
AcDbHatch
 10
0.0
 20
0.0
 30
0.0
210
0.0
220
0.0
230
1.0
  2
ANSI31
 70
     0
 71
     1
 91
        1
 92
        1
 93
        1
 72
     2
 10
195627.4371144812
 20
493737.5445636135
 40
0.25
 50
0.0
 51
360.0
 73
     1
 97
        1
330
1EC22
 75
     0
 76
     1
 52
0.0
 41
1.0
 77
     0
 78
     1
 53
45.0
 43
-12709.51163246701
 44
3027.002352408366
 45
-0.0883883476483184
 46
0.0883883476483185
 79
     0
 98
        1
 10
292489.3012550816
 20
717057.993439264
1001
ACAD
1010
0.0
1020
0.0
1030
0.0
  0
HATCH
  5
1EC24
330
1F
100
AcDbEntity
  8
SD983
100
AcDbHatch
 10
0.0
 20
0.0
 30
0.0
210
0.0
220
0.0
230
1.0
  2
ANSI31
 70
     0
 71
     1
 91
        1
 92
        1
 93
        1
 72
     2
 10
195627.4371144812
 20
493737.0445636136
 40
0.25
 50
0.0
 51
360.0
 73
     1
 97
        1
330
1EC25
 75
     0
 76
     1
 52
0.0
 41
1.0
 77
     0
 78
     1
 53
45.0
 43
-12709.51163246701
 44
3027.002352408366
 45
-0.0883883476483184
 46
0.0883883476483185
 79
     0
 98
        1
 10
292489.3012550816
 20
717057.4934392639
1001
ACAD
1010
0.0
1020
0.0
1030
0.0
  0
CIRCLE
  5
1EC25
102
{ACAD_REACTORS
330
1EC24
102
}
330
1F
100
AcDbEntity
  8
SD983
100
AcDbCircle
 10
195627.4371144812
 20
493737.0445636136
 30
0.0
 40
0.25
  0
CIRCLE
  5
1EC26
102
{ACAD_REACTORS
330
1EC27
102
}
330
1F
100
AcDbEntity
  8
SD983
100
AcDbCircle
 10
195627.9371144812
 20
493740.4814140958
 30
0.0
 40
0.25
  0
HATCH
  5
1EC27
330
1F
100
AcDbEntity
  8
SD983
100
AcDbHatch
 10
0.0
 20
0.0
 30
0.0
210
0.0
220
0.0
230
1.0
  2
ANSI31
 70
     0
 71
     1
 91
        1
 92
        1
 93
        1
 72
     2
 10
195627.9371144812
 20
493740.4814140958
 40
0.25
 50
0.0
 51
360.0
 73
     1
 97
        1
330
1EC26
 75
     0
 76
     1
 52
0.0
 41
1.0
 77
     0
 78
     1
 53
45.0
 43
-12709.51163246701
 44
3027.002352408366
 45
-0.0883883476483184
 46
0.0883883476483185
 79
     0
 98
        1
 10
292489.8012550816
 20
717060.9302897459
1001
ACAD
1010
0.0
1020
0.0
1030
0.0
  0
LWPOLYLINE
  5
1EC28
330
1F
100
AcDbEntity
  8
SD983
100
AcDbPolyline
 90
        5
 70
     0
 43
0.0
 10
195624.9068407415
 20
493740.7314140958
 10
195628.6871144812
 20
493740.7314140958
 10
195628.6871144812
 20
493739.7314140958
 10
195627.6871144812
 20
493739.7314140958
 10
195627.6871144812
 20
493740.7314140958
  0
HATCH
  5
1EC29
330
1F
100
AcDbEntity
  8
SD983
100
AcDbHatch
 10
0.0
 20
0.0
 30
0.0
210
0.0
220
0.0
230
1.0
  2
ANSI31
 70
     0
 71
     1
 91
        1
 92
        1
 93
        1
 72
     2
 10
195628.4371144812
 20
493740.4814140958
 40
0.25
 50
0.0
 51
360.0
 73
     1
 97
        1
330
1EC2A
 75
     0
 76
     1
 52
0.0
 41
1.0
 77
     0
 78
     1
 53
45.0
 43
-12709.51163246701
 44
3027.002352408366
 45
-0.0883883476483184
 46
0.0883883476483185
 79
     0
 98
        1
 10
292490.3012550816
 20
717060.9302897459
1001
ACAD
1010
0.0
1020
0.0
1030
0.0
  0
CIRCLE
  5
1EC2A
102
{ACAD_REACTORS
330
1EC29
102
}
330
1F
100
AcDbEntity
  8
SD983
100
AcDbCircle
 10
195628.4371144812
 20
493740.4814140958
 30
0.0
 40
0.25
  0
CIRCLE
  5
1EC2B
102
{ACAD_REACTORS
330
1EC2C
102
}
330
1F
100
AcDbEntity
  8
SD983
100
AcDbCircle
 10
195628.4371144812
 20
493739.9814140957
 30
0.0
 40
0.25
  0
HATCH
  5
1EC2C
330
1F
100
AcDbEntity
  8
SD983
100
AcDbHatch
 10
0.0
 20
0.0
 30
0.0
210
0.0
220
0.0
230
1.0
  2
ANSI31
 70
     0
 71
     1
 91
        1
 92
        1
 93
        1
 72
     2
 10
195628.4371144812
 20
493739.9814140957
 40
0.25
 50
0.0
 51
360.0
 73
     1
 97
        1
330
1EC2B
 75
     0
 76
     1
 52
0.0
 41
1.0
 77
     0
 78
     1
 53
45.0
 43
-12709.51163246701
 44
3027.002352408366
 45
-0.0883883476483184
 46
0.0883883476483185
 79
     0
 98
        1
 10
292490.3012550816
 20
717060.4302897459
1001
ACAD
1010
0.0
1020
0.0
1030
0.0
  0
HATCH
  5
1EC2D
330
1F
100
AcDbEntity
  8
SD983
100
AcDbHatch
 10
0.0
 20
0.0
 30
0.0
210
0.0
220
0.0
230
1.0
  2
ANSI31
 70
     0
 71
     1
 91
        1
 92
        1
 93
        1
 72
     2
 10
195627.9371144812
 20
493739.9814140957
 40
0.25
 50
0.0
 51
360.0
 73
     1
 97
        1
330
1EC2E
 75
     0
 76
     1
 52
0.0
 41
1.0
 77
     0
 78
     1
 53
45.0
 43
-12709.51163246701
 44
3027.002352408366
 45
-0.0883883476483184
 46
0.0883883476483185
 79
     0
 98
        1
 10
292489.8012550816
 20
717060.4302897459
1001
ACAD
1010
0.0
1020
0.0
1030
0.0
  0
CIRCLE
  5
1EC2E
102
{ACAD_REACTORS
330
1EC2D
102
}
330
1F
100
AcDbEntity
  8
SD983
100
AcDbCircle
 10
195627.9371144812
 20
493739.9814140957
 30
0.0
 40
0.25
  0
CIRCLE
  5
1EC2F
102
{ACAD_REACTORS
330
1EC30
102
}
330
1F
100
AcDbEntity
  8
SD983
100
AcDbCircle
 10
195627.9371144812
 20
493742.9182645779
 30
0.0
 40
0.25
  0
HATCH
  5
1EC30
330
1F
100
AcDbEntity
  8
SD983
100
AcDbHatch
 10
0.0
 20
0.0
 30
0.0
210
0.0
220
0.0
230
1.0
  2
ANSI31
 70
     0
 71
     1
 91
        1
 92
        1
 93
        1
 72
     2
 10
195627.9371144812
 20
493742.9182645779
 40
0.25
 50
0.0
 51
360.0
 73
     1
 97
        1
330
1EC2F
 75
     0
 76
     1
 52
0.0
 41
1.0
 77
     0
 78
     1
 53
45.0
 43
-12709.51163246701
 44
3027.002352408366
 45
-0.0883883476483184
 46
0.0883883476483185
 79
     0
 98
        1
 10
292489.8012550816
 20
717063.3671402282
1001
ACAD
1010
0.0
1020
0.0
1030
0.0
  0
LWPOLYLINE
  5
1EC31
330
1F
100
AcDbEntity
  8
SD983
100
AcDbPolyline
 90
        5
 70
     0
 43
0.0
 10
195624.9068407415
 20
493743.1682645779
 10
195628.6871144812
 20
493743.1682645779
 10
195628.6871144812
 20
493742.6682645778
 10
195626.6871144812
 20
493742.6682645778
 10
195626.6871144812
 20
493743.1682645779
  0
HATCH
  5
1EC32
330
1F
100
AcDbEntity
  8
SD983
100
AcDbHatch
 10
0.0
 20
0.0
 30
0.0
210
0.0
220
0.0
230
1.0
  2
ANSI31
 70
     0
 71
     1
 91
        1
 92
        1
 93
        1
 72
     2
 10
195628.4371144812
 20
493742.9182645779
 40
0.25
 50
0.0
 51
360.0
 73
     1
 97
        1
330
1EC33
 75
     0
 76
     1
 52
0.0
 41
1.0
 77
     0
 78
     1
 53
45.0
 43
-12709.51163246701
 44
3027.002352408366
 45
-0.0883883476483184
 46
0.0883883476483185
 79
     0
 98
        1
 10
292490.3012550816
 20
717063.3671402282
1001
ACAD
1010
0.0
1020
0.0
1030
0.0
  0
CIRCLE
  5
1EC33
102
{ACAD_REACTORS
330
1EC32
102
}
330
1F
100
AcDbEntity
  8
SD983
100
AcDbCircle
 10
195628.4371144812
 20
493742.9182645779
 30
0.0
 40
0.25
  0
HATCH
  5
1EC34
330
1F
100
AcDbEntity
  8
SD983
100
AcDbHatch
 10
0.0
 20
0.0
 30
0.0
210
0.0
220
0.0
230
1.0
  2
ANSI31
 70
     0
 71
     1
 91
        1
 92
        1
 93
        1
 72
     2
 10
195627.4371144812
 20
493742.9182645779
 40
0.25
 50
0.0
 51
360.0
 73
     1
 97
        1
330
1EC35
 75
     0
 76
     1
 52
0.0
 41
1.0
 77
     0
 78
     1
 53
45.0
 43
-12709.51163246701
 44
3027.002352408366
 45
-0.0883883476483184
 46
0.0883883476483185
 79
     0
 98
        1
 10
292489.3012550816
 20
717063.3671402282
1001
ACAD
1010
0.0
1020
0.0
1030
0.0
  0
CIRCLE
  5
1EC35
102
{ACAD_REACTORS
330
1EC34
102
}
330
1F
100
AcDbEntity
  8
SD983
100
AcDbCircle
 10
195627.4371144812
 20
493742.9182645779
 30
0.0
 40
0.25
  0
HATCH
  5
1EC36
330
1F
100
AcDbEntity
  8
SD983
100
AcDbHatch
 10
0.0
 20
0.0
 30
0.0
210
0.0
220
0.0
230
1.0
  2
ANSI31
 70
     0
 71
     1
 91
        1
 92
        1
 93
        1
 72
     2
 10
195626.9371144812
 20
493742.9182645779
 40
0.25
 50
0.0
 51
360.0
 73
     1
 97
        1
330
1EC37
 75
     0
 76
     1
 52
0.0
 41
1.0
 77
     0
 78
     1
 53
45.0
 43
-12709.51163246701
 44
3027.002352408366
 45
-0.0883883476483184
 46
0.0883883476483185
 79
     0
 98
        1
 10
292488.8012550816
 20
717063.3671402282
1001
ACAD
1010
0.0
1020
0.0
1030
0.0
  0
CIRCLE
  5
1EC37
102
{ACAD_REACTORS
330
1EC36
102
}
330
1F
100
AcDbEntity
  8
SD983
100
AcDbCircle
 10
195626.9371144812
 20
493742.9182645779
 30
0.0
 40
0.25
  0
CIRCLE
  5
1EC38
102
{ACAD_REACTORS
330
1EC39
102
}
330
1F
100
AcDbEntity
  8
SD983
100
AcDbCircle
 10
195627.9371144812
 20
493744.8551150599
 30
0.0
 40
0.25
  0
HATCH
  5
1EC39
330
1F
100
AcDbEntity
  8
SD983
100
AcDbHatch
 10
0.0
 20
0.0
 30
0.0
210
0.0
220
0.0
230
1.0
  2
ANSI31
 70
     0
 71
     1
 91
        1
 92
        1
 93
        1
 72
     2
 10
195627.9371144812
 20
493744.8551150599
 40
0.25
 50
0.0
 51
360.0
 73
     1
 97
        1
330
1EC38
 75
     0
 76
     1
 52
0.0
 41
1.0
 77
     0
 78
     1
 53
45.0
 43
-12709.51163246701
 44
3027.002352408366
 45
-0.0883883476483184
 46
0.0883883476483185
 79
     0
 98
        1
 10
292489.8012550816
 20
717065.3039907105
1001
ACAD
1010
0.0
1020
0.0
1030
0.0
  0
LWPOLYLINE
  5
1EC3A
330
1F
100
AcDbEntity
  8
SD983
100
AcDbPolyline
 90
        5
 70
     0
 43
0.0
 10
195624.9068407415
 20
493745.1051150599
 10
195628.6871144812
 20
493745.1051150599
 10
195628.6871144812
 20
493744.6051150599
 10
195627.1871144812
 20
493744.6051150599
 10
195627.1871144812
 20
493745.1051150599
  0
HATCH
  5
1EC3B
330
1F
100
AcDbEntity
  8
SD983
100
AcDbHatch
 10
0.0
 20
0.0
 30
0.0
210
0.0
220
0.0
230
1.0
  2
ANSI31
 70
     0
 71
     1
 91
        1
 92
        1
 93
        1
 72
     2
 10
195628.4371144812
 20
493744.8551150599
 40
0.25
 50
0.0
 51
360.0
 73
     1
 97
        1
330
1EC3C
 75
     0
 76
     1
 52
0.0
 41
1.0
 77
     0
 78
     1
 53
45.0
 43
-12709.51163246701
 44
3027.002352408366
 45
-0.0883883476483184
 46
0.0883883476483185
 79
     0
 98
        1
 10
292490.3012550816
 20
717065.3039907105
1001
ACAD
1010
0.0
1020
0.0
1030
0.0
  0
CIRCLE
  5
1EC3C
102
{ACAD_REACTORS
330
1EC3B
102
}
330
1F
100
AcDbEntity
  8
SD983
100
AcDbCircle
 10
195628.4371144812
 20
493744.8551150599
 30
0.0
 40
0.25
  0
HATCH
  5
1EC3D
330
1F
100
AcDbEntity
  8
SD983
100
AcDbHatch
 10
0.0
 20
0.0
 30
0.0
210
0.0
220
0.0
230
1.0
  2
ANSI31
 70
     0
 71
     1
 91
        1
 92
        1
 93
        1
 72
     2
 10
195627.4371144812
 20
493744.8551150599
 40
0.25
 50
0.0
 51
360.0
 73
     1
 97
        1
330
1EC3E
 75
     0
 76
     1
 52
0.0
 41
1.0
 77
     0
 78
     1
 53
45.0
 43
-12709.51163246701
 44
3027.002352408366
 45
-0.0883883476483184
 46
0.0883883476483185
 79
     0
 98
        1
 10
292489.3012550816
 20
717065.3039907105
1001
ACAD
1010
0.0
1020
0.0
1030
0.0
  0
CIRCLE
  5
1EC3E
102
{ACAD_REACTORS
330
1EC3D
102
}
330
1F
100
AcDbEntity
  8
SD983
100
AcDbCircle
 10
195627.4371144812
 20
493744.8551150599
 30
0.0
 40
0.25
  0
CIRCLE
  5
1EC3F
102
{ACAD_REACTORS
330
1EC40
102
}
330
1F
100
AcDbEntity
  8
SD983
100
AcDbCircle
 10
195628.4371144812
 20
493746.7919655421
 30
0.0
 40
0.25
  0
HATCH
  5
1EC40
330
1F
100
AcDbEntity
  8
SD983
100
AcDbHatch
 10
0.0
 20
0.0
 30
0.0
210
0.0
220
0.0
230
1.0
  2
ANSI31
 70
     0
 71
     1
 91
        1
 92
        1
 93
        1
 72
     2
 10
195628.4371144812
 20
493746.7919655421
 40
0.25
 50
0.0
 51
360.0
 73
     1
 97
        1
330
1EC3F
 75
     0
 76
     1
 52
0.0
 41
1.0
 77
     0
 78
     1
 53
45.0
 43
-12709.51163246701
 44
3027.002352408366
 45
-0.0883883476483184
 46
0.0883883476483185
 79
     0
 98
        1
 10
292490.3012550816
 20
717067.2408411927
1001
ACAD
1010
0.0
1020
0.0
1030
0.0
  0
LWPOLYLINE
  5
1EC41
330
1F
100
AcDbEntity
  8
SD983
100
AcDbPolyline
 90
        5
 70
     0
 43
0.0
 10
195624.9068407415
 20
493747.0419655421
 10
195628.6871144812
 20
493747.0419655421
 10
195628.6871144812
 20
493746.5419655421
 10
195627.6871144812
 20
493746.5419655421
 10
195627.6871144812
 20
493747.0419655421
  0
HATCH
  5
1EC42
330
1F
100
AcDbEntity
  8
SD983
100
AcDbHatch
 10
0.0
 20
0.0
 30
0.0
210
0.0
220
0.0
230
1.0
  2
ANSI31
 70
     0
 71
     1
 91
        1
 92
        1
 93
        1
 72
     2
 10
195627.9371144812
 20
493746.7919655421
 40
0.25
 50
0.0
 51
360.0
 73
     1
 97
        1
330
1EC43
 75
     0
 76
     1
 52
0.0
 41
1.0
 77
     0
 78
     1
 53
45.0
 43
-12709.51163246701
 44
3027.002352408366
 45
-0.0883883476483184
 46
0.0883883476483185
 79
     0
 98
        1
 10
292489.8012550816
 20
717067.2408411927
1001
ACAD
1010
0.0
1020
0.0
1030
0.0
  0
CIRCLE
  5
1EC43
102
{ACAD_REACTORS
330
1EC42
102
}
330
1F
100
AcDbEntity
  8
SD983
100
AcDbCircle
 10
195627.9371144812
 20
493746.7919655421
 30
0.0
 40
0.25
  0
LWPOLYLINE
  5
1EC44
330
1F
100
AcDbEntity
  8
SD983
100
AcDbPolyline
 90
        5
 70
     0
 43
0.0
 10
195624.9068407415
 20
493748.9788160242
 10
195628.6871144812
 20
493748.9788160242
 10
195628.6871144812
 20
493748.4788160242
 10
195628.1871144812
 20
493748.4788160242
 10
195628.1871144812
 20
493748.9788160242
  0
HATCH
  5
1EC45
330
1F
100
AcDbEntity
  8
SD983
100
AcDbHatch
 10
0.0
 20
0.0
 30
0.0
210
0.0
220
0.0
230
1.0
  2
ANSI31
 70
     0
 71
     1
 91
        1
 92
        1
 93
        1
 72
     2
 10
195628.4371144812
 20
493748.7288160242
 40
0.25
 50
0.0
 51
360.0
 73
     1
 97
        1
330
1EC46
 75
     0
 76
     1
 52
0.0
 41
1.0
 77
     0
 78
     1
 53
45.0
 43
-12709.51163246701
 44
3027.002352408366
 45
-0.0883883476483184
 46
0.0883883476483185
 79
     0
 98
        1
 10
292490.3012550816
 20
717069.1776916749
1001
ACAD
1010
0.0
1020
0.0
1030
0.0
  0
CIRCLE
  5
1EC46
102
{ACAD_REACTORS
330
1EC45
102
}
330
1F
100
AcDbEntity
  8
SD983
100
AcDbCircle
 10
195628.4371144812
 20
493748.7288160242
 30
0.0
 40
0.25
  0
LWPOLYLINE
  5
1EC47
330
1F
100
AcDbEntity
  8
SD983
100
AcDbPolyline
 90
        5
 70
     0
 43
0.0
 10
195633.3472475536
 20
493749.4472595407
 10
195629.5669738139
 20
493749.4472595407
 10
195629.5669738139
 20
493749.9472595406
 10
195630.0669738138
 20
493749.9472595406
 10
195630.0669738138
 20
493749.4472595407
  0
HATCH
  5
1EC48
330
1F
100
AcDbEntity
  8
SD983
100
AcDbHatch
 10
0.0
 20
0.0
 30
0.0
210
0.0
220
0.0
230
1.0
  2
ANSI31
 70
     0
 71
     1
 91
        1
 92
        1
 93
        1
 72
     2
 10
195629.8169738139
 20
493749.6972595408
 40
0.25
 50
0.0
 51
360.0
 73
     1
 97
        1
330
1EC49
 75
     0
 76
     1
 52
0.0
 41
1.0
 77
     0
 78
     1
 53
45.0
 43
-12709.51163246701
 44
3027.002352408366
 45
-0.0883883476483184
 46
0.0883883476483185
 79
     0
 98
        1
 10
98767.95283321355
 20
270429.2483838902
1001
ACAD
1010
0.0
1020
0.0
1030
0.0
  0
CIRCLE
  5
1EC49
102
{ACAD_REACTORS
330
1EC48
102
}
330
1F
100
AcDbEntity
  8
SD983
100
AcDbCircle
 10
195629.8169738139
 20
493749.6972595408
 30
0.0
 40
0.25
  0
CIRCLE
  5
1EC4A
102
{ACAD_REACTORS
330
1EC4B
102
}
330
1F
100
AcDbEntity
  8
SD983
100
AcDbCircle
 10
195629.8169738139
 20
493747.7604090585
 30
0.0
 40
0.25
  0
HATCH
  5
1EC4B
330
1F
100
AcDbEntity
  8
SD983
100
AcDbHatch
 10
0.0
 20
0.0
 30
0.0
210
0.0
220
0.0
230
1.0
  2
ANSI31
 70
     0
 71
     1
 91
        1
 92
        1
 93
        1
 72
     2
 10
195629.8169738139
 20
493747.7604090585
 40
0.25
 50
0.0
 51
360.0
 73
     1
 97
        1
330
1EC4A
 75
     0
 76
     1
 52
0.0
 41
1.0
 77
     0
 78
     1
 53
45.0
 43
-12709.51163246701
 44
3027.002352408366
 45
-0.0883883476483184
 46
0.0883883476483185
 79
     0
 98
        1
 10
98767.95283321355
 20
270427.3115334081
1001
ACAD
1010
0.0
1020
0.0
1030
0.0
  0
LWPOLYLINE
  5
1EC4C
330
1F
100
AcDbEntity
  8
SD983
100
AcDbPolyline
 90
        5
 70
     0
 43
0.0
 10
195633.3472475536
 20
493747.5104090585
 10
195629.5669738139
 20
493747.5104090585
 10
195629.5669738139
 20
493748.0104090585
 10
195630.5669738139
 20
493748.0104090585
 10
195630.5669738139
 20
493747.5104090585
  0
HATCH
  5
1EC4D
330
1F
100
AcDbEntity
  8
SD983
100
AcDbHatch
 10
0.0
 20
0.0
 30
0.0
210
0.0
220
0.0
230
1.0
  2
ANSI31
 70
     0
 71
     1
 91
        1
 92
        1
 93
        1
 72
     2
 10
195630.3169738139
 20
493747.7604090585
 40
0.25
 50
0.0
 51
360.0
 73
     1
 97
        1
330
1EC4E
 75
     0
 76
     1
 52
0.0
 41
1.0
 77
     0
 78
     1
 53
45.0
 43
-12709.51163246701
 44
3027.002352408366
 45
-0.0883883476483184
 46
0.0883883476483185
 79
     0
 98
        1
 10
98768.45283321355
 20
270427.3115334081
1001
ACAD
1010
0.0
1020
0.0
1030
0.0
  0
CIRCLE
  5
1EC4E
102
{ACAD_REACTORS
330
1EC4D
102
}
330
1F
100
AcDbEntity
  8
SD983
100
AcDbCircle
 10
195630.3169738139
 20
493747.7604090585
 30
0.0
 40
0.25
  0
CIRCLE
  5
1EC4F
102
{ACAD_REACTORS
330
1EC50
102
}
330
1F
100
AcDbEntity
  8
SD983
100
AcDbCircle
 10
195630.3169738139
 20
493745.8235585764
 30
0.0
 40
0.25
  0
HATCH
  5
1EC50
330
1F
100
AcDbEntity
  8
SD983
100
AcDbHatch
 10
0.0
 20
0.0
 30
0.0
210
0.0
220
0.0
230
1.0
  2
ANSI31
 70
     0
 71
     1
 91
        1
 92
        1
 93
        1
 72
     2
 10
195630.3169738139
 20
493745.8235585764
 40
0.25
 50
0.0
 51
360.0
 73
     1
 97
        1
330
1EC4F
 75
     0
 76
     1
 52
0.0
 41
1.0
 77
     0
 78
     1
 53
45.0
 43
-12709.51163246701
 44
3027.002352408366
 45
-0.0883883476483184
 46
0.0883883476483185
 79
     0
 98
        1
 10
98768.45283321355
 20
270425.3746829259
1001
ACAD
1010
0.0
1020
0.0
1030
0.0
  0
LWPOLYLINE
  5
1EC51
330
1F
100
AcDbEntity
  8
SD983
100
AcDbPolyline
 90
        5
 70
     0
 43
0.0
 10
195633.3472475536
 20
493745.5735585764
 10
195629.5669738139
 20
493745.5735585764
 10
195629.5669738139
 20
493746.0735585763
 10
195631.0669738139
 20
493746.0735585763
 10
195631.0669738139
 20
493745.5735585764
  0
HATCH
  5
1EC52
330
1F
100
AcDbEntity
  8
SD983
100
AcDbHatch
 10
0.0
 20
0.0
 30
0.0
210
0.0
220
0.0
230
1.0
  2
ANSI31
 70
     0
 71
     1
 91
        1
 92
        1
 93
        1
 72
     2
 10
195629.8169738139
 20
493745.8235585764
 40
0.25
 50
0.0
 51
360.0
 73
     1
 97
        1
330
1EC53
 75
     0
 76
     1
 52
0.0
 41
1.0
 77
     0
 78
     1
 53
45.0
 43
-12709.51163246701
 44
3027.002352408366
 45
-0.0883883476483184
 46
0.0883883476483185
 79
     0
 98
        1
 10
98767.95283321355
 20
270425.3746829259
1001
ACAD
1010
0.0
1020
0.0
1030
0.0
  0
CIRCLE
  5
1EC53
102
{ACAD_REACTORS
330
1EC52
102
}
330
1F
100
AcDbEntity
  8
SD983
100
AcDbCircle
 10
195629.8169738139
 20
493745.8235585764
 30
0.0
 40
0.25
  0
HATCH
  5
1EC54
330
1F
100
AcDbEntity
  8
SD983
100
AcDbHatch
 10
0.0
 20
0.0
 30
0.0
210
0.0
220
0.0
230
1.0
  2
ANSI31
 70
     0
 71
     1
 91
        1
 92
        1
 93
        1
 72
     2
 10
195630.8169738139
 20
493745.8235585764
 40
0.25
 50
0.0
 51
360.0
 73
     1
 97
        1
330
1EC55
 75
     0
 76
     1
 52
0.0
 41
1.0
 77
     0
 78
     1
 53
45.0
 43
-12709.51163246701
 44
3027.002352408366
 45
-0.0883883476483184
 46
0.0883883476483185
 79
     0
 98
        1
 10
98768.95283321355
 20
270425.3746829259
1001
ACAD
1010
0.0
1020
0.0
1030
0.0
  0
CIRCLE
  5
1EC55
102
{ACAD_REACTORS
330
1EC54
102
}
330
1F
100
AcDbEntity
  8
SD983
100
AcDbCircle
 10
195630.8169738139
 20
493745.8235585764
 30
0.0
 40
0.25
  0
CIRCLE
  5
1EC56
102
{ACAD_REACTORS
330
1EC57
102
}
330
1F
100
AcDbEntity
  8
SD983
100
AcDbCircle
 10
195630.3169738139
 20
493741.4498576121
 30
0.0
 40
0.25
  0
HATCH
  5
1EC57
330
1F
100
AcDbEntity
  8
SD983
100
AcDbHatch
 10
0.0
 20
0.0
 30
0.0
210
0.0
220
0.0
230
1.0
  2
ANSI31
 70
     0
 71
     1
 91
        1
 92
        1
 93
        1
 72
     2
 10
195630.3169738139
 20
493741.4498576121
 40
0.25
 50
0.0
 51
360.0
 73
     1
 97
        1
330
1EC56
 75
     0
 76
     1
 52
0.0
 41
1.0
 77
     0
 78
     1
 53
45.0
 43
-12709.51163246701
 44
3027.002352408366
 45
-0.0883883476483184
 46
0.0883883476483185
 79
     0
 98
        1
 10
98768.45283321355
 20
270421.0009819617
1001
ACAD
1010
0.0
1020
0.0
1030
0.0
  0
LWPOLYLINE
  5
1EC58
330
1F
100
AcDbEntity
  8
SD983
100
AcDbPolyline
 90
        5
 70
     0
 43
0.0
 10
195633.3472475536
 20
493741.1998576121
 10
195629.5669738139
 20
493741.1998576121
 10
195629.5669738139
 20
493742.199857612
 10
195630.5669738139
 20
493742.199857612
 10
195630.5669738139
 20
493741.1998576121
  0
HATCH
  5
1EC59
330
1F
100
AcDbEntity
  8
SD983
100
AcDbHatch
 10
0.0
 20
0.0
 30
0.0
210
0.0
220
0.0
230
1.0
  2
ANSI31
 70
     0
 71
     1
 91
        1
 92
        1
 93
        1
 72
     2
 10
195629.8169738139
 20
493741.4498576121
 40
0.25
 50
0.0
 51
360.0
 73
     1
 97
        1
330
1EC5A
 75
     0
 76
     1
 52
0.0
 41
1.0
 77
     0
 78
     1
 53
45.0
 43
-12709.51163246701
 44
3027.002352408366
 45
-0.0883883476483184
 46
0.0883883476483185
 79
     0
 98
        1
 10
98767.95283321355
 20
270421.0009819617
1001
ACAD
1010
0.0
1020
0.0
1030
0.0
  0
CIRCLE
  5
1EC5A
102
{ACAD_REACTORS
330
1EC59
102
}
330
1F
100
AcDbEntity
  8
SD983
100
AcDbCircle
 10
195629.8169738139
 20
493741.4498576121
 30
0.0
 40
0.25
  0
CIRCLE
  5
1EC5B
102
{ACAD_REACTORS
330
1EC5C
102
}
330
1F
100
AcDbEntity
  8
SD983
100
AcDbCircle
 10
195629.8169738139
 20
493741.9498576121
 30
0.0
 40
0.25
  0
HATCH
  5
1EC5C
330
1F
100
AcDbEntity
  8
SD983
100
AcDbHatch
 10
0.0
 20
0.0
 30
0.0
210
0.0
220
0.0
230
1.0
  2
ANSI31
 70
     0
 71
     1
 91
        1
 92
        1
 93
        1
 72
     2
 10
195629.8169738139
 20
493741.9498576121
 40
0.25
 50
0.0
 51
360.0
 73
     1
 97
        1
330
1EC5B
 75
     0
 76
     1
 52
0.0
 41
1.0
 77
     0
 78
     1
 53
45.0
 43
-12709.51163246701
 44
3027.002352408366
 45
-0.0883883476483184
 46
0.0883883476483185
 79
     0
 98
        1
 10
98767.95283321355
 20
270421.5009819618
1001
ACAD
1010
0.0
1020
0.0
1030
0.0
  0
HATCH
  5
1EC5D
330
1F
100
AcDbEntity
  8
SD983
100
AcDbHatch
 10
0.0
 20
0.0
 30
0.0
210
0.0
220
0.0
230
1.0
  2
ANSI31
 70
     0
 71
     1
 91
        1
 92
        1
 93
        1
 72
     2
 10
195630.3169738139
 20
493741.9498576121
 40
0.25
 50
0.0
 51
360.0
 73
     1
 97
        1
330
1EC5E
 75
     0
 76
     1
 52
0.0
 41
1.0
 77
     0
 78
     1
 53
45.0
 43
-12709.51163246701
 44
3027.002352408366
 45
-0.0883883476483184
 46
0.0883883476483185
 79
     0
 98
        1
 10
98768.45283321355
 20
270421.5009819618
1001
ACAD
1010
0.0
1020
0.0
1030
0.0
  0
CIRCLE
  5
1EC5E
102
{ACAD_REACTORS
330
1EC5D
102
}
330
1F
100
AcDbEntity
  8
SD983
100
AcDbCircle
 10
195630.3169738139
 20
493741.9498576121
 30
0.0
 40
0.25
  0
CIRCLE
  5
1EC5F
102
{ACAD_REACTORS
330
1EC60
102
}
330
1F
100
AcDbEntity
  8
SD983
100
AcDbCircle
 10
195630.3169738139
 20
493739.01300713
 30
0.0
 40
0.25
  0
HATCH
  5
1EC60
330
1F
100
AcDbEntity
  8
SD983
100
AcDbHatch
 10
0.0
 20
0.0
 30
0.0
210
0.0
220
0.0
230
1.0
  2
ANSI31
 70
     0
 71
     1
 91
        1
 92
        1
 93
        1
 72
     2
 10
195630.3169738139
 20
493739.01300713
 40
0.25
 50
0.0
 51
360.0
 73
     1
 97
        1
330
1EC5F
 75
     0
 76
     1
 52
0.0
 41
1.0
 77
     0
 78
     1
 53
45.0
 43
-12709.51163246701
 44
3027.002352408366
 45
-0.0883883476483184
 46
0.0883883476483185
 79
     0
 98
        1
 10
98768.45283321355
 20
270418.5641314796
1001
ACAD
1010
0.0
1020
0.0
1030
0.0
  0
HATCH
  5
1EC61
330
1F
100
AcDbEntity
  8
SD983
100
AcDbHatch
 10
0.0
 20
0.0
 30
0.0
210
0.0
220
0.0
230
1.0
  2
ANSI31
 70
     0
 71
     1
 91
        1
 92
        1
 93
        1
 72
     2
 10
195629.8169738139
 20
493739.01300713
 40
0.25
 50
0.0
 51
360.0
 73
     1
 97
        1
330
1EC62
 75
     0
 76
     1
 52
0.0
 41
1.0
 77
     0
 78
     1
 53
45.0
 43
-12709.51163246701
 44
3027.002352408366
 45
-0.0883883476483184
 46
0.0883883476483185
 79
     0
 98
        1
 10
98767.95283321355
 20
270418.5641314796
1001
ACAD
1010
0.0
1020
0.0
1030
0.0
  0
CIRCLE
  5
1EC62
102
{ACAD_REACTORS
330
1EC61
102
}
330
1F
100
AcDbEntity
  8
SD983
100
AcDbCircle
 10
195629.8169738139
 20
493739.01300713
 30
0.0
 40
0.25
  0
CIRCLE
  5
1EC63
102
{ACAD_REACTORS
330
1EC64
102
}
330
1F
100
AcDbEntity
  8
SD983
100
AcDbCircle
 10
195629.8169738139
 20
493738.5130071301
 30
0.0
 40
0.25
  0
HATCH
  5
1EC64
330
1F
100
AcDbEntity
  8
SD983
100
AcDbHatch
 10
0.0
 20
0.0
 30
0.0
210
0.0
220
0.0
230
1.0
  2
ANSI31
 70
     0
 71
     1
 91
        1
 92
        1
 93
        1
 72
     2
 10
195629.8169738139
 20
493738.5130071301
 40
0.25
 50
0.0
 51
360.0
 73
     1
 97
        1
330
1EC63
 75
     0
 76
     1
 52
0.0
 41
1.0
 77
     0
 78
     1
 53
45.0
 43
-12709.51163246701
 44
3027.002352408366
 45
-0.0883883476483184
 46
0.0883883476483185
 79
     0
 98
        1
 10
98767.95283321355
 20
270418.0641314796
1001
ACAD
1010
0.0
1020
0.0
1030
0.0
  0
LWPOLYLINE
  5
1EC65
330
1F
100
AcDbEntity
  8
SD983
100
AcDbPolyline
 90
        5
 70
     0
 43
0.0
 10
195633.3472475536
 20
493738.2630071301
 10
195629.5669738139
 20
493738.2630071301
 10
195629.5669738139
 20
493739.26300713
 10
195631.0669738139
 20
493739.26300713
 10
195631.0669738139
 20
493738.2630071301
  0
HATCH
  5
1EC66
330
1F
100
AcDbEntity
  8
SD983
100
AcDbHatch
 10
0.0
 20
0.0
 30
0.0
210
0.0
220
0.0
230
1.0
  2
ANSI31
 70
     0
 71
     1
 91
        1
 92
        1
 93
        1
 72
     2
 10
195630.3169738139
 20
493738.5130071301
 40
0.25
 50
0.0
 51
360.0
 73
     1
 97
        1
330
1EC67
 75
     0
 76
     1
 52
0.0
 41
1.0
 77
     0
 78
     1
 53
45.0
 43
-12709.51163246701
 44
3027.002352408366
 45
-0.0883883476483184
 46
0.0883883476483185
 79
     0
 98
        1
 10
98768.45283321355
 20
270418.0641314796
1001
ACAD
1010
0.0
1020
0.0
1030
0.0
  0
CIRCLE
  5
1EC67
102
{ACAD_REACTORS
330
1EC66
102
}
330
1F
100
AcDbEntity
  8
SD983
100
AcDbCircle
 10
195630.3169738139
 20
493738.5130071301
 30
0.0
 40
0.25
  0
CIRCLE
  5
1EC68
102
{ACAD_REACTORS
330
1EC69
102
}
330
1F
100
AcDbEntity
  8
SD983
100
AcDbCircle
 10
195630.8169738139
 20
493738.5130071301
 30
0.0
 40
0.25
  0
HATCH
  5
1EC69
330
1F
100
AcDbEntity
  8
SD983
100
AcDbHatch
 10
0.0
 20
0.0
 30
0.0
210
0.0
220
0.0
230
1.0
  2
ANSI31
 70
     0
 71
     1
 91
        1
 92
        1
 93
        1
 72
     2
 10
195630.8169738139
 20
493738.5130071301
 40
0.25
 50
0.0
 51
360.0
 73
     1
 97
        1
330
1EC68
 75
     0
 76
     1
 52
0.0
 41
1.0
 77
     0
 78
     1
 53
45.0
 43
-12709.51163246701
 44
3027.002352408366
 45
-0.0883883476483184
 46
0.0883883476483185
 79
     0
 98
        1
 10
98768.95283321355
 20
270418.0641314796
1001
ACAD
1010
0.0
1020
0.0
1030
0.0
  0
HATCH
  5
1EC6A
330
1F
100
AcDbEntity
  8
SD983
100
AcDbHatch
 10
0.0
 20
0.0
 30
0.0
210
0.0
220
0.0
230
1.0
  2
ANSI31
 70
     0
 71
     1
 91
        1
 92
        1
 93
        1
 72
     2
 10
195630.8169738139
 20
493739.01300713
 40
0.25
 50
0.0
 51
360.0
 73
     1
 97
        1
330
1EC6B
 75
     0
 76
     1
 52
0.0
 41
1.0
 77
     0
 78
     1
 53
45.0
 43
-12709.51163246701
 44
3027.002352408366
 45
-0.0883883476483184
 46
0.0883883476483185
 79
     0
 98
        1
 10
98768.95283321355
 20
270418.5641314796
1001
ACAD
1010
0.0
1020
0.0
1030
0.0
  0
CIRCLE
  5
1EC6B
102
{ACAD_REACTORS
330
1EC6A
102
}
330
1F
100
AcDbEntity
  8
SD983
100
AcDbCircle
 10
195630.8169738139
 20
493739.01300713
 30
0.0
 40
0.25
  0
CIRCLE
  5
1EC6C
102
{ACAD_REACTORS
330
1EC6D
102
}
330
1F
100
AcDbEntity
  8
SD983
100
AcDbCircle
 10
195630.3169738139
 20
493743.8867080942
 30
0.0
 40
0.25
  0
HATCH
  5
1EC6D
330
1F
100
AcDbEntity
  8
SD983
100
AcDbHatch
 10
0.0
 20
0.0
 30
0.0
210
0.0
220
0.0
230
1.0
  2
ANSI31
 70
     0
 71
     1
 91
        1
 92
        1
 93
        1
 72
     2
 10
195630.3169738139
 20
493743.8867080942
 40
0.25
 50
0.0
 51
360.0
 73
     1
 97
        1
330
1EC6C
 75
     0
 76
     1
 52
0.0
 41
1.0
 77
     0
 78
     1
 53
45.0
 43
-12709.51163246701
 44
3027.002352408366
 45
-0.0883883476483184
 46
0.0883883476483185
 79
     0
 98
        1
 10
98768.45283321355
 20
270423.4378324438
1001
ACAD
1010
0.0
1020
0.0
1030
0.0
  0
LWPOLYLINE
  5
1EC6E
330
1F
100
AcDbEntity
  8
SD983
100
AcDbPolyline
 90
        5
 70
     0
 43
0.0
 10
195633.3472475536
 20
493743.6367080942
 10
195629.5669738139
 20
493743.6367080942
 10
195629.5669738139
 20
493744.1367080943
 10
195631.5669738138
 20
493744.1367080943
 10
195631.5669738138
 20
493743.6367080942
  0
HATCH
  5
1EC6F
330
1F
100
AcDbEntity
  8
SD983
100
AcDbHatch
 10
0.0
 20
0.0
 30
0.0
210
0.0
220
0.0
230
1.0
  2
ANSI31
 70
     0
 71
     1
 91
        1
 92
        1
 93
        1
 72
     2
 10
195629.8169738139
 20
493743.8867080942
 40
0.25
 50
0.0
 51
360.0
 73
     1
 97
        1
330
1EC70
 75
     0
 76
     1
 52
0.0
 41
1.0
 77
     0
 78
     1
 53
45.0
 43
-12709.51163246701
 44
3027.002352408366
 45
-0.0883883476483184
 46
0.0883883476483185
 79
     0
 98
        1
 10
98767.95283321355
 20
270423.4378324438
1001
ACAD
1010
0.0
1020
0.0
1030
0.0
  0
CIRCLE
  5
1EC70
102
{ACAD_REACTORS
330
1EC6F
102
}
330
1F
100
AcDbEntity
  8
SD983
100
AcDbCircle
 10
195629.8169738139
 20
493743.8867080942
 30
0.0
 40
0.25
  0
HATCH
  5
1EC71
330
1F
100
AcDbEntity
  8
SD983
100
AcDbHatch
 10
0.0
 20
0.0
 30
0.0
210
0.0
220
0.0
230
1.0
  2
ANSI31
 70
     0
 71
     1
 91
        1
 92
        1
 93
        1
 72
     2
 10
195630.8169738139
 20
493743.8867080942
 40
0.25
 50
0.0
 51
360.0
 73
     1
 97
        1
330
1EC72
 75
     0
 76
     1
 52
0.0
 41
1.0
 77
     0
 78
     1
 53
45.0
 43
-12709.51163246701
 44
3027.002352408366
 45
-0.0883883476483184
 46
0.0883883476483185
 79
     0
 98
        1
 10
98768.95283321355
 20
270423.4378324438
1001
ACAD
1010
0.0
1020
0.0
1030
0.0
  0
CIRCLE
  5
1EC72
102
{ACAD_REACTORS
330
1EC71
102
}
330
1F
100
AcDbEntity
  8
SD983
100
AcDbCircle
 10
195630.8169738139
 20
493743.8867080942
 30
0.0
 40
0.25
  0
HATCH
  5
1EC73
330
1F
100
AcDbEntity
  8
SD983
100
AcDbHatch
 10
0.0
 20
0.0
 30
0.0
210
0.0
220
0.0
230
1.0
  2
ANSI31
 70
     0
 71
     1
 91
        1
 92
        1
 93
        1
 72
     2
 10
195631.3169738139
 20
493743.8867080942
 40
0.25
 50
0.0
 51
360.0
 73
     1
 97
        1
330
1EC74
 75
     0
 76
     1
 52
0.0
 41
1.0
 77
     0
 78
     1
 53
45.0
 43
-12709.51163246701
 44
3027.002352408366
 45
-0.0883883476483184
 46
0.0883883476483185
 79
     0
 98
        1
 10
98769.45283321354
 20
270423.4378324438
1001
ACAD
1010
0.0
1020
0.0
1030
0.0
  0
CIRCLE
  5
1EC74
102
{ACAD_REACTORS
330
1EC73
102
}
330
1F
100
AcDbEntity
  8
SD983
100
AcDbCircle
 10
195631.3169738139
 20
493743.8867080942
 30
0.0
 40
0.25
  0
CIRCLE
  5
1EC75
102
{ACAD_REACTORS
330
1EC76
102
}
330
1F
100
AcDbEntity
  8
SD983
100
AcDbCircle
 10
195630.3169738139
 20
493737.0445636136
 30
0.0
 40
0.25
  0
HATCH
  5
1EC76
330
1F
100
AcDbEntity
  8
SD983
100
AcDbHatch
 10
0.0
 20
0.0
 30
0.0
210
0.0
220
0.0
230
1.0
  2
ANSI31
 70
     0
 71
     1
 91
        1
 92
        1
 93
        1
 72
     2
 10
195630.3169738139
 20
493737.0445636136
 40
0.25
 50
0.0
 51
360.0
 73
     1
 97
        1
330
1EC75
 75
     0
 76
     1
 52
0.0
 41
1.0
 77
     0
 78
     1
 53
225.0
 43
389376.6927810061
 44
940364.2440601435
 45
0.0883883476483184
 46
-0.0883883476483185
 79
     0
 98
        1
 10
98768.45283321355
 20
717057.4934392639
1001
ACAD
1010
0.0
1020
0.0
1030
0.0
  0
HATCH
  5
1EC77
330
1F
100
AcDbEntity
  8
SD983
100
AcDbHatch
 10
0.0
 20
0.0
 30
0.0
210
0.0
220
0.0
230
1.0
  2
ANSI31
 70
     0
 71
     1
 91
        1
 92
        1
 93
        1
 72
     2
 10
195629.8169738139
 20
493737.0445636136
 40
0.25
 50
0.0
 51
360.0
 73
     1
 97
        1
330
1EC78
 75
     0
 76
     1
 52
0.0
 41
1.0
 77
     0
 78
     1
 53
225.0
 43
389376.6927810061
 44
940364.2440601435
 45
0.0883883476483184
 46
-0.0883883476483185
 79
     0
 98
        1
 10
98767.95283321355
 20
717057.4934392639
1001
ACAD
1010
0.0
1020
0.0
1030
0.0
  0
CIRCLE
  5
1EC78
102
{ACAD_REACTORS
330
1EC77
102
}
330
1F
100
AcDbEntity
  8
SD983
100
AcDbCircle
 10
195629.8169738139
 20
493737.0445636136
 30
0.0
 40
0.25
  0
CIRCLE
  5
1EC79
102
{ACAD_REACTORS
330
1EC7A
102
}
330
1F
100
AcDbEntity
  8
SD983
100
AcDbCircle
 10
195629.8169738139
 20
493737.5445636135
 30
0.0
 40
0.25
  0
HATCH
  5
1EC7A
330
1F
100
AcDbEntity
  8
SD983
100
AcDbHatch
 10
0.0
 20
0.0
 30
0.0
210
0.0
220
0.0
230
1.0
  2
ANSI31
 70
     0
 71
     1
 91
        1
 92
        1
 93
        1
 72
     2
 10
195629.8169738139
 20
493737.5445636135
 40
0.25
 50
0.0
 51
360.0
 73
     1
 97
        1
330
1EC79
 75
     0
 76
     1
 52
0.0
 41
1.0
 77
     0
 78
     1
 53
225.0
 43
389376.6927810061
 44
940364.2440601435
 45
0.0883883476483184
 46
-0.0883883476483185
 79
     0
 98
        1
 10
98767.95283321355
 20
717057.993439264
1001
ACAD
1010
0.0
1020
0.0
1030
0.0
  0
LWPOLYLINE
  5
1EC7B
330
1F
100
AcDbEntity
  8
SD983
100
AcDbPolyline
 90
        5
 70
     0
 43
0.0
 10
195633.3472475536
 20
493737.7945636136
 10
195629.5669738139
 20
493737.7945636136
 10
195629.5669738139
 20
493736.7945636136
 10
195631.0669738139
 20
493736.7945636136
 10
195631.0669738139
 20
493737.7945636136
  0
HATCH
  5
1EC7C
330
1F
100
AcDbEntity
  8
SD983
100
AcDbHatch
 10
0.0
 20
0.0
 30
0.0
210
0.0
220
0.0
230
1.0
  2
ANSI31
 70
     0
 71
     1
 91
        1
 92
        1
 93
        1
 72
     2
 10
195630.3169738139
 20
493737.5445636135
 40
0.25
 50
0.0
 51
360.0
 73
     1
 97
        1
330
1EC7D
 75
     0
 76
     1
 52
0.0
 41
1.0
 77
     0
 78
     1
 53
225.0
 43
389376.6927810061
 44
940364.2440601435
 45
0.0883883476483184
 46
-0.0883883476483185
 79
     0
 98
        1
 10
98768.45283321355
 20
717057.993439264
1001
ACAD
1010
0.0
1020
0.0
1030
0.0
  0
CIRCLE
  5
1EC7D
102
{ACAD_REACTORS
330
1EC7C
102
}
330
1F
100
AcDbEntity
  8
SD983
100
AcDbCircle
 10
195630.3169738139
 20
493737.5445636135
 30
0.0
 40
0.25
  0
CIRCLE
  5
1EC7E
102
{ACAD_REACTORS
330
1EC7F
102
}
330
1F
100
AcDbEntity
  8
SD983
100
AcDbCircle
 10
195630.8169738139
 20
493737.5445636135
 30
0.0
 40
0.25
  0
HATCH
  5
1EC7F
330
1F
100
AcDbEntity
  8
SD983
100
AcDbHatch
 10
0.0
 20
0.0
 30
0.0
210
0.0
220
0.0
230
1.0
  2
ANSI31
 70
     0
 71
     1
 91
        1
 92
        1
 93
        1
 72
     2
 10
195630.8169738139
 20
493737.5445636135
 40
0.25
 50
0.0
 51
360.0
 73
     1
 97
        1
330
1EC7E
 75
     0
 76
     1
 52
0.0
 41
1.0
 77
     0
 78
     1
 53
225.0
 43
389376.6927810061
 44
940364.2440601435
 45
0.0883883476483184
 46
-0.0883883476483185
 79
     0
 98
        1
 10
98768.95283321355
 20
717057.993439264
1001
ACAD
1010
0.0
1020
0.0
1030
0.0
  0
HATCH
  5
1EC80
330
1F
100
AcDbEntity
  8
SD983
100
AcDbHatch
 10
0.0
 20
0.0
 30
0.0
210
0.0
220
0.0
230
1.0
  2
ANSI31
 70
     0
 71
     1
 91
        1
 92
        1
 93
        1
 72
     2
 10
195630.8169738139
 20
493737.0445636136
 40
0.25
 50
0.0
 51
360.0
 73
     1
 97
        1
330
1EC81
 75
     0
 76
     1
 52
0.0
 41
1.0
 77
     0
 78
     1
 53
225.0
 43
389376.6927810061
 44
940364.2440601435
 45
0.0883883476483184
 46
-0.0883883476483185
 79
     0
 98
        1
 10
98768.95283321355
 20
717057.4934392639
1001
ACAD
1010
0.0
1020
0.0
1030
0.0
  0
CIRCLE
  5
1EC81
102
{ACAD_REACTORS
330
1EC80
102
}
330
1F
100
AcDbEntity
  8
SD983
100
AcDbCircle
 10
195630.8169738139
 20
493737.0445636136
 30
0.0
 40
0.25
  0
CIRCLE
  5
1EC82
102
{ACAD_REACTORS
330
1EC83
102
}
330
1F
100
AcDbEntity
  8
SD983
100
AcDbCircle
 10
195630.3169738139
 20
493740.4814140958
 30
0.0
 40
0.25
  0
HATCH
  5
1EC83
330
1F
100
AcDbEntity
  8
SD983
100
AcDbHatch
 10
0.0
 20
0.0
 30
0.0
210
0.0
220
0.0
230
1.0
  2
ANSI31
 70
     0
 71
     1
 91
        1
 92
        1
 93
        1
 72
     2
 10
195630.3169738139
 20
493740.4814140958
 40
0.25
 50
0.0
 51
360.0
 73
     1
 97
        1
330
1EC82
 75
     0
 76
     1
 52
0.0
 41
1.0
 77
     0
 78
     1
 53
225.0
 43
389376.6927810061
 44
940371.0047349969
 45
0.0883883476483184
 46
-0.0883883476483184
 79
     0
 98
        1
 10
98768.45283321355
 20
717060.9302897459
1001
ACAD
1010
0.0
1020
0.0
1030
0.0
  0
LWPOLYLINE
  5
1EC84
330
1F
100
AcDbEntity
  8
SD983
100
AcDbPolyline
 90
        5
 70
     0
 43
0.0
 10
195633.3472475536
 20
493740.7314140958
 10
195629.5669738139
 20
493740.7314140958
 10
195629.5669738139
 20
493739.7314140958
 10
195630.5669738139
 20
493739.7314140958
 10
195630.5669738139
 20
493740.7314140958
  0
HATCH
  5
1EC85
330
1F
100
AcDbEntity
  8
SD983
100
AcDbHatch
 10
0.0
 20
0.0
 30
0.0
210
0.0
220
0.0
230
1.0
  2
ANSI31
 70
     0
 71
     1
 91
        1
 92
        1
 93
        1
 72
     2
 10
195629.8169738139
 20
493740.4814140958
 40
0.25
 50
0.0
 51
360.0
 73
     1
 97
        1
330
1EC86
 75
     0
 76
     1
 52
0.0
 41
1.0
 77
     0
 78
     1
 53
225.0
 43
389376.6927810061
 44
940371.0047349969
 45
0.0883883476483184
 46
-0.0883883476483184
 79
     0
 98
        1
 10
98767.95283321355
 20
717060.9302897459
1001
ACAD
1010
0.0
1020
0.0
1030
0.0
  0
CIRCLE
  5
1EC86
102
{ACAD_REACTORS
330
1EC85
102
}
330
1F
100
AcDbEntity
  8
SD983
100
AcDbCircle
 10
195629.8169738139
 20
493740.4814140958
 30
0.0
 40
0.25
  0
CIRCLE
  5
1EC87
102
{ACAD_REACTORS
330
1EC88
102
}
330
1F
100
AcDbEntity
  8
SD983
100
AcDbCircle
 10
195629.8169738139
 20
493739.9814140957
 30
0.0
 40
0.25
  0
HATCH
  5
1EC88
330
1F
100
AcDbEntity
  8
SD983
100
AcDbHatch
 10
0.0
 20
0.0
 30
0.0
210
0.0
220
0.0
230
1.0
  2
ANSI31
 70
     0
 71
     1
 91
        1
 92
        1
 93
        1
 72
     2
 10
195629.8169738139
 20
493739.9814140957
 40
0.25
 50
0.0
 51
360.0
 73
     1
 97
        1
330
1EC87
 75
     0
 76
     1
 52
0.0
 41
1.0
 77
     0
 78
     1
 53
225.0
 43
389376.6927810061
 44
940371.0047349969
 45
0.0883883476483184
 46
-0.0883883476483184
 79
     0
 98
        1
 10
98767.95283321355
 20
717060.4302897459
1001
ACAD
1010
0.0
1020
0.0
1030
0.0
  0
HATCH
  5
1EC89
330
1F
100
AcDbEntity
  8
SD983
100
AcDbHatch
 10
0.0
 20
0.0
 30
0.0
210
0.0
220
0.0
230
1.0
  2
ANSI31
 70
     0
 71
     1
 91
        1
 92
        1
 93
        1
 72
     2
 10
195630.3169738139
 20
493739.9814140957
 40
0.25
 50
0.0
 51
360.0
 73
     1
 97
        1
330
1EC8A
 75
     0
 76
     1
 52
0.0
 41
1.0
 77
     0
 78
     1
 53
225.0
 43
389376.6927810061
 44
940371.0047349969
 45
0.0883883476483184
 46
-0.0883883476483184
 79
     0
 98
        1
 10
98768.45283321355
 20
717060.4302897459
1001
ACAD
1010
0.0
1020
0.0
1030
0.0
  0
CIRCLE
  5
1EC8A
102
{ACAD_REACTORS
330
1EC89
102
}
330
1F
100
AcDbEntity
  8
SD983
100
AcDbCircle
 10
195630.3169738139
 20
493739.9814140957
 30
0.0
 40
0.25
  0
CIRCLE
  5
1EC8B
102
{ACAD_REACTORS
330
1EC8C
102
}
330
1F
100
AcDbEntity
  8
SD983
100
AcDbCircle
 10
195630.3169738139
 20
493742.9182645779
 30
0.0
 40
0.25
  0
HATCH
  5
1EC8C
330
1F
100
AcDbEntity
  8
SD983
100
AcDbHatch
 10
0.0
 20
0.0
 30
0.0
210
0.0
220
0.0
230
1.0
  2
ANSI31
 70
     0
 71
     1
 91
        1
 92
        1
 93
        1
 72
     2
 10
195630.3169738139
 20
493742.9182645779
 40
0.25
 50
0.0
 51
360.0
 73
     1
 97
        1
330
1EC8B
 75
     0
 76
     1
 52
0.0
 41
1.0
 77
     0
 78
     1
 53
225.0
 43
389376.6927810061
 44
940376.4805933901
 45
0.0883883476483184
 46
-0.0883883476483184
 79
     0
 98
        1
 10
98768.45283321355
 20
717063.3671402282
1001
ACAD
1010
0.0
1020
0.0
1030
0.0
  0
LWPOLYLINE
  5
1EC8D
330
1F
100
AcDbEntity
  8
SD983
100
AcDbPolyline
 90
        5
 70
     0
 43
0.0
 10
195633.3472475536
 20
493743.1682645779
 10
195629.5669738139
 20
493743.1682645779
 10
195629.5669738139
 20
493742.6682645778
 10
195631.5669738138
 20
493742.6682645778
 10
195631.5669738138
 20
493743.1682645779
  0
HATCH
  5
1EC8E
330
1F
100
AcDbEntity
  8
SD983
100
AcDbHatch
 10
0.0
 20
0.0
 30
0.0
210
0.0
220
0.0
230
1.0
  2
ANSI31
 70
     0
 71
     1
 91
        1
 92
        1
 93
        1
 72
     2
 10
195629.8169738139
 20
493742.9182645779
 40
0.25
 50
0.0
 51
360.0
 73
     1
 97
        1
330
1EC8F
 75
     0
 76
     1
 52
0.0
 41
1.0
 77
     0
 78
     1
 53
225.0
 43
389376.6927810061
 44
940376.4805933901
 45
0.0883883476483184
 46
-0.0883883476483184
 79
     0
 98
        1
 10
98767.95283321355
 20
717063.3671402282
1001
ACAD
1010
0.0
1020
0.0
1030
0.0
  0
CIRCLE
  5
1EC8F
102
{ACAD_REACTORS
330
1EC8E
102
}
330
1F
100
AcDbEntity
  8
SD983
100
AcDbCircle
 10
195629.8169738139
 20
493742.9182645779
 30
0.0
 40
0.25
  0
HATCH
  5
1EC90
330
1F
100
AcDbEntity
  8
SD983
100
AcDbHatch
 10
0.0
 20
0.0
 30
0.0
210
0.0
220
0.0
230
1.0
  2
ANSI31
 70
     0
 71
     1
 91
        1
 92
        1
 93
        1
 72
     2
 10
195630.8169738139
 20
493742.9182645779
 40
0.25
 50
0.0
 51
360.0
 73
     1
 97
        1
330
1EC91
 75
     0
 76
     1
 52
0.0
 41
1.0
 77
     0
 78
     1
 53
225.0
 43
389376.6927810061
 44
940376.4805933901
 45
0.0883883476483184
 46
-0.0883883476483184
 79
     0
 98
        1
 10
98768.95283321355
 20
717063.3671402282
1001
ACAD
1010
0.0
1020
0.0
1030
0.0
  0
CIRCLE
  5
1EC91
102
{ACAD_REACTORS
330
1EC90
102
}
330
1F
100
AcDbEntity
  8
SD983
100
AcDbCircle
 10
195630.8169738139
 20
493742.9182645779
 30
0.0
 40
0.25
  0
HATCH
  5
1EC92
330
1F
100
AcDbEntity
  8
SD983
100
AcDbHatch
 10
0.0
 20
0.0
 30
0.0
210
0.0
220
0.0
230
1.0
  2
ANSI31
 70
     0
 71
     1
 91
        1
 92
        1
 93
        1
 72
     2
 10
195631.3169738139
 20
493742.9182645779
 40
0.25
 50
0.0
 51
360.0
 73
     1
 97
        1
330
1EC93
 75
     0
 76
     1
 52
0.0
 41
1.0
 77
     0
 78
     1
 53
225.0
 43
389376.6927810061
 44
940376.4805933901
 45
0.0883883476483184
 46
-0.0883883476483184
 79
     0
 98
        1
 10
98769.45283321354
 20
717063.3671402282
1001
ACAD
1010
0.0
1020
0.0
1030
0.0
  0
CIRCLE
  5
1EC93
102
{ACAD_REACTORS
330
1EC92
102
}
330
1F
100
AcDbEntity
  8
SD983
100
AcDbCircle
 10
195631.3169738139
 20
493742.9182645779
 30
0.0
 40
0.25
  0
CIRCLE
  5
1EC94
102
{ACAD_REACTORS
330
1EC95
102
}
330
1F
100
AcDbEntity
  8
SD983
100
AcDbCircle
 10
195630.3169738139
 20
493744.8551150599
 30
0.0
 40
0.25
  0
HATCH
  5
1EC95
330
1F
100
AcDbEntity
  8
SD983
100
AcDbHatch
 10
0.0
 20
0.0
 30
0.0
210
0.0
220
0.0
230
1.0
  2
ANSI31
 70
     0
 71
     1
 91
        1
 92
        1
 93
        1
 72
     2
 10
195630.3169738139
 20
493744.8551150599
 40
0.25
 50
0.0
 51
360.0
 73
     1
 97
        1
330
1EC94
 75
     0
 76
     1
 52
0.0
 41
1.0
 77
     0
 78
     1
 53
45.0
 43
-12709.51163246701
 44
3027.002352408366
 45
-0.0883883476483184
 46
0.0883883476483185
 79
     0
 98
        1
 10
98768.45283321355
 20
717065.3039907105
1001
ACAD
1010
0.0
1020
0.0
1030
0.0
  0
LWPOLYLINE
  5
1EC96
330
1F
100
AcDbEntity
  8
SD983
100
AcDbPolyline
 90
        5
 70
     0
 43
0.0
 10
195633.3472475536
 20
493745.1051150599
 10
195629.5669738139
 20
493745.1051150599
 10
195629.5669738139
 20
493744.6051150599
 10
195631.0669738139
 20
493744.6051150599
 10
195631.0669738139
 20
493745.1051150599
  0
HATCH
  5
1EC97
330
1F
100
AcDbEntity
  8
SD983
100
AcDbHatch
 10
0.0
 20
0.0
 30
0.0
210
0.0
220
0.0
230
1.0
  2
ANSI31
 70
     0
 71
     1
 91
        1
 92
        1
 93
        1
 72
     2
 10
195629.8169738139
 20
493744.8551150599
 40
0.25
 50
0.0
 51
360.0
 73
     1
 97
        1
330
1EC98
 75
     0
 76
     1
 52
0.0
 41
1.0
 77
     0
 78
     1
 53
45.0
 43
-12709.51163246701
 44
3027.002352408366
 45
-0.0883883476483184
 46
0.0883883476483185
 79
     0
 98
        1
 10
98767.95283321355
 20
717065.3039907105
1001
ACAD
1010
0.0
1020
0.0
1030
0.0
  0
CIRCLE
  5
1EC98
102
{ACAD_REACTORS
330
1EC97
102
}
330
1F
100
AcDbEntity
  8
SD983
100
AcDbCircle
 10
195629.8169738139
 20
493744.8551150599
 30
0.0
 40
0.25
  0
HATCH
  5
1EC99
330
1F
100
AcDbEntity
  8
SD983
100
AcDbHatch
 10
0.0
 20
0.0
 30
0.0
210
0.0
220
0.0
230
1.0
  2
ANSI31
 70
     0
 71
     1
 91
        1
 92
        1
 93
        1
 72
     2
 10
195630.8169738139
 20
493744.8551150599
 40
0.25
 50
0.0
 51
360.0
 73
     1
 97
        1
330
1EC9A
 75
     0
 76
     1
 52
0.0
 41
1.0
 77
     0
 78
     1
 53
45.0
 43
-12709.51163246701
 44
3027.002352408366
 45
-0.0883883476483184
 46
0.0883883476483185
 79
     0
 98
        1
 10
98768.95283321355
 20
717065.3039907105
1001
ACAD
1010
0.0
1020
0.0
1030
0.0
  0
CIRCLE
  5
1EC9A
102
{ACAD_REACTORS
330
1EC99
102
}
330
1F
100
AcDbEntity
  8
SD983
100
AcDbCircle
 10
195630.8169738139
 20
493744.8551150599
 30
0.0
 40
0.25
  0
CIRCLE
  5
1EC9B
102
{ACAD_REACTORS
330
1EC9C
102
}
330
1F
100
AcDbEntity
  8
SD983
100
AcDbCircle
 10
195629.8169738139
 20
493746.7919655421
 30
0.0
 40
0.25
  0
HATCH
  5
1EC9C
330
1F
100
AcDbEntity
  8
SD983
100
AcDbHatch
 10
0.0
 20
0.0
 30
0.0
210
0.0
220
0.0
230
1.0
  2
ANSI31
 70
     0
 71
     1
 91
        1
 92
        1
 93
        1
 72
     2
 10
195629.8169738139
 20
493746.7919655421
 40
0.25
 50
0.0
 51
360.0
 73
     1
 97
        1
330
1EC9B
 75
     0
 76
     1
 52
0.0
 41
1.0
 77
     0
 78
     1
 53
45.0
 43
-12709.51163246701
 44
3027.002352408366
 45
-0.0883883476483184
 46
0.0883883476483185
 79
     0
 98
        1
 10
98767.95283321355
 20
717067.2408411927
1001
ACAD
1010
0.0
1020
0.0
1030
0.0
  0
LWPOLYLINE
  5
1EC9D
330
1F
100
AcDbEntity
  8
SD983
100
AcDbPolyline
 90
        5
 70
     0
 43
0.0
 10
195633.3472475536
 20
493747.0419655421
 10
195629.5669738139
 20
493747.0419655421
 10
195629.5669738139
 20
493746.5419655421
 10
195630.5669738139
 20
493746.5419655421
 10
195630.5669738139
 20
493747.0419655421
  0
HATCH
  5
1EC9E
330
1F
100
AcDbEntity
  8
SD983
100
AcDbHatch
 10
0.0
 20
0.0
 30
0.0
210
0.0
220
0.0
230
1.0
  2
ANSI31
 70
     0
 71
     1
 91
        1
 92
        1
 93
        1
 72
     2
 10
195630.3169738139
 20
493746.7919655421
 40
0.25
 50
0.0
 51
360.0
 73
     1
 97
        1
330
1EC9F
 75
     0
 76
     1
 52
0.0
 41
1.0
 77
     0
 78
     1
 53
45.0
 43
-12709.51163246701
 44
3027.002352408366
 45
-0.0883883476483184
 46
0.0883883476483185
 79
     0
 98
        1
 10
98768.45283321355
 20
717067.2408411927
1001
ACAD
1010
0.0
1020
0.0
1030
0.0
  0
CIRCLE
  5
1EC9F
102
{ACAD_REACTORS
330
1EC9E
102
}
330
1F
100
AcDbEntity
  8
SD983
100
AcDbCircle
 10
195630.3169738139
 20
493746.7919655421
 30
0.0
 40
0.25
  0
LWPOLYLINE
  5
1ECA0
330
1F
100
AcDbEntity
  8
SD983
100
AcDbPolyline
 90
        5
 70
     0
 43
0.0
 10
195633.3472475536
 20
493748.9788160242
 10
195629.5669738139
 20
493748.9788160242
 10
195629.5669738139
 20
493748.4788160242
 10
195630.0669738138
 20
493748.4788160242
 10
195630.0669738138
 20
493748.9788160242
  0
HATCH
  5
1ECA1
330
1F
100
AcDbEntity
  8
SD983
100
AcDbHatch
 10
0.0
 20
0.0
 30
0.0
210
0.0
220
0.0
230
1.0
  2
ANSI31
 70
     0
 71
     1
 91
        1
 92
        1
 93
        1
 72
     2
 10
195629.8169738139
 20
493748.7288160242
 40
0.25
 50
0.0
 51
360.0
 73
     1
 97
        1
330
1ECA2
 75
     0
 76
     1
 52
0.0
 41
1.0
 77
     0
 78
     1
 53
45.0
 43
-12709.51163246701
 44
3027.002352408366
 45
-0.0883883476483184
 46
0.0883883476483185
 79
     0
 98
        1
 10
98767.95283321355
 20
717069.1776916749
1001
ACAD
1010
0.0
1020
0.0
1030
0.0
  0
CIRCLE
  5
1ECA2
102
{ACAD_REACTORS
330
1ECA1
102
}
330
1F
100
AcDbEntity
  8
SD983
100
AcDbCircle
 10
195629.8169738139
 20
493748.7288160242
 30
0.0
 40
0.25
  0
CIRCLE
  5
1ECA3
102
{ACAD_REACTORS
330
1ECA4
102
}
330
1F
100
AcDbEntity
  8
SD983
100
AcDbCircle
 10
195644.5958041049
 20
493721.6911097028
 30
0.0
 40
0.5
  0
HATCH
  5
1ECA4
330
1F
100
AcDbEntity
  8
SD983
100
AcDbHatch
 10
0.0
 20
0.0
 30
0.0
210
0.0
220
0.0
230
1.0
  2
ANSI31
 70
     0
 71
     1
 91
        1
 92
        1
 93
        1
 72
     2
 10
195644.5958041049
 20
493721.6911097028
 40
0.5
 50
0.0
 51
360.0
 73
     1
 97
        1
330
1ECA3
 75
     0
 76
     1
 52
0.0
 41
1.0
 77
     0
 78
     1
 53
45.0
 43
1866.764548285107
 44
47105.95804313413
 45
-0.0883883476483185
 46
0.0883883476483185
 79
     0
 98
        1
 10
389368.3240853056
 20
47080.79335840151
1001
ACAD
1010
0.0
1020
0.0
1030
0.0
  0
HATCH
  5
1ECA5
330
1F
100
AcDbEntity
  8
SD983
100
AcDbHatch
 10
0.0
 20
0.0
 30
0.0
210
0.0
220
0.0
230
1.0
  2
ANSI31
 70
     0
 71
     1
 91
        1
 92
        1
 93
        1
 72
     2
 10
195645.5958041049
 20
493721.6911097028
 40
0.5
 50
0.0
 51
360.0
 73
     1
 97
        1
330
1ECA6
 75
     0
 76
     1
 52
0.0
 41
1.0
 77
     0
 78
     1
 53
45.0
 43
1866.764548285107
 44
47105.95804313413
 45
-0.0883883476483185
 46
0.0883883476483185
 79
     0
 98
        1
 10
389369.3240853057
 20
47080.79335840151
1001
ACAD
1010
0.0
1020
0.0
1030
0.0
  0
CIRCLE
  5
1ECA6
102
{ACAD_REACTORS
330
1ECA5
102
}
330
1F
100
AcDbEntity
  8
SD983
100
AcDbCircle
 10
195645.5958041049
 20
493721.6911097028
 30
0.0
 40
0.5
  0
CIRCLE
  5
1ECA7
102
{ACAD_REACTORS
330
1ECA8
102
}
330
1F
100
AcDbEntity
  8
SD983
100
AcDbCircle
 10
195645.5958041049
 20
493720.6911097026
 30
0.0
 40
0.5
  0
HATCH
  5
1ECA8
330
1F
100
AcDbEntity
  8
SD983
100
AcDbHatch
 10
0.0
 20
0.0
 30
0.0
210
0.0
220
0.0
230
1.0
  2
ANSI31
 70
     0
 71
     1
 91
        1
 92
        1
 93
        1
 72
     2
 10
195645.5958041049
 20
493720.6911097026
 40
0.5
 50
0.0
 51
360.0
 73
     1
 97
        1
330
1ECA7
 75
     0
 76
     1
 52
0.0
 41
1.0
 77
     0
 78
     1
 53
45.0
 43
1866.764548285107
 44
47105.95804313413
 45
-0.0883883476483185
 46
0.0883883476483185
 79
     0
 98
        1
 10
389369.3240853057
 20
47079.79335840151
1001
ACAD
1010
0.0
1020
0.0
1030
0.0
  0
LWPOLYLINE
  5
1ECA9
330
1F
100
AcDbEntity
  8
SD983
100
AcDbPolyline
 90
        5
 70
     0
 43
0.0
 10
195638.5352566255
 20
493720.1911097027
 10
195646.0958041049
 20
493720.1911097027
 10
195646.0958041049
 20
493722.1911097026
 10
195642.0958041048
 20
493722.1911097026
 10
195642.0958041048
 20
493720.1911097027
  0
HATCH
  5
1ECAA
330
1F
100
AcDbEntity
  8
SD983
100
AcDbHatch
 10
0.0
 20
0.0
 30
0.0
210
0.0
220
0.0
230
1.0
  2
ANSI31
 70
     0
 71
     1
 91
        1
 92
        1
 93
        1
 72
     2
 10
195644.5958041049
 20
493720.6911097026
 40
0.5
 50
0.0
 51
360.0
 73
     1
 97
        1
330
1ECAB
 75
     0
 76
     1
 52
0.0
 41
1.0
 77
     0
 78
     1
 53
45.0
 43
1866.764548285107
 44
47105.95804313413
 45
-0.0883883476483185
 46
0.0883883476483185
 79
     0
 98
        1
 10
389368.3240853056
 20
47079.79335840151
1001
ACAD
1010
0.0
1020
0.0
1030
0.0
  0
CIRCLE
  5
1ECAB
102
{ACAD_REACTORS
330
1ECAA
102
}
330
1F
100
AcDbEntity
  8
SD983
100
AcDbCircle
 10
195644.5958041049
 20
493720.6911097026
 30
0.0
 40
0.5
  0
CIRCLE
  5
1ECAC
102
{ACAD_REACTORS
330
1ECAD
102
}
330
1F
100
AcDbEntity
  8
SD983
100
AcDbCircle
 10
195642.5958041049
 20
493720.6911097026
 30
0.0
 40
0.5
  0
HATCH
  5
1ECAD
330
1F
100
AcDbEntity
  8
SD983
100
AcDbHatch
 10
0.0
 20
0.0
 30
0.0
210
0.0
220
0.0
230
1.0
  2
ANSI31
 70
     0
 71
     1
 91
        1
 92
        1
 93
        1
 72
     2
 10
195642.5958041049
 20
493720.6911097026
 40
0.5
 50
0.0
 51
360.0
 73
     1
 97
        1
330
1ECAC
 75
     0
 76
     1
 52
0.0
 41
1.0
 77
     0
 78
     1
 53
45.0
 43
1865.764548285108
 44
47105.95804313413
 45
-0.0883883476483185
 46
0.0883883476483185
 79
     0
 98
        1
 10
389366.3240853057
 20
47079.79335840151
1001
ACAD
1010
0.0
1020
0.0
1030
0.0
  0
HATCH
  5
1ECAE
330
1F
100
AcDbEntity
  8
SD983
100
AcDbHatch
 10
0.0
 20
0.0
 30
0.0
210
0.0
220
0.0
230
1.0
  2
ANSI31
 70
     0
 71
     1
 91
        1
 92
        1
 93
        1
 72
     2
 10
195642.5958041049
 20
493721.6911097028
 40
0.5
 50
0.0
 51
360.0
 73
     1
 97
        1
330
1ECAF
 75
     0
 76
     1
 52
0.0
 41
1.0
 77
     0
 78
     1
 53
45.0
 43
1865.764548285108
 44
47105.95804313413
 45
-0.0883883476483185
 46
0.0883883476483185
 79
     0
 98
        1
 10
389366.3240853057
 20
47080.79335840151
1001
ACAD
1010
0.0
1020
0.0
1030
0.0
  0
CIRCLE
  5
1ECAF
102
{ACAD_REACTORS
330
1ECAE
102
}
330
1F
100
AcDbEntity
  8
SD983
100
AcDbCircle
 10
195642.5958041049
 20
493721.6911097028
 30
0.0
 40
0.5
  0
CIRCLE
  5
1ECB0
102
{ACAD_REACTORS
330
1ECB1
102
}
330
1F
100
AcDbEntity
  8
SD983
100
AcDbCircle
 10
195644.5958041049
 20
493717.7542226695
 30
0.0
 40
0.5
  0
HATCH
  5
1ECB1
330
1F
100
AcDbEntity
  8
SD983
100
AcDbHatch
 10
0.0
 20
0.0
 30
0.0
210
0.0
220
0.0
230
1.0
  2
ANSI31
 70
     0
 71
     1
 91
        1
 92
        1
 93
        1
 72
     2
 10
195644.5958041049
 20
493717.7542226695
 40
0.5
 50
0.0
 51
360.0
 73
     1
 97
        1
330
1ECB0
 75
     0
 76
     1
 52
0.0
 41
1.0
 77
     0
 78
     1
 53
315.0
 43
1866.764548285107
 44
940333.4872892378
 45
-0.0883883476483185
 46
-0.0883883476483185
 79
     0
 98
        1
 10
389368.3240853056
 20
940358.6519739706
1001
ACAD
1010
0.0
1020
0.0
1030
0.0
  0
HATCH
  5
1ECB2
330
1F
100
AcDbEntity
  8
SD983
100
AcDbHatch
 10
0.0
 20
0.0
 30
0.0
210
0.0
220
0.0
230
1.0
  2
ANSI31
 70
     0
 71
     1
 91
        1
 92
        1
 93
        1
 72
     2
 10
195645.5958041049
 20
493717.7542226695
 40
0.5
 50
0.0
 51
360.0
 73
     1
 97
        1
330
1ECB3
 75
     0
 76
     1
 52
0.0
 41
1.0
 77
     0
 78
     1
 53
315.0
 43
1866.764548285107
 44
940333.4872892378
 45
-0.0883883476483185
 46
-0.0883883476483185
 79
     0
 98
        1
 10
389369.3240853057
 20
940358.6519739706
1001
ACAD
1010
0.0
1020
0.0
1030
0.0
  0
CIRCLE
  5
1ECB3
102
{ACAD_REACTORS
330
1ECB2
102
}
330
1F
100
AcDbEntity
  8
SD983
100
AcDbCircle
 10
195645.5958041049
 20
493717.7542226695
 30
0.0
 40
0.5
  0
CIRCLE
  5
1ECB4
102
{ACAD_REACTORS
330
1ECB5
102
}
330
1F
100
AcDbEntity
  8
SD983
100
AcDbCircle
 10
195645.5958041049
 20
493718.7542226696
 30
0.0
 40
0.5
  0
HATCH
  5
1ECB5
330
1F
100
AcDbEntity
  8
SD983
100
AcDbHatch
 10
0.0
 20
0.0
 30
0.0
210
0.0
220
0.0
230
1.0
  2
ANSI31
 70
     0
 71
     1
 91
        1
 92
        1
 93
        1
 72
     2
 10
195645.5958041049
 20
493718.7542226696
 40
0.5
 50
0.0
 51
360.0
 73
     1
 97
        1
330
1ECB4
 75
     0
 76
     1
 52
0.0
 41
1.0
 77
     0
 78
     1
 53
315.0
 43
1866.764548285107
 44
940333.4872892378
 45
-0.0883883476483185
 46
-0.0883883476483185
 79
     0
 98
        1
 10
389369.3240853057
 20
940359.6519739705
1001
ACAD
1010
0.0
1020
0.0
1030
0.0
  0
LWPOLYLINE
  5
1ECB6
330
1F
100
AcDbEntity
  8
SD983
100
AcDbPolyline
 90
        5
 70
     0
 43
0.0
 10
195638.5352566255
 20
493719.2542226696
 10
195646.0958041049
 20
493719.2542226696
 10
195646.0958041049
 20
493717.2542226696
 10
195642.0958041048
 20
493717.2542226696
 10
195642.0958041048
 20
493719.2542226696
  0
HATCH
  5
1ECB7
330
1F
100
AcDbEntity
  8
SD983
100
AcDbHatch
 10
0.0
 20
0.0
 30
0.0
210
0.0
220
0.0
230
1.0
  2
ANSI31
 70
     0
 71
     1
 91
        1
 92
        1
 93
        1
 72
     2
 10
195644.5958041049
 20
493718.7542226696
 40
0.5
 50
0.0
 51
360.0
 73
     1
 97
        1
330
1ECB8
 75
     0
 76
     1
 52
0.0
 41
1.0
 77
     0
 78
     1
 53
315.0
 43
1866.764548285107
 44
940333.4872892378
 45
-0.0883883476483185
 46
-0.0883883476483185
 79
     0
 98
        1
 10
389368.3240853056
 20
940359.6519739705
1001
ACAD
1010
0.0
1020
0.0
1030
0.0
  0
CIRCLE
  5
1ECB8
102
{ACAD_REACTORS
330
1ECB7
102
}
330
1F
100
AcDbEntity
  8
SD983
100
AcDbCircle
 10
195644.5958041049
 20
493718.7542226696
 30
0.0
 40
0.5
  0
CIRCLE
  5
1ECB9
102
{ACAD_REACTORS
330
1ECBA
102
}
330
1F
100
AcDbEntity
  8
SD983
100
AcDbCircle
 10
195642.5958041049
 20
493718.7542226696
 30
0.0
 40
0.5
  0
HATCH
  5
1ECBA
330
1F
100
AcDbEntity
  8
SD983
100
AcDbHatch
 10
0.0
 20
0.0
 30
0.0
210
0.0
220
0.0
230
1.0
  2
ANSI31
 70
     0
 71
     1
 91
        1
 92
        1
 93
        1
 72
     2
 10
195642.5958041049
 20
493718.7542226696
 40
0.5
 50
0.0
 51
360.0
 73
     1
 97
        1
330
1ECB9
 75
     0
 76
     1
 52
0.0
 41
1.0
 77
     0
 78
     1
 53
315.0
 43
1865.764548285108
 44
940333.4872892378
 45
-0.0883883476483185
 46
-0.0883883476483185
 79
     0
 98
        1
 10
389366.3240853057
 20
940359.6519739705
1001
ACAD
1010
0.0
1020
0.0
1030
0.0
  0
HATCH
  5
1ECBB
330
1F
100
AcDbEntity
  8
SD983
100
AcDbHatch
 10
0.0
 20
0.0
 30
0.0
210
0.0
220
0.0
230
1.0
  2
ANSI31
 70
     0
 71
     1
 91
        1
 92
        1
 93
        1
 72
     2
 10
195642.5958041049
 20
493717.7542226695
 40
0.5
 50
0.0
 51
360.0
 73
     1
 97
        1
330
1ECBC
 75
     0
 76
     1
 52
0.0
 41
1.0
 77
     0
 78
     1
 53
315.0
 43
1865.764548285108
 44
940333.4872892378
 45
-0.0883883476483185
 46
-0.0883883476483185
 79
     0
 98
        1
 10
389366.3240853057
 20
940358.6519739706
1001
ACAD
1010
0.0
1020
0.0
1030
0.0
  0
CIRCLE
  5
1ECBC
102
{ACAD_REACTORS
330
1ECBB
102
}
330
1F
100
AcDbEntity
  8
SD983
100
AcDbCircle
 10
195642.5958041049
 20
493717.7542226695
 30
0.0
 40
0.5
  0
CIRCLE
  5
1ECBD
102
{ACAD_REACTORS
330
1ECBE
102
}
330
1F
100
AcDbEntity
  8
SD983
100
AcDbCircle
 10
195643.5958041049
 20
493721.6911097028
 30
0.0
 40
0.5
  0
HATCH
  5
1ECBE
330
1F
100
AcDbEntity
  8
SD983
100
AcDbHatch
 10
0.0
 20
0.0
 30
0.0
210
0.0
220
0.0
230
1.0
  2
ANSI31
 70
     0
 71
     1
 91
        1
 92
        1
 93
        1
 72
     2
 10
195643.5958041049
 20
493721.6911097028
 40
0.5
 50
0.0
 51
360.0
 73
     1
 97
        1
330
1ECBD
 75
     0
 76
     1
 52
0.0
 41
1.0
 77
     0
 78
     1
 53
45.0
 43
1865.764548285108
 44
47105.95804313413
 45
-0.0883883476483185
 46
0.0883883476483185
 79
     0
 98
        1
 10
389367.3240853057
 20
47080.79335840151
1001
ACAD
1010
0.0
1020
0.0
1030
0.0
  0
HATCH
  5
1ECBF
330
1F
100
AcDbEntity
  8
SD983
100
AcDbHatch
 10
0.0
 20
0.0
 30
0.0
210
0.0
220
0.0
230
1.0
  2
ANSI31
 70
     0
 71
     1
 91
        1
 92
        1
 93
        1
 72
     2
 10
195643.5958041049
 20
493720.6911097026
 40
0.5
 50
0.0
 51
360.0
 73
     1
 97
        1
330
1ECC0
 75
     0
 76
     1
 52
0.0
 41
1.0
 77
     0
 78
     1
 53
45.0
 43
1865.764548285108
 44
47105.95804313413
 45
-0.0883883476483185
 46
0.0883883476483185
 79
     0
 98
        1
 10
389367.3240853057
 20
47079.79335840151
1001
ACAD
1010
0.0
1020
0.0
1030
0.0
  0
CIRCLE
  5
1ECC0
102
{ACAD_REACTORS
330
1ECBF
102
}
330
1F
100
AcDbEntity
  8
SD983
100
AcDbCircle
 10
195643.5958041049
 20
493720.6911097026
 30
0.0
 40
0.5
  0
CIRCLE
  5
1ECC1
102
{ACAD_REACTORS
330
1ECC2
102
}
330
1F
100
AcDbEntity
  8
SD983
100
AcDbCircle
 10
195648.4756634375
 20
493721.6911097028
 30
0.0
 40
0.5
  0
HATCH
  5
1ECC2
330
1F
100
AcDbEntity
  8
SD983
100
AcDbHatch
 10
0.0
 20
0.0
 30
0.0
210
0.0
220
0.0
230
1.0
  2
ANSI31
 70
     0
 71
     1
 91
        1
 92
        1
 93
        1
 72
     2
 10
195648.4756634375
 20
493721.6911097028
 40
0.5
 50
0.0
 51
360.0
 73
     1
 97
        1
330
1ECC1
 75
     0
 76
     1
 52
0.0
 41
1.0
 77
     0
 78
     1
 53
45.0
 43
-12709.51163246701
 44
3027.002352408366
 45
-0.0883883476483184
 46
0.0883883476483185
 79
     0
 98
        1
 10
1924.747382236761
 20
47080.79335840151
1001
ACAD
1010
0.0
1020
0.0
1030
0.0
  0
HATCH
  5
1ECC3
330
1F
100
AcDbEntity
  8
SD983
100
AcDbHatch
 10
0.0
 20
0.0
 30
0.0
210
0.0
220
0.0
230
1.0
  2
ANSI31
 70
     0
 71
     1
 91
        1
 92
        1
 93
        1
 72
     2
 10
195647.4756634375
 20
493721.6911097028
 40
0.5
 50
0.0
 51
360.0
 73
     1
 97
        1
330
1ECC4
 75
     0
 76
     1
 52
0.0
 41
1.0
 77
     0
 78
     1
 53
45.0
 43
-12709.51163246701
 44
3027.002352408366
 45
-0.0883883476483184
 46
0.0883883476483185
 79
     0
 98
        1
 10
1923.747382236761
 20
47080.79335840151
1001
ACAD
1010
0.0
1020
0.0
1030
0.0
  0
CIRCLE
  5
1ECC4
102
{ACAD_REACTORS
330
1ECC3
102
}
330
1F
100
AcDbEntity
  8
SD983
100
AcDbCircle
 10
195647.4756634375
 20
493721.6911097028
 30
0.0
 40
0.5
  0
CIRCLE
  5
1ECC5
102
{ACAD_REACTORS
330
1ECC6
102
}
330
1F
100
AcDbEntity
  8
SD983
100
AcDbCircle
 10
195647.4756634375
 20
493720.6911097026
 30
0.0
 40
0.5
  0
HATCH
  5
1ECC6
330
1F
100
AcDbEntity
  8
SD983
100
AcDbHatch
 10
0.0
 20
0.0
 30
0.0
210
0.0
220
0.0
230
1.0
  2
ANSI31
 70
     0
 71
     1
 91
        1
 92
        1
 93
        1
 72
     2
 10
195647.4756634375
 20
493720.6911097026
 40
0.5
 50
0.0
 51
360.0
 73
     1
 97
        1
330
1ECC5
 75
     0
 76
     1
 52
0.0
 41
1.0
 77
     0
 78
     1
 53
45.0
 43
-12709.51163246701
 44
3027.002352408366
 45
-0.0883883476483184
 46
0.0883883476483185
 79
     0
 98
        1
 10
1923.747382236761
 20
47079.79335840151
1001
ACAD
1010
0.0
1020
0.0
1030
0.0
  0
LWPOLYLINE
  5
1ECC7
330
1F
100
AcDbEntity
  8
SD983
100
AcDbPolyline
 90
        5
 70
     0
 43
0.0
 10
195654.5362109169
 20
493720.1911097027
 10
195646.9756634375
 20
493720.1911097027
 10
195646.9756634375
 20
493722.1911097026
 10
195650.9756634375
 20
493722.1911097026
 10
195650.9756634375
 20
493720.1911097027
  0
HATCH
  5
1ECC8
330
1F
100
AcDbEntity
  8
SD983
100
AcDbHatch
 10
0.0
 20
0.0
 30
0.0
210
0.0
220
0.0
230
1.0
  2
ANSI31
 70
     0
 71
     1
 91
        1
 92
        1
 93
        1
 72
     2
 10
195648.4756634375
 20
493720.6911097026
 40
0.5
 50
0.0
 51
360.0
 73
     1
 97
        1
330
1ECC9
 75
     0
 76
     1
 52
0.0
 41
1.0
 77
     0
 78
     1
 53
45.0
 43
-12709.51163246701
 44
3027.002352408366
 45
-0.0883883476483184
 46
0.0883883476483185
 79
     0
 98
        1
 10
1924.747382236761
 20
47079.79335840151
1001
ACAD
1010
0.0
1020
0.0
1030
0.0
  0
CIRCLE
  5
1ECC9
102
{ACAD_REACTORS
330
1ECC8
102
}
330
1F
100
AcDbEntity
  8
SD983
100
AcDbCircle
 10
195648.4756634375
 20
493720.6911097026
 30
0.0
 40
0.5
  0
CIRCLE
  5
1ECCA
102
{ACAD_REACTORS
330
1ECCB
102
}
330
1F
100
AcDbEntity
  8
SD983
100
AcDbCircle
 10
195650.4756634375
 20
493720.6911097026
 30
0.0
 40
0.5
  0
HATCH
  5
1ECCB
330
1F
100
AcDbEntity
  8
SD983
100
AcDbHatch
 10
0.0
 20
0.0
 30
0.0
210
0.0
220
0.0
230
1.0
  2
ANSI31
 70
     0
 71
     1
 91
        1
 92
        1
 93
        1
 72
     2
 10
195650.4756634375
 20
493720.6911097026
 40
0.5
 50
0.0
 51
360.0
 73
     1
 97
        1
330
1ECCA
 75
     0
 76
     1
 52
0.0
 41
1.0
 77
     0
 78
     1
 53
45.0
 43
-12709.51163246701
 44
3027.002352408366
 45
-0.0883883476483184
 46
0.0883883476483185
 79
     0
 98
        1
 10
1926.747382236761
 20
47079.79335840151
1001
ACAD
1010
0.0
1020
0.0
1030
0.0
  0
HATCH
  5
1ECCC
330
1F
100
AcDbEntity
  8
SD983
100
AcDbHatch
 10
0.0
 20
0.0
 30
0.0
210
0.0
220
0.0
230
1.0
  2
ANSI31
 70
     0
 71
     1
 91
        1
 92
        1
 93
        1
 72
     2
 10
195650.4756634375
 20
493721.6911097028
 40
0.5
 50
0.0
 51
360.0
 73
     1
 97
        1
330
1ECCD
 75
     0
 76
     1
 52
0.0
 41
1.0
 77
     0
 78
     1
 53
45.0
 43
-12709.51163246701
 44
3027.002352408366
 45
-0.0883883476483184
 46
0.0883883476483185
 79
     0
 98
        1
 10
1926.747382236761
 20
47080.79335840151
1001
ACAD
1010
0.0
1020
0.0
1030
0.0
  0
CIRCLE
  5
1ECCD
102
{ACAD_REACTORS
330
1ECCC
102
}
330
1F
100
AcDbEntity
  8
SD983
100
AcDbCircle
 10
195650.4756634375
 20
493721.6911097028
 30
0.0
 40
0.5
  0
CIRCLE
  5
1ECCE
102
{ACAD_REACTORS
330
1ECCF
102
}
330
1F
100
AcDbEntity
  8
SD983
100
AcDbCircle
 10
195648.4756634375
 20
493717.7542226695
 30
0.0
 40
0.5
  0
HATCH
  5
1ECCF
330
1F
100
AcDbEntity
  8
SD983
100
AcDbHatch
 10
0.0
 20
0.0
 30
0.0
210
0.0
220
0.0
230
1.0
  2
ANSI31
 70
     0
 71
     1
 91
        1
 92
        1
 93
        1
 72
     2
 10
195648.4756634375
 20
493717.7542226695
 40
0.5
 50
0.0
 51
360.0
 73
     1
 97
        1
330
1ECCE
 75
     0
 76
     1
 52
0.0
 41
1.0
 77
     0
 78
     1
 53
45.0
 43
1866.764548285107
 44
47108.11259499238
 45
-0.0883883476483184
 46
0.0883883476483185
 79
     0
 98
        1
 10
1924.747382236761
 20
940358.6519739706
1001
ACAD
1010
0.0
1020
0.0
1030
0.0
  0
HATCH
  5
1ECD0
330
1F
100
AcDbEntity
  8
SD983
100
AcDbHatch
 10
0.0
 20
0.0
 30
0.0
210
0.0
220
0.0
230
1.0
  2
ANSI31
 70
     0
 71
     1
 91
        1
 92
        1
 93
        1
 72
     2
 10
195647.4756634375
 20
493717.7542226695
 40
0.5
 50
0.0
 51
360.0
 73
     1
 97
        1
330
1ECD1
 75
     0
 76
     1
 52
0.0
 41
1.0
 77
     0
 78
     1
 53
45.0
 43
1866.764548285107
 44
47108.11259499238
 45
-0.0883883476483184
 46
0.0883883476483185
 79
     0
 98
        1
 10
1923.747382236761
 20
940358.6519739706
1001
ACAD
1010
0.0
1020
0.0
1030
0.0
  0
CIRCLE
  5
1ECD1
102
{ACAD_REACTORS
330
1ECD0
102
}
330
1F
100
AcDbEntity
  8
SD983
100
AcDbCircle
 10
195647.4756634375
 20
493717.7542226695
 30
0.0
 40
0.5
  0
CIRCLE
  5
1ECD2
102
{ACAD_REACTORS
330
1ECD3
102
}
330
1F
100
AcDbEntity
  8
SD983
100
AcDbCircle
 10
195647.4756634375
 20
493718.7542226696
 30
0.0
 40
0.5
  0
HATCH
  5
1ECD3
330
1F
100
AcDbEntity
  8
SD983
100
AcDbHatch
 10
0.0
 20
0.0
 30
0.0
210
0.0
220
0.0
230
1.0
  2
ANSI31
 70
     0
 71
     1
 91
        1
 92
        1
 93
        1
 72
     2
 10
195647.4756634375
 20
493718.7542226696
 40
0.5
 50
0.0
 51
360.0
 73
     1
 97
        1
330
1ECD2
 75
     0
 76
     1
 52
0.0
 41
1.0
 77
     0
 78
     1
 53
45.0
 43
1866.764548285107
 44
47108.11259499238
 45
-0.0883883476483184
 46
0.0883883476483185
 79
     0
 98
        1
 10
1923.747382236761
 20
940359.6519739705
1001
ACAD
1010
0.0
1020
0.0
1030
0.0
  0
LWPOLYLINE
  5
1ECD4
330
1F
100
AcDbEntity
  8
SD983
100
AcDbPolyline
 90
        5
 70
     0
 43
0.0
 10
195654.5362109169
 20
493719.2542226696
 10
195646.9756634375
 20
493719.2542226696
 10
195646.9756634375
 20
493717.2542226696
 10
195650.9756634375
 20
493717.2542226696
 10
195650.9756634375
 20
493719.2542226696
  0
HATCH
  5
1ECD5
330
1F
100
AcDbEntity
  8
SD983
100
AcDbHatch
 10
0.0
 20
0.0
 30
0.0
210
0.0
220
0.0
230
1.0
  2
ANSI31
 70
     0
 71
     1
 91
        1
 92
        1
 93
        1
 72
     2
 10
195648.4756634375
 20
493718.7542226696
 40
0.5
 50
0.0
 51
360.0
 73
     1
 97
        1
330
1ECD6
 75
     0
 76
     1
 52
0.0
 41
1.0
 77
     0
 78
     1
 53
45.0
 43
1866.764548285107
 44
47108.11259499238
 45
-0.0883883476483184
 46
0.0883883476483185
 79
     0
 98
        1
 10
1924.747382236761
 20
940359.6519739705
1001
ACAD
1010
0.0
1020
0.0
1030
0.0
  0
CIRCLE
  5
1ECD6
102
{ACAD_REACTORS
330
1ECD5
102
}
330
1F
100
AcDbEntity
  8
SD983
100
AcDbCircle
 10
195648.4756634375
 20
493718.7542226696
 30
0.0
 40
0.5
  0
CIRCLE
  5
1ECD7
102
{ACAD_REACTORS
330
1ECD8
102
}
330
1F
100
AcDbEntity
  8
SD983
100
AcDbCircle
 10
195650.4756634375
 20
493718.7542226696
 30
0.0
 40
0.5
  0
HATCH
  5
1ECD8
330
1F
100
AcDbEntity
  8
SD983
100
AcDbHatch
 10
0.0
 20
0.0
 30
0.0
210
0.0
220
0.0
230
1.0
  2
ANSI31
 70
     0
 71
     1
 91
        1
 92
        1
 93
        1
 72
     2
 10
195650.4756634375
 20
493718.7542226696
 40
0.5
 50
0.0
 51
360.0
 73
     1
 97
        1
330
1ECD7
 75
     0
 76
     1
 52
0.0
 41
1.0
 77
     0
 78
     1
 53
45.0
 43
1866.764548285107
 44
47108.11259499238
 45
-0.0883883476483184
 46
0.0883883476483185
 79
     0
 98
        1
 10
1926.747382236761
 20
940359.6519739705
1001
ACAD
1010
0.0
1020
0.0
1030
0.0
  0
HATCH
  5
1ECD9
330
1F
100
AcDbEntity
  8
SD983
100
AcDbHatch
 10
0.0
 20
0.0
 30
0.0
210
0.0
220
0.0
230
1.0
  2
ANSI31
 70
     0
 71
     1
 91
        1
 92
        1
 93
        1
 72
     2
 10
195650.4756634375
 20
493717.7542226695
 40
0.5
 50
0.0
 51
360.0
 73
     1
 97
        1
330
1ECDA
 75
     0
 76
     1
 52
0.0
 41
1.0
 77
     0
 78
     1
 53
45.0
 43
1866.764548285107
 44
47108.11259499238
 45
-0.0883883476483184
 46
0.0883883476483185
 79
     0
 98
        1
 10
1926.747382236761
 20
940358.6519739706
1001
ACAD
1010
0.0
1020
0.0
1030
0.0
  0
CIRCLE
  5
1ECDA
102
{ACAD_REACTORS
330
1ECD9
102
}
330
1F
100
AcDbEntity
  8
SD983
100
AcDbCircle
 10
195650.4756634375
 20
493717.7542226695
 30
0.0
 40
0.5
  0
CIRCLE
  5
1ECDB
102
{ACAD_REACTORS
330
1ECDC
102
}
330
1F
100
AcDbEntity
  8
SD983
100
AcDbCircle
 10
195649.4756634375
 20
493721.6911097028
 30
0.0
 40
0.5
  0
HATCH
  5
1ECDC
330
1F
100
AcDbEntity
  8
SD983
100
AcDbHatch
 10
0.0
 20
0.0
 30
0.0
210
0.0
220
0.0
230
1.0
  2
ANSI31
 70
     0
 71
     1
 91
        1
 92
        1
 93
        1
 72
     2
 10
195649.4756634375
 20
493721.6911097028
 40
0.5
 50
0.0
 51
360.0
 73
     1
 97
        1
330
1ECDB
 75
     0
 76
     1
 52
0.0
 41
1.0
 77
     0
 78
     1
 53
45.0
 43
-12709.51163246701
 44
3027.002352408366
 45
-0.0883883476483184
 46
0.0883883476483185
 79
     0
 98
        1
 10
1925.74738223676
 20
47080.79335840151
1001
ACAD
1010
0.0
1020
0.0
1030
0.0
  0
HATCH
  5
1ECDD
330
1F
100
AcDbEntity
  8
SD983
100
AcDbHatch
 10
0.0
 20
0.0
 30
0.0
210
0.0
220
0.0
230
1.0
  2
ANSI31
 70
     0
 71
     1
 91
        1
 92
        1
 93
        1
 72
     2
 10
195649.4756634375
 20
493720.6911097026
 40
0.5
 50
0.0
 51
360.0
 73
     1
 97
        1
330
1ECDE
 75
     0
 76
     1
 52
0.0
 41
1.0
 77
     0
 78
     1
 53
45.0
 43
-12709.51163246701
 44
3027.002352408366
 45
-0.0883883476483184
 46
0.0883883476483185
 79
     0
 98
        1
 10
1925.74738223676
 20
47079.79335840151
1001
ACAD
1010
0.0
1020
0.0
1030
0.0
  0
CIRCLE
  5
1ECDE
102
{ACAD_REACTORS
330
1ECDD
102
}
330
1F
100
AcDbEntity
  8
SD983
100
AcDbCircle
 10
195649.4756634375
 20
493720.6911097026
 30
0.0
 40
0.5
  0
CIRCLE
  5
1ECDF
102
{ACAD_REACTORS
330
1ECE0
102
}
330
1F
100
AcDbEntity
  8
SD983
100
AcDbCircle
 10
195649.4756634375
 20
493718.7542226696
 30
0.0
 40
0.5
  0
HATCH
  5
1ECE0
330
1F
100
AcDbEntity
  8
SD983
100
AcDbHatch
 10
0.0
 20
0.0
 30
0.0
210
0.0
220
0.0
230
1.0
  2
ANSI31
 70
     0
 71
     1
 91
        1
 92
        1
 93
        1
 72
     2
 10
195649.4756634375
 20
493718.7542226696
 40
0.5
 50
0.0
 51
360.0
 73
     1
 97
        1
330
1ECDF
 75
     0
 76
     1
 52
0.0
 41
1.0
 77
     0
 78
     1
 53
45.0
 43
1866.764548285107
 44
47108.11259499238
 45
-0.0883883476483184
 46
0.0883883476483185
 79
     0
 98
        1
 10
1925.74738223676
 20
47077.85647136846
1001
ACAD
1010
0.0
1020
0.0
1030
0.0
  0
HATCH
  5
1ECE1
330
1F
100
AcDbEntity
  8
SD983
100
AcDbHatch
 10
0.0
 20
0.0
 30
0.0
210
0.0
220
0.0
230
1.0
  2
ANSI31
 70
     0
 71
     1
 91
        1
 92
        1
 93
        1
 72
     2
 10
195649.4756634375
 20
493717.7542226695
 40
0.5
 50
0.0
 51
360.0
 73
     1
 97
        1
330
1ECE2
 75
     0
 76
     1
 52
0.0
 41
1.0
 77
     0
 78
     1
 53
45.0
 43
1866.764548285107
 44
47108.11259499238
 45
-0.0883883476483184
 46
0.0883883476483185
 79
     0
 98
        1
 10
1925.74738223676
 20
47076.85647136846
1001
ACAD
1010
0.0
1020
0.0
1030
0.0
  0
CIRCLE
  5
1ECE2
102
{ACAD_REACTORS
330
1ECE1
102
}
330
1F
100
AcDbEntity
  8
SD983
100
AcDbCircle
 10
195649.4756634375
 20
493717.7542226695
 30
0.0
 40
0.5
  0
CIRCLE
  5
1ECE3
102
{ACAD_REACTORS
330
1ECE4
102
}
330
1F
100
AcDbEntity
  8
SD983
100
AcDbCircle
 10
195627.9371144812
 20
493736.0761566478
 30
0.0
 40
0.25
  0
HATCH
  5
1ECE4
330
1F
100
AcDbEntity
  8
SD983
100
AcDbHatch
 10
0.0
 20
0.0
 30
0.0
210
0.0
220
0.0
230
1.0
  2
ANSI31
 70
     0
 71
     1
 91
        1
 92
        1
 93
        1
 72
     2
 10
195627.9371144812
 20
493736.0761566478
 40
0.25
 50
0.0
 51
360.0
 73
     1
 97
        1
330
1ECE3
 75
     0
 76
     1
 52
0.0
 41
1.0
 77
     0
 78
     1
 53
45.0
 43
1881.561307288938
 44
47108.87666011769
 45
-0.0883883476483185
 46
0.0883883476483185
 79
     0
 98
        1
 10
292489.8012550816
 20
270415.6272809974
1001
ACAD
1010
0.0
1020
0.0
1030
0.0
  0
HATCH
  5
1ECE5
330
1F
100
AcDbEntity
  8
SD983
100
AcDbHatch
 10
0.0
 20
0.0
 30
0.0
210
0.0
220
0.0
230
1.0
  2
ANSI31
 70
     0
 71
     1
 91
        1
 92
        1
 93
        1
 72
     2
 10
195628.4371144812
 20
493736.0761566478
 40
0.25
 50
0.0
 51
360.0
 73
     1
 97
        1
330
1ECE6
 75
     0
 76
     1
 52
0.0
 41
1.0
 77
     0
 78
     1
 53
45.0
 43
1881.561307288938
 44
47108.87666011769
 45
-0.0883883476483185
 46
0.0883883476483185
 79
     0
 98
        1
 10
292490.3012550816
 20
270415.6272809974
1001
ACAD
1010
0.0
1020
0.0
1030
0.0
  0
CIRCLE
  5
1ECE6
102
{ACAD_REACTORS
330
1ECE5
102
}
330
1F
100
AcDbEntity
  8
SD983
100
AcDbCircle
 10
195628.4371144812
 20
493736.0761566478
 30
0.0
 40
0.25
  0
CIRCLE
  5
1ECE7
102
{ACAD_REACTORS
330
1ECE8
102
}
330
1F
100
AcDbEntity
  8
SD983
100
AcDbCircle
 10
195628.4371144812
 20
493735.5761566479
 30
0.0
 40
0.25
  0
HATCH
  5
1ECE8
330
1F
100
AcDbEntity
  8
SD983
100
AcDbHatch
 10
0.0
 20
0.0
 30
0.0
210
0.0
220
0.0
230
1.0
  2
ANSI31
 70
     0
 71
     1
 91
        1
 92
        1
 93
        1
 72
     2
 10
195628.4371144812
 20
493735.5761566479
 40
0.25
 50
0.0
 51
360.0
 73
     1
 97
        1
330
1ECE7
 75
     0
 76
     1
 52
0.0
 41
1.0
 77
     0
 78
     1
 53
45.0
 43
1881.561307288938
 44
47108.87666011769
 45
-0.0883883476483185
 46
0.0883883476483185
 79
     0
 98
        1
 10
292490.3012550816
 20
270415.1272809975
1001
ACAD
1010
0.0
1020
0.0
1030
0.0
  0
LWPOLYLINE
  5
1ECE9
330
1F
100
AcDbEntity
  8
SD983
100
AcDbPolyline
 90
        5
 70
     0
 43
0.0
 10
195624.9068407415
 20
493735.3261566478
 10
195628.6871144812
 20
493735.3261566478
 10
195628.6871144812
 20
493736.3261566478
 10
195626.6871144812
 20
493736.3261566478
 10
195626.6871144812
 20
493735.3261566478
  0
HATCH
  5
1ECEA
330
1F
100
AcDbEntity
  8
SD983
100
AcDbHatch
 10
0.0
 20
0.0
 30
0.0
210
0.0
220
0.0
230
1.0
  2
ANSI31
 70
     0
 71
     1
 91
        1
 92
        1
 93
        1
 72
     2
 10
195627.9371144812
 20
493735.5761566479
 40
0.25
 50
0.0
 51
360.0
 73
     1
 97
        1
330
1ECEB
 75
     0
 76
     1
 52
0.0
 41
1.0
 77
     0
 78
     1
 53
45.0
 43
1881.561307288938
 44
47108.87666011769
 45
-0.0883883476483185
 46
0.0883883476483185
 79
     0
 98
        1
 10
292489.8012550816
 20
270415.1272809975
1001
ACAD
1010
0.0
1020
0.0
1030
0.0
  0
CIRCLE
  5
1ECEB
102
{ACAD_REACTORS
330
1ECEA
102
}
330
1F
100
AcDbEntity
  8
SD983
100
AcDbCircle
 10
195627.9371144812
 20
493735.5761566479
 30
0.0
 40
0.25
  0
CIRCLE
  5
1ECEC
102
{ACAD_REACTORS
330
1ECED
102
}
330
1F
100
AcDbEntity
  8
SD983
100
AcDbCircle
 10
195626.9371144812
 20
493735.5761566479
 30
0.0
 40
0.25
  0
HATCH
  5
1ECED
330
1F
100
AcDbEntity
  8
SD983
100
AcDbHatch
 10
0.0
 20
0.0
 30
0.0
210
0.0
220
0.0
230
1.0
  2
ANSI31
 70
     0
 71
     1
 91
        1
 92
        1
 93
        1
 72
     2
 10
195626.9371144812
 20
493735.5761566479
 40
0.25
 50
0.0
 51
360.0
 73
     1
 97
        1
330
1ECEC
 75
     0
 76
     1
 52
0.0
 41
1.0
 77
     0
 78
     1
 53
45.0
 43
1881.061307288939
 44
47108.87666011769
 45
-0.0883883476483185
 46
0.0883883476483185
 79
     0
 98
        1
 10
292488.8012550816
 20
270415.1272809975
1001
ACAD
1010
0.0
1020
0.0
1030
0.0
  0
HATCH
  5
1ECEE
330
1F
100
AcDbEntity
  8
SD983
100
AcDbHatch
 10
0.0
 20
0.0
 30
0.0
210
0.0
220
0.0
230
1.0
  2
ANSI31
 70
     0
 71
     1
 91
        1
 92
        1
 93
        1
 72
     2
 10
195626.9371144812
 20
493736.0761566478
 40
0.25
 50
0.0
 51
360.0
 73
     1
 97
        1
330
1ECEF
 75
     0
 76
     1
 52
0.0
 41
1.0
 77
     0
 78
     1
 53
45.0
 43
1881.061307288939
 44
47108.87666011769
 45
-0.0883883476483185
 46
0.0883883476483185
 79
     0
 98
        1
 10
292488.8012550816
 20
270415.6272809974
1001
ACAD
1010
0.0
1020
0.0
1030
0.0
  0
CIRCLE
  5
1ECEF
102
{ACAD_REACTORS
330
1ECEE
102
}
330
1F
100
AcDbEntity
  8
SD983
100
AcDbCircle
 10
195626.9371144812
 20
493736.0761566478
 30
0.0
 40
0.25
  0
CIRCLE
  5
1ECF0
102
{ACAD_REACTORS
330
1ECF1
102
}
330
1F
100
AcDbEntity
  8
SD983
100
AcDbCircle
 10
195627.9371144812
 20
493734.1077131314
 30
0.0
 40
0.25
  0
HATCH
  5
1ECF1
330
1F
100
AcDbEntity
  8
SD983
100
AcDbHatch
 10
0.0
 20
0.0
 30
0.0
210
0.0
220
0.0
230
1.0
  2
ANSI31
 70
     0
 71
     1
 91
        1
 92
        1
 93
        1
 72
     2
 10
195627.9371144812
 20
493734.1077131314
 40
0.25
 50
0.0
 51
360.0
 73
     1
 97
        1
330
1ECF0
 75
     0
 76
     1
 52
0.0
 41
1.0
 77
     0
 78
     1
 53
45.0
 43
-12709.51163246701
 44
3027.002352408366
 45
-0.0883883476483184
 46
0.0883883476483185
 79
     0
 98
        1
 10
292489.8012550816
 20
717054.556588782
1001
ACAD
1010
0.0
1020
0.0
1030
0.0
  0
HATCH
  5
1ECF2
330
1F
100
AcDbEntity
  8
SD983
100
AcDbHatch
 10
0.0
 20
0.0
 30
0.0
210
0.0
220
0.0
230
1.0
  2
ANSI31
 70
     0
 71
     1
 91
        1
 92
        1
 93
        1
 72
     2
 10
195628.4371144812
 20
493734.1077131314
 40
0.25
 50
0.0
 51
360.0
 73
     1
 97
        1
330
1ECF3
 75
     0
 76
     1
 52
0.0
 41
1.0
 77
     0
 78
     1
 53
45.0
 43
-12709.51163246701
 44
3027.002352408366
 45
-0.0883883476483184
 46
0.0883883476483185
 79
     0
 98
        1
 10
292490.3012550816
 20
717054.556588782
1001
ACAD
1010
0.0
1020
0.0
1030
0.0
  0
CIRCLE
  5
1ECF3
102
{ACAD_REACTORS
330
1ECF2
102
}
330
1F
100
AcDbEntity
  8
SD983
100
AcDbCircle
 10
195628.4371144812
 20
493734.1077131314
 30
0.0
 40
0.25
  0
CIRCLE
  5
1ECF4
102
{ACAD_REACTORS
330
1ECF5
102
}
330
1F
100
AcDbEntity
  8
SD983
100
AcDbCircle
 10
195628.4371144812
 20
493734.6077131314
 30
0.0
 40
0.25
  0
HATCH
  5
1ECF5
330
1F
100
AcDbEntity
  8
SD983
100
AcDbHatch
 10
0.0
 20
0.0
 30
0.0
210
0.0
220
0.0
230
1.0
  2
ANSI31
 70
     0
 71
     1
 91
        1
 92
        1
 93
        1
 72
     2
 10
195628.4371144812
 20
493734.6077131314
 40
0.25
 50
0.0
 51
360.0
 73
     1
 97
        1
330
1ECF4
 75
     0
 76
     1
 52
0.0
 41
1.0
 77
     0
 78
     1
 53
45.0
 43
-12709.51163246701
 44
3027.002352408366
 45
-0.0883883476483184
 46
0.0883883476483185
 79
     0
 98
        1
 10
292490.3012550816
 20
717055.0565887821
1001
ACAD
1010
0.0
1020
0.0
1030
0.0
  0
LWPOLYLINE
  5
1ECF6
330
1F
100
AcDbEntity
  8
SD983
100
AcDbPolyline
 90
        5
 70
     0
 43
0.0
 10
195624.9068407415
 20
493734.8577131314
 10
195628.6871144812
 20
493734.8577131314
 10
195628.6871144812
 20
493733.8577131314
 10
195626.6871144812
 20
493733.8577131314
 10
195626.6871144812
 20
493734.8577131314
  0
HATCH
  5
1ECF7
330
1F
100
AcDbEntity
  8
SD983
100
AcDbHatch
 10
0.0
 20
0.0
 30
0.0
210
0.0
220
0.0
230
1.0
  2
ANSI31
 70
     0
 71
     1
 91
        1
 92
        1
 93
        1
 72
     2
 10
195627.9371144812
 20
493734.6077131314
 40
0.25
 50
0.0
 51
360.0
 73
     1
 97
        1
330
1ECF8
 75
     0
 76
     1
 52
0.0
 41
1.0
 77
     0
 78
     1
 53
45.0
 43
-12709.51163246701
 44
3027.002352408366
 45
-0.0883883476483184
 46
0.0883883476483185
 79
     0
 98
        1
 10
292489.8012550816
 20
717055.0565887821
1001
ACAD
1010
0.0
1020
0.0
1030
0.0
  0
CIRCLE
  5
1ECF8
102
{ACAD_REACTORS
330
1ECF7
102
}
330
1F
100
AcDbEntity
  8
SD983
100
AcDbCircle
 10
195627.9371144812
 20
493734.6077131314
 30
0.0
 40
0.25
  0
CIRCLE
  5
1ECF9
102
{ACAD_REACTORS
330
1ECFA
102
}
330
1F
100
AcDbEntity
  8
SD983
100
AcDbCircle
 10
195626.9371144812
 20
493734.6077131314
 30
0.0
 40
0.25
  0
HATCH
  5
1ECFA
330
1F
100
AcDbEntity
  8
SD983
100
AcDbHatch
 10
0.0
 20
0.0
 30
0.0
210
0.0
220
0.0
230
1.0
  2
ANSI31
 70
     0
 71
     1
 91
        1
 92
        1
 93
        1
 72
     2
 10
195626.9371144812
 20
493734.6077131314
 40
0.25
 50
0.0
 51
360.0
 73
     1
 97
        1
330
1ECF9
 75
     0
 76
     1
 52
0.0
 41
1.0
 77
     0
 78
     1
 53
45.0
 43
-12709.51163246701
 44
3027.002352408366
 45
-0.0883883476483184
 46
0.0883883476483185
 79
     0
 98
        1
 10
292488.8012550816
 20
717055.0565887821
1001
ACAD
1010
0.0
1020
0.0
1030
0.0
  0
HATCH
  5
1ECFB
330
1F
100
AcDbEntity
  8
SD983
100
AcDbHatch
 10
0.0
 20
0.0
 30
0.0
210
0.0
220
0.0
230
1.0
  2
ANSI31
 70
     0
 71
     1
 91
        1
 92
        1
 93
        1
 72
     2
 10
195626.9371144812
 20
493734.1077131314
 40
0.25
 50
0.0
 51
360.0
 73
     1
 97
        1
330
1ECFC
 75
     0
 76
     1
 52
0.0
 41
1.0
 77
     0
 78
     1
 53
45.0
 43
-12709.51163246701
 44
3027.002352408366
 45
-0.0883883476483184
 46
0.0883883476483185
 79
     0
 98
        1
 10
292488.8012550816
 20
717054.556588782
1001
ACAD
1010
0.0
1020
0.0
1030
0.0
  0
CIRCLE
  5
1ECFC
102
{ACAD_REACTORS
330
1ECFB
102
}
330
1F
100
AcDbEntity
  8
SD983
100
AcDbCircle
 10
195626.9371144812
 20
493734.1077131314
 30
0.0
 40
0.25
  0
CIRCLE
  5
1ECFD
102
{ACAD_REACTORS
330
1ECFE
102
}
330
1F
100
AcDbEntity
  8
SD983
100
AcDbCircle
 10
195627.4371144812
 20
493736.0761566478
 30
0.0
 40
0.25
  0
HATCH
  5
1ECFE
330
1F
100
AcDbEntity
  8
SD983
100
AcDbHatch
 10
0.0
 20
0.0
 30
0.0
210
0.0
220
0.0
230
1.0
  2
ANSI31
 70
     0
 71
     1
 91
        1
 92
        1
 93
        1
 72
     2
 10
195627.4371144812
 20
493736.0761566478
 40
0.25
 50
0.0
 51
360.0
 73
     1
 97
        1
330
1ECFD
 75
     0
 76
     1
 52
0.0
 41
1.0
 77
     0
 78
     1
 53
45.0
 43
1881.061307288939
 44
47108.87666011769
 45
-0.0883883476483185
 46
0.0883883476483185
 79
     0
 98
        1
 10
292489.3012550816
 20
270415.6272809974
1001
ACAD
1010
0.0
1020
0.0
1030
0.0
  0
HATCH
  5
1ECFF
330
1F
100
AcDbEntity
  8
SD983
100
AcDbHatch
 10
0.0
 20
0.0
 30
0.0
210
0.0
220
0.0
230
1.0
  2
ANSI31
 70
     0
 71
     1
 91
        1
 92
        1
 93
        1
 72
     2
 10
195627.4371144812
 20
493735.5761566479
 40
0.25
 50
0.0
 51
360.0
 73
     1
 97
        1
330
1ED00
 75
     0
 76
     1
 52
0.0
 41
1.0
 77
     0
 78
     1
 53
45.0
 43
1881.061307288939
 44
47108.87666011769
 45
-0.0883883476483185
 46
0.0883883476483185
 79
     0
 98
        1
 10
292489.3012550816
 20
270415.1272809975
1001
ACAD
1010
0.0
1020
0.0
1030
0.0
  0
CIRCLE
  5
1ED00
102
{ACAD_REACTORS
330
1ECFF
102
}
330
1F
100
AcDbEntity
  8
SD983
100
AcDbCircle
 10
195627.4371144812
 20
493735.5761566479
 30
0.0
 40
0.25
  0
CIRCLE
  5
1ED01
102
{ACAD_REACTORS
330
1ED02
102
}
330
1F
100
AcDbEntity
  8
SD983
100
AcDbCircle
 10
195627.4371144812
 20
493734.1077131314
 30
0.0
 40
0.25
  0
HATCH
  5
1ED02
330
1F
100
AcDbEntity
  8
SD983
100
AcDbHatch
 10
0.0
 20
0.0
 30
0.0
210
0.0
220
0.0
230
1.0
  2
ANSI31
 70
     0
 71
     1
 91
        1
 92
        1
 93
        1
 72
     2
 10
195627.4371144812
 20
493734.1077131314
 40
0.25
 50
0.0
 51
360.0
 73
     1
 97
        1
330
1ED01
 75
     0
 76
     1
 52
0.0
 41
1.0
 77
     0
 78
     1
 53
45.0
 43
-12709.51163246701
 44
3027.002352408366
 45
-0.0883883476483184
 46
0.0883883476483185
 79
     0
 98
        1
 10
292489.3012550816
 20
717054.556588782
1001
ACAD
1010
0.0
1020
0.0
1030
0.0
  0
HATCH
  5
1ED03
330
1F
100
AcDbEntity
  8
SD983
100
AcDbHatch
 10
0.0
 20
0.0
 30
0.0
210
0.0
220
0.0
230
1.0
  2
ANSI31
 70
     0
 71
     1
 91
        1
 92
        1
 93
        1
 72
     2
 10
195627.4371144812
 20
493734.6077131314
 40
0.25
 50
0.0
 51
360.0
 73
     1
 97
        1
330
1ED04
 75
     0
 76
     1
 52
0.0
 41
1.0
 77
     0
 78
     1
 53
45.0
 43
-12709.51163246701
 44
3027.002352408366
 45
-0.0883883476483184
 46
0.0883883476483185
 79
     0
 98
        1
 10
292489.3012550816
 20
717055.0565887821
1001
ACAD
1010
0.0
1020
0.0
1030
0.0
  0
CIRCLE
  5
1ED04
102
{ACAD_REACTORS
330
1ED03
102
}
330
1F
100
AcDbEntity
  8
SD983
100
AcDbCircle
 10
195627.4371144812
 20
493734.6077131314
 30
0.0
 40
0.25
  0
CIRCLE
  5
1ED05
102
{ACAD_REACTORS
330
1ED06
102
}
330
1F
100
AcDbEntity
  8
SD983
100
AcDbCircle
 10
195630.3169738138
 20
493736.0761566478
 30
0.0
 40
0.25
  0
HATCH
  5
1ED06
330
1F
100
AcDbEntity
  8
SD983
100
AcDbHatch
 10
0.0
 20
0.0
 30
0.0
210
0.0
220
0.0
230
1.0
  2
ANSI31
 70
     0
 71
     1
 91
        1
 92
        1
 93
        1
 72
     2
 10
195630.3169738138
 20
493736.0761566478
 40
0.25
 50
0.0
 51
360.0
 73
     1
 97
        1
330
1ED05
 75
     0
 76
     1
 52
0.0
 41
1.0
 77
     0
 78
     1
 53
45.0
 43
1881.561307288938
 44
47108.87666011769
 45
-0.0883883476483185
 46
0.0883883476483185
 79
     0
 98
        1
 10
98768.45283321348
 20
270415.6272809974
1001
ACAD
1010
0.0
1020
0.0
1030
0.0
  0
HATCH
  5
1ED07
330
1F
100
AcDbEntity
  8
SD983
100
AcDbHatch
 10
0.0
 20
0.0
 30
0.0
210
0.0
220
0.0
230
1.0
  2
ANSI31
 70
     0
 71
     1
 91
        1
 92
        1
 93
        1
 72
     2
 10
195629.8169738138
 20
493736.0761566478
 40
0.25
 50
0.0
 51
360.0
 73
     1
 97
        1
330
1ED08
 75
     0
 76
     1
 52
0.0
 41
1.0
 77
     0
 78
     1
 53
45.0
 43
1881.561307288938
 44
47108.87666011769
 45
-0.0883883476483185
 46
0.0883883476483185
 79
     0
 98
        1
 10
98767.95283321348
 20
270415.6272809974
1001
ACAD
1010
0.0
1020
0.0
1030
0.0
  0
CIRCLE
  5
1ED08
102
{ACAD_REACTORS
330
1ED07
102
}
330
1F
100
AcDbEntity
  8
SD983
100
AcDbCircle
 10
195629.8169738138
 20
493736.0761566478
 30
0.0
 40
0.25
  0
CIRCLE
  5
1ED09
102
{ACAD_REACTORS
330
1ED0A
102
}
330
1F
100
AcDbEntity
  8
SD983
100
AcDbCircle
 10
195629.8169738138
 20
493735.5761566479
 30
0.0
 40
0.25
  0
HATCH
  5
1ED0A
330
1F
100
AcDbEntity
  8
SD983
100
AcDbHatch
 10
0.0
 20
0.0
 30
0.0
210
0.0
220
0.0
230
1.0
  2
ANSI31
 70
     0
 71
     1
 91
        1
 92
        1
 93
        1
 72
     2
 10
195629.8169738138
 20
493735.5761566479
 40
0.25
 50
0.0
 51
360.0
 73
     1
 97
        1
330
1ED09
 75
     0
 76
     1
 52
0.0
 41
1.0
 77
     0
 78
     1
 53
45.0
 43
1881.561307288938
 44
47108.87666011769
 45
-0.0883883476483185
 46
0.0883883476483185
 79
     0
 98
        1
 10
98767.95283321348
 20
270415.1272809975
1001
ACAD
1010
0.0
1020
0.0
1030
0.0
  0
LWPOLYLINE
  5
1ED0B
330
1F
100
AcDbEntity
  8
SD983
100
AcDbPolyline
 90
        5
 70
     0
 43
0.0
 10
195633.3472475535
 20
493735.3261566478
 10
195629.5669738137
 20
493735.3261566478
 10
195629.5669738137
 20
493736.3261566478
 10
195631.5669738138
 20
493736.3261566478
 10
195631.5669738138
 20
493735.3261566478
  0
HATCH
  5
1ED0C
330
1F
100
AcDbEntity
  8
SD983
100
AcDbHatch
 10
0.0
 20
0.0
 30
0.0
210
0.0
220
0.0
230
1.0
  2
ANSI31
 70
     0
 71
     1
 91
        1
 92
        1
 93
        1
 72
     2
 10
195630.3169738138
 20
493735.5761566479
 40
0.25
 50
0.0
 51
360.0
 73
     1
 97
        1
330
1ED0D
 75
     0
 76
     1
 52
0.0
 41
1.0
 77
     0
 78
     1
 53
45.0
 43
1881.561307288938
 44
47108.87666011769
 45
-0.0883883476483185
 46
0.0883883476483185
 79
     0
 98
        1
 10
98768.45283321348
 20
270415.1272809975
1001
ACAD
1010
0.0
1020
0.0
1030
0.0
  0
CIRCLE
  5
1ED0D
102
{ACAD_REACTORS
330
1ED0C
102
}
330
1F
100
AcDbEntity
  8
SD983
100
AcDbCircle
 10
195630.3169738138
 20
493735.5761566479
 30
0.0
 40
0.25
  0
CIRCLE
  5
1ED0E
102
{ACAD_REACTORS
330
1ED0F
102
}
330
1F
100
AcDbEntity
  8
SD983
100
AcDbCircle
 10
195631.3169738138
 20
493735.5761566479
 30
0.0
 40
0.25
  0
HATCH
  5
1ED0F
330
1F
100
AcDbEntity
  8
SD983
100
AcDbHatch
 10
0.0
 20
0.0
 30
0.0
210
0.0
220
0.0
230
1.0
  2
ANSI31
 70
     0
 71
     1
 91
        1
 92
        1
 93
        1
 72
     2
 10
195631.3169738138
 20
493735.5761566479
 40
0.25
 50
0.0
 51
360.0
 73
     1
 97
        1
330
1ED0E
 75
     0
 76
     1
 52
0.0
 41
1.0
 77
     0
 78
     1
 53
45.0
 43
1881.061307288939
 44
47108.87666011769
 45
-0.0883883476483185
 46
0.0883883476483185
 79
     0
 98
        1
 10
98769.45283321347
 20
270415.1272809975
1001
ACAD
1010
0.0
1020
0.0
1030
0.0
  0
HATCH
  5
1ED10
330
1F
100
AcDbEntity
  8
SD983
100
AcDbHatch
 10
0.0
 20
0.0
 30
0.0
210
0.0
220
0.0
230
1.0
  2
ANSI31
 70
     0
 71
     1
 91
        1
 92
        1
 93
        1
 72
     2
 10
195631.3169738138
 20
493736.0761566478
 40
0.25
 50
0.0
 51
360.0
 73
     1
 97
        1
330
1ED11
 75
     0
 76
     1
 52
0.0
 41
1.0
 77
     0
 78
     1
 53
45.0
 43
1881.061307288939
 44
47108.87666011769
 45
-0.0883883476483185
 46
0.0883883476483185
 79
     0
 98
        1
 10
98769.45283321347
 20
270415.6272809974
1001
ACAD
1010
0.0
1020
0.0
1030
0.0
  0
CIRCLE
  5
1ED11
102
{ACAD_REACTORS
330
1ED10
102
}
330
1F
100
AcDbEntity
  8
SD983
100
AcDbCircle
 10
195631.3169738138
 20
493736.0761566478
 30
0.0
 40
0.25
  0
CIRCLE
  5
1ED12
102
{ACAD_REACTORS
330
1ED13
102
}
330
1F
100
AcDbEntity
  8
SD983
100
AcDbCircle
 10
195630.3169738138
 20
493734.1077131314
 30
0.0
 40
0.25
  0
HATCH
  5
1ED13
330
1F
100
AcDbEntity
  8
SD983
100
AcDbHatch
 10
0.0
 20
0.0
 30
0.0
210
0.0
220
0.0
230
1.0
  2
ANSI31
 70
     0
 71
     1
 91
        1
 92
        1
 93
        1
 72
     2
 10
195630.3169738138
 20
493734.1077131314
 40
0.25
 50
0.0
 51
360.0
 73
     1
 97
        1
330
1ED12
 75
     0
 76
     1
 52
0.0
 41
1.0
 77
     0
 78
     1
 53
45.0
 43
1881.561307288938
 44
47109.84444601589
 45
-0.0883883476483184
 46
0.0883883476483185
 79
     0
 98
        1
 10
98768.45283321348
 20
717054.556588782
1001
ACAD
1010
0.0
1020
0.0
1030
0.0
  0
HATCH
  5
1ED14
330
1F
100
AcDbEntity
  8
SD983
100
AcDbHatch
 10
0.0
 20
0.0
 30
0.0
210
0.0
220
0.0
230
1.0
  2
ANSI31
 70
     0
 71
     1
 91
        1
 92
        1
 93
        1
 72
     2
 10
195629.8169738138
 20
493734.1077131314
 40
0.25
 50
0.0
 51
360.0
 73
     1
 97
        1
330
1ED15
 75
     0
 76
     1
 52
0.0
 41
1.0
 77
     0
 78
     1
 53
45.0
 43
1881.561307288938
 44
47109.84444601589
 45
-0.0883883476483184
 46
0.0883883476483185
 79
     0
 98
        1
 10
98767.95283321348
 20
717054.556588782
1001
ACAD
1010
0.0
1020
0.0
1030
0.0
  0
CIRCLE
  5
1ED15
102
{ACAD_REACTORS
330
1ED14
102
}
330
1F
100
AcDbEntity
  8
SD983
100
AcDbCircle
 10
195629.8169738138
 20
493734.1077131314
 30
0.0
 40
0.25
  0
CIRCLE
  5
1ED16
102
{ACAD_REACTORS
330
1ED17
102
}
330
1F
100
AcDbEntity
  8
SD983
100
AcDbCircle
 10
195629.8169738138
 20
493734.6077131314
 30
0.0
 40
0.25
  0
HATCH
  5
1ED17
330
1F
100
AcDbEntity
  8
SD983
100
AcDbHatch
 10
0.0
 20
0.0
 30
0.0
210
0.0
220
0.0
230
1.0
  2
ANSI31
 70
     0
 71
     1
 91
        1
 92
        1
 93
        1
 72
     2
 10
195629.8169738138
 20
493734.6077131314
 40
0.25
 50
0.0
 51
360.0
 73
     1
 97
        1
330
1ED16
 75
     0
 76
     1
 52
0.0
 41
1.0
 77
     0
 78
     1
 53
45.0
 43
1881.561307288938
 44
47109.84444601589
 45
-0.0883883476483184
 46
0.0883883476483185
 79
     0
 98
        1
 10
98767.95283321348
 20
717055.0565887821
1001
ACAD
1010
0.0
1020
0.0
1030
0.0
  0
LWPOLYLINE
  5
1ED18
330
1F
100
AcDbEntity
  8
SD983
100
AcDbPolyline
 90
        5
 70
     0
 43
0.0
 10
195633.3472475535
 20
493734.8577131314
 10
195629.5669738137
 20
493734.8577131314
 10
195629.5669738137
 20
493733.8577131314
 10
195631.5669738138
 20
493733.8577131314
 10
195631.5669738138
 20
493734.8577131314
  0
HATCH
  5
1ED19
330
1F
100
AcDbEntity
  8
SD983
100
AcDbHatch
 10
0.0
 20
0.0
 30
0.0
210
0.0
220
0.0
230
1.0
  2
ANSI31
 70
     0
 71
     1
 91
        1
 92
        1
 93
        1
 72
     2
 10
195630.3169738138
 20
493734.6077131314
 40
0.25
 50
0.0
 51
360.0
 73
     1
 97
        1
330
1ED1A
 75
     0
 76
     1
 52
0.0
 41
1.0
 77
     0
 78
     1
 53
45.0
 43
1881.561307288938
 44
47109.84444601589
 45
-0.0883883476483184
 46
0.0883883476483185
 79
     0
 98
        1
 10
98768.45283321348
 20
717055.0565887821
1001
ACAD
1010
0.0
1020
0.0
1030
0.0
  0
CIRCLE
  5
1ED1A
102
{ACAD_REACTORS
330
1ED19
102
}
330
1F
100
AcDbEntity
  8
SD983
100
AcDbCircle
 10
195630.3169738138
 20
493734.6077131314
 30
0.0
 40
0.25
  0
CIRCLE
  5
1ED1B
102
{ACAD_REACTORS
330
1ED1C
102
}
330
1F
100
AcDbEntity
  8
SD983
100
AcDbCircle
 10
195631.3169738138
 20
493734.6077131314
 30
0.0
 40
0.25
  0
HATCH
  5
1ED1C
330
1F
100
AcDbEntity
  8
SD983
100
AcDbHatch
 10
0.0
 20
0.0
 30
0.0
210
0.0
220
0.0
230
1.0
  2
ANSI31
 70
     0
 71
     1
 91
        1
 92
        1
 93
        1
 72
     2
 10
195631.3169738138
 20
493734.6077131314
 40
0.25
 50
0.0
 51
360.0
 73
     1
 97
        1
330
1ED1B
 75
     0
 76
     1
 52
0.0
 41
1.0
 77
     0
 78
     1
 53
45.0
 43
1881.561307288938
 44
47109.84444601589
 45
-0.0883883476483184
 46
0.0883883476483185
 79
     0
 98
        1
 10
98769.45283321347
 20
717055.0565887821
1001
ACAD
1010
0.0
1020
0.0
1030
0.0
  0
HATCH
  5
1ED1D
330
1F
100
AcDbEntity
  8
SD983
100
AcDbHatch
 10
0.0
 20
0.0
 30
0.0
210
0.0
220
0.0
230
1.0
  2
ANSI31
 70
     0
 71
     1
 91
        1
 92
        1
 93
        1
 72
     2
 10
195631.3169738138
 20
493734.1077131314
 40
0.25
 50
0.0
 51
360.0
 73
     1
 97
        1
330
1ED1E
 75
     0
 76
     1
 52
0.0
 41
1.0
 77
     0
 78
     1
 53
45.0
 43
1881.561307288938
 44
47109.84444601589
 45
-0.0883883476483184
 46
0.0883883476483185
 79
     0
 98
        1
 10
98769.45283321347
 20
717054.556588782
1001
ACAD
1010
0.0
1020
0.0
1030
0.0
  0
CIRCLE
  5
1ED1E
102
{ACAD_REACTORS
330
1ED1D
102
}
330
1F
100
AcDbEntity
  8
SD983
100
AcDbCircle
 10
195631.3169738138
 20
493734.1077131314
 30
0.0
 40
0.25
  0
CIRCLE
  5
1ED1F
102
{ACAD_REACTORS
330
1ED20
102
}
330
1F
100
AcDbEntity
  8
SD983
100
AcDbCircle
 10
195630.8169738138
 20
493736.0761566478
 30
0.0
 40
0.25
  0
HATCH
  5
1ED20
330
1F
100
AcDbEntity
  8
SD983
100
AcDbHatch
 10
0.0
 20
0.0
 30
0.0
210
0.0
220
0.0
230
1.0
  2
ANSI31
 70
     0
 71
     1
 91
        1
 92
        1
 93
        1
 72
     2
 10
195630.8169738138
 20
493736.0761566478
 40
0.25
 50
0.0
 51
360.0
 73
     1
 97
        1
330
1ED1F
 75
     0
 76
     1
 52
0.0
 41
1.0
 77
     0
 78
     1
 53
45.0
 43
1881.061307288939
 44
47108.87666011769
 45
-0.0883883476483185
 46
0.0883883476483185
 79
     0
 98
        1
 10
98768.95283321347
 20
270415.6272809974
1001
ACAD
1010
0.0
1020
0.0
1030
0.0
  0
HATCH
  5
1ED21
330
1F
100
AcDbEntity
  8
SD983
100
AcDbHatch
 10
0.0
 20
0.0
 30
0.0
210
0.0
220
0.0
230
1.0
  2
ANSI31
 70
     0
 71
     1
 91
        1
 92
        1
 93
        1
 72
     2
 10
195630.8169738138
 20
493735.5761566479
 40
0.25
 50
0.0
 51
360.0
 73
     1
 97
        1
330
1ED22
 75
     0
 76
     1
 52
0.0
 41
1.0
 77
     0
 78
     1
 53
45.0
 43
1881.061307288939
 44
47108.87666011769
 45
-0.0883883476483185
 46
0.0883883476483185
 79
     0
 98
        1
 10
98768.95283321347
 20
270415.1272809975
1001
ACAD
1010
0.0
1020
0.0
1030
0.0
  0
CIRCLE
  5
1ED22
102
{ACAD_REACTORS
330
1ED21
102
}
330
1F
100
AcDbEntity
  8
SD983
100
AcDbCircle
 10
195630.8169738138
 20
493735.5761566479
 30
0.0
 40
0.25
  0
CIRCLE
  5
1ED23
102
{ACAD_REACTORS
330
1ED24
102
}
330
1F
100
AcDbEntity
  8
SD983
100
AcDbCircle
 10
195630.8169738138
 20
493734.1077131314
 30
0.0
 40
0.25
  0
HATCH
  5
1ED24
330
1F
100
AcDbEntity
  8
SD983
100
AcDbHatch
 10
0.0
 20
0.0
 30
0.0
210
0.0
220
0.0
230
1.0
  2
ANSI31
 70
     0
 71
     1
 91
        1
 92
        1
 93
        1
 72
     2
 10
195630.8169738138
 20
493734.1077131314
 40
0.25
 50
0.0
 51
360.0
 73
     1
 97
        1
330
1ED23
 75
     0
 76
     1
 52
0.0
 41
1.0
 77
     0
 78
     1
 53
45.0
 43
1881.561307288938
 44
47109.84444601589
 45
-0.0883883476483184
 46
0.0883883476483185
 79
     0
 98
        1
 10
98768.95283321347
 20
717054.556588782
1001
ACAD
1010
0.0
1020
0.0
1030
0.0
  0
HATCH
  5
1ED25
330
1F
100
AcDbEntity
  8
SD983
100
AcDbHatch
 10
0.0
 20
0.0
 30
0.0
210
0.0
220
0.0
230
1.0
  2
ANSI31
 70
     0
 71
     1
 91
        1
 92
        1
 93
        1
 72
     2
 10
195630.8169738138
 20
493734.6077131314
 40
0.25
 50
0.0
 51
360.0
 73
     1
 97
        1
330
1ED26
 75
     0
 76
     1
 52
0.0
 41
1.0
 77
     0
 78
     1
 53
45.0
 43
1881.561307288938
 44
47109.84444601589
 45
-0.0883883476483184
 46
0.0883883476483185
 79
     0
 98
        1
 10
98768.95283321347
 20
717055.0565887821
1001
ACAD
1010
0.0
1020
0.0
1030
0.0
  0
CIRCLE
  5
1ED26
102
{ACAD_REACTORS
330
1ED25
102
}
330
1F
100
AcDbEntity
  8
SD983
100
AcDbCircle
 10
195630.8169738138
 20
493734.6077131314
 30
0.0
 40
0.25
  0
CIRCLE
  5
1ED27
102
{ACAD_REACTORS
330
1ED28
102
}
330
1F
100
AcDbEntity
  8
SD983
100
AcDbCircle
 10
195643.5958041049
 20
493717.7542226695
 30
0.0
 40
0.5
  0
HATCH
  5
1ED28
330
1F
100
AcDbEntity
  8
SD983
100
AcDbHatch
 10
0.0
 20
0.0
 30
0.0
210
0.0
220
0.0
230
1.0
  2
ANSI31
 70
     0
 71
     1
 91
        1
 92
        1
 93
        1
 72
     2
 10
195643.5958041049
 20
493717.7542226695
 40
0.5
 50
0.0
 51
360.0
 73
     1
 97
        1
330
1ED27
 75
     0
 76
     1
 52
0.0
 41
1.0
 77
     0
 78
     1
 53
315.0
 43
1865.764548285108
 44
940333.4872892378
 45
-0.0883883476483185
 46
-0.0883883476483185
 79
     0
 98
        1
 10
389367.3240853057
 20
940358.6519739706
1001
ACAD
1010
0.0
1020
0.0
1030
0.0
  0
HATCH
  5
1ED29
330
1F
100
AcDbEntity
  8
SD983
100
AcDbHatch
 10
0.0
 20
0.0
 30
0.0
210
0.0
220
0.0
230
1.0
  2
ANSI31
 70
     0
 71
     1
 91
        1
 92
        1
 93
        1
 72
     2
 10
195643.5958041049
 20
493718.7542226696
 40
0.5
 50
0.0
 51
360.0
 73
     1
 97
        1
330
1ED2A
 75
     0
 76
     1
 52
0.0
 41
1.0
 77
     0
 78
     1
 53
315.0
 43
1865.764548285108
 44
940333.4872892378
 45
-0.0883883476483185
 46
-0.0883883476483185
 79
     0
 98
        1
 10
389367.3240853057
 20
940359.6519739705
1001
ACAD
1010
0.0
1020
0.0
1030
0.0
  0
CIRCLE
  5
1ED2A
102
{ACAD_REACTORS
330
1ED29
102
}
330
1F
100
AcDbEntity
  8
SD983
100
AcDbCircle
 10
195643.5958041049
 20
493718.7542226696
 30
0.0
 40
0.5
  0
LWPOLYLINE
  5
1ED2B
330
1F
100
AcDbEntity
  8
SD983
100
AcDbPolyline
 90
        5
 70
     0
 43
0.0
 10
195671.9106929406
 20
493745.9653171329
 10
195679.47124042
 20
493745.9653171329
 10
195679.47124042
 20
493746.965317133
 10
195678.47124042
 20
493746.965317133
 10
195678.47124042
 20
493745.9653171329
  0
CIRCLE
  5
1ED2C
330
1F
100
AcDbEntity
  8
SD983
100
AcDbCircle
 10
195678.97124042
 20
493746.4653171328
 30
0.0
 40
0.5
  0
CIRCLE
  5
1ED2D
330
1F
100
AcDbEntity
  8
SD983
100
AcDbCircle
 10
195678.97124042
 20
493742.5839563355
 30
0.0
 40
0.5
  0
LWPOLYLINE
  5
1ED2E
330
1F
100
AcDbEntity
  8
SD983
100
AcDbPolyline
 90
        5
 70
     0
 43
0.0
 10
195671.9106929406
 20
493742.0839563355
 10
195679.47124042
 20
493742.0839563355
 10
195679.47124042
 20
493743.0839563355
 10
195677.47124042
 20
493743.0839563355
 10
195677.47124042
 20
493742.0839563355
  0
CIRCLE
  5
1ED2F
330
1F
100
AcDbEntity
  8
SD983
100
AcDbCircle
 10
195677.97124042
 20
493742.5839563355
 30
0.0
 40
0.5
  0
CIRCLE
  5
1ED30
330
1F
100
AcDbEntity
  8
SD983
100
AcDbCircle
 10
195677.97124042
 20
493738.7025955381
 30
0.0
 40
0.5
  0
LWPOLYLINE
  5
1ED31
330
1F
100
AcDbEntity
  8
SD983
100
AcDbPolyline
 90
        5
 70
     0
 43
0.0
 10
195671.9106929406
 20
493738.2025955382
 10
195679.47124042
 20
493738.2025955382
 10
195679.47124042
 20
493739.202595538
 10
195676.47124042
 20
493739.202595538
 10
195676.47124042
 20
493738.2025955382
  0
CIRCLE
  5
1ED32
330
1F
100
AcDbEntity
  8
SD983
100
AcDbCircle
 10
195678.97124042
 20
493738.7025955381
 30
0.0
 40
0.5
  0
CIRCLE
  5
1ED33
330
1F
100
AcDbEntity
  8
SD983
100
AcDbCircle
 10
195676.97124042
 20
493738.7025955381
 30
0.0
 40
0.5
  0
CIRCLE
  5
1ED34
330
1F
100
AcDbEntity
  8
SD983
100
AcDbCircle
 10
195677.97124042
 20
493729.9475337764
 30
0.0
 40
0.5
  0
LWPOLYLINE
  5
1ED35
330
1F
100
AcDbEntity
  8
SD983
100
AcDbPolyline
 90
        5
 70
     0
 43
0.0
 10
195671.9106929406
 20
493729.4475337765
 10
195679.47124042
 20
493729.4475337765
 10
195679.47124042
 20
493731.4475337764
 10
195677.47124042
 20
493731.4475337764
 10
195677.47124042
 20
493729.4475337765
  0
CIRCLE
  5
1ED36
330
1F
100
AcDbEntity
  8
SD983
100
AcDbCircle
 10
195678.97124042
 20
493729.9475337764
 30
0.0
 40
0.5
  0
CIRCLE
  5
1ED37
330
1F
100
AcDbEntity
  8
SD983
100
AcDbCircle
 10
195678.97124042
 20
493730.9475337763
 30
0.0
 40
0.5
  0
CIRCLE
  5
1ED38
330
1F
100
AcDbEntity
  8
SD983
100
AcDbCircle
 10
195677.97124042
 20
493730.9475337763
 30
0.0
 40
0.5
  0
CIRCLE
  5
1ED39
330
1F
100
AcDbEntity
  8
SD983
100
AcDbCircle
 10
195677.97124042
 20
493725.4442760475
 30
0.0
 40
0.5
  0
CIRCLE
  5
1ED3A
330
1F
100
AcDbEntity
  8
SD983
100
AcDbCircle
 10
195678.97124042
 20
493725.4442760475
 30
0.0
 40
0.5
  0
CIRCLE
  5
1ED3B
330
1F
100
AcDbEntity
  8
SD983
100
AcDbCircle
 10
195678.97124042
 20
493724.4442760476
 30
0.0
 40
0.5
  0
LWPOLYLINE
  5
1ED3C
330
1F
100
AcDbEntity
  8
SD983
100
AcDbPolyline
 90
        5
 70
     0
 43
0.0
 10
195671.9106929406
 20
493723.9442760475
 10
195679.47124042
 20
493723.9442760475
 10
195679.47124042
 20
493725.9442760474
 10
195676.47124042
 20
493725.9442760474
 10
195676.47124042
 20
493723.9442760475
  0
CIRCLE
  5
1ED3D
330
1F
100
AcDbEntity
  8
SD983
100
AcDbCircle
 10
195677.97124042
 20
493724.4442760476
 30
0.0
 40
0.5
  0
CIRCLE
  5
1ED3E
330
1F
100
AcDbEntity
  8
SD983
100
AcDbCircle
 10
195676.97124042
 20
493724.4442760476
 30
0.0
 40
0.5
  0
CIRCLE
  5
1ED3F
330
1F
100
AcDbEntity
  8
SD983
100
AcDbCircle
 10
195676.97124042
 20
493725.4442760475
 30
0.0
 40
0.5
  0
TEXT
  5
1ED40
330
1F
100
AcDbEntity
  8
SD983
100
AcDbText
 10
195675.3799779659
 20
493749.4786451072
 30
0.0
 40
3.0
  1
100
  7
GHS
100
AcDbText
  0
CIRCLE
  5
1ED41
330
1F
100
AcDbEntity
  8
SD983
100
AcDbCircle
 10
195677.97124042
 20
493734.8212347406
 30
0.0
 40
0.5
  0
LWPOLYLINE
  5
1ED42
330
1F
100
AcDbEntity
  8
SD983
100
AcDbPolyline
 90
        5
 70
     0
 43
0.0
 10
195671.9106929406
 20
493734.3212347406
 10
195679.47124042
 20
493734.3212347406
 10
195679.47124042
 20
493735.3212347407
 10
195675.4712404199
 20
493735.3212347407
 10
195675.4712404199
 20
493734.3212347406
  0
CIRCLE
  5
1ED43
330
1F
100
AcDbEntity
  8
SD983
100
AcDbCircle
 10
195678.97124042
 20
493734.8212347406
 30
0.0
 40
0.5
  0
CIRCLE
  5
1ED44
330
1F
100
AcDbEntity
  8
SD983
100
AcDbCircle
 10
195676.97124042
 20
493734.8212347406
 30
0.0
 40
0.5
  0
CIRCLE
  5
1ED45
330
1F
100
AcDbEntity
  8
SD983
100
AcDbCircle
 10
195675.97124042
 20
493734.8212347406
 30
0.0
 40
0.5
  0
LWPOLYLINE
  5
1ED46
330
1F
100
AcDbEntity
  8
SD983
100
AcDbPolyline
 90
        5
 70
     0
 43
0.0
 10
195658.2822770566
 20
493747.6971681563
 10
195662.0625507962
 20
493747.6971681563
 10
195662.0625507962
 20
493748.1971681563
 10
195661.5625507963
 20
493748.1971681563
 10
195661.5625507963
 20
493747.6971681563
  0
CIRCLE
  5
1ED47
330
1F
100
AcDbEntity
  8
SD983
100
AcDbCircle
 10
195661.8125507963
 20
493747.9471681563
 30
0.0
 40
0.25
  0
CIRCLE
  5
1ED48
330
1F
100
AcDbEntity
  8
SD983
100
AcDbCircle
 10
195661.8125507963
 20
493746.0103176742
 30
0.0
 40
0.25
  0
LWPOLYLINE
  5
1ED49
330
1F
100
AcDbEntity
  8
SD983
100
AcDbPolyline
 90
        5
 70
     0
 43
0.0
 10
195658.2822770566
 20
493745.7603176742
 10
195662.0625507962
 20
493745.7603176742
 10
195662.0625507962
 20
493746.2603176742
 10
195661.0625507963
 20
493746.2603176742
 10
195661.0625507963
 20
493745.7603176742
  0
CIRCLE
  5
1ED4A
330
1F
100
AcDbEntity
  8
SD983
100
AcDbCircle
 10
195661.3125507963
 20
493746.0103176742
 30
0.0
 40
0.25
  0
CIRCLE
  5
1ED4B
330
1F
100
AcDbEntity
  8
SD983
100
AcDbCircle
 10
195661.3125507963
 20
493744.0734671922
 30
0.0
 40
0.25
  0
LWPOLYLINE
  5
1ED4C
330
1F
100
AcDbEntity
  8
SD983
100
AcDbPolyline
 90
        5
 70
     0
 43
0.0
 10
195658.2822770566
 20
493743.8234671922
 10
195662.0625507962
 20
493743.8234671922
 10
195662.0625507962
 20
493744.3234671921
 10
195660.5625507963
 20
493744.3234671921
 10
195660.5625507963
 20
493743.8234671922
  0
CIRCLE
  5
1ED4D
330
1F
100
AcDbEntity
  8
SD983
100
AcDbCircle
 10
195661.8125507963
 20
493744.0734671922
 30
0.0
 40
0.25
  0
CIRCLE
  5
1ED4E
330
1F
100
AcDbEntity
  8
SD983
100
AcDbCircle
 10
195660.8125507963
 20
493744.0734671922
 30
0.0
 40
0.25
  0
CIRCLE
  5
1ED4F
330
1F
100
AcDbEntity
  8
SD983
100
AcDbCircle
 10
195661.3125507963
 20
493739.6997662278
 30
0.0
 40
0.25
  0
LWPOLYLINE
  5
1ED50
330
1F
100
AcDbEntity
  8
SD983
100
AcDbPolyline
 90
        5
 70
     0
 43
0.0
 10
195658.2822770566
 20
493739.4497662278
 10
195662.0625507962
 20
493739.4497662278
 10
195662.0625507962
 20
493740.4497662278
 10
195661.0625507963
 20
493740.4497662278
 10
195661.0625507963
 20
493739.4497662278
  0
CIRCLE
  5
1ED51
330
1F
100
AcDbEntity
  8
SD983
100
AcDbCircle
 10
195661.8125507963
 20
493739.6997662278
 30
0.0
 40
0.25
  0
CIRCLE
  5
1ED52
330
1F
100
AcDbEntity
  8
SD983
100
AcDbCircle
 10
195661.8125507963
 20
493740.1997662278
 30
0.0
 40
0.25
  0
CIRCLE
  5
1ED53
330
1F
100
AcDbEntity
  8
SD983
100
AcDbCircle
 10
195661.3125507963
 20
493740.1997662278
 30
0.0
 40
0.25
  0
CIRCLE
  5
1ED54
330
1F
100
AcDbEntity
  8
SD983
100
AcDbCircle
 10
195661.3125507963
 20
493737.2629157458
 30
0.0
 40
0.25
  0
CIRCLE
  5
1ED55
330
1F
100
AcDbEntity
  8
SD983
100
AcDbCircle
 10
195661.8125507963
 20
493737.2629157458
 30
0.0
 40
0.25
  0
CIRCLE
  5
1ED56
330
1F
100
AcDbEntity
  8
SD983
100
AcDbCircle
 10
195661.8125507963
 20
493736.7629157456
 30
0.0
 40
0.25
  0
LWPOLYLINE
  5
1ED57
330
1F
100
AcDbEntity
  8
SD983
100
AcDbPolyline
 90
        5
 70
     0
 43
0.0
 10
195658.2822770566
 20
493736.5129157456
 10
195662.0625507962
 20
493736.5129157456
 10
195662.0625507962
 20
493737.5129157458
 10
195660.5625507963
 20
493737.5129157458
 10
195660.5625507963
 20
493736.5129157456
  0
CIRCLE
  5
1ED58
330
1F
100
AcDbEntity
  8
SD983
100
AcDbCircle
 10
195661.3125507963
 20
493736.7629157456
 30
0.0
 40
0.25
  0
CIRCLE
  5
1ED59
330
1F
100
AcDbEntity
  8
SD983
100
AcDbCircle
 10
195660.8125507963
 20
493736.7629157456
 30
0.0
 40
0.25
  0
CIRCLE
  5
1ED5A
330
1F
100
AcDbEntity
  8
SD983
100
AcDbCircle
 10
195660.8125507963
 20
493737.2629157458
 30
0.0
 40
0.25
  0
TEXT
  5
1ED5B
330
1F
100
AcDbEntity
  8
SD983
100
AcDbText
 10
195660.3773590048
 20
493751.2104961305
 30
0.0
 40
3.0
  1
50
  7
GHS
100
AcDbText
  0
CIRCLE
  5
1ED5C
330
1F
100
AcDbEntity
  8
SD983
100
AcDbCircle
 10
195661.3125507963
 20
493742.1366167099
 30
0.0
 40
0.25
  0
LWPOLYLINE
  5
1ED5D
330
1F
100
AcDbEntity
  8
SD983
100
AcDbPolyline
 90
        5
 70
     0
 43
0.0
 10
195658.2822770566
 20
493741.8866167099
 10
195662.0625507962
 20
493741.8866167099
 10
195662.0625507962
 20
493742.3866167099
 10
195660.0625507963
 20
493742.3866167099
 10
195660.0625507963
 20
493741.8866167099
  0
CIRCLE
  5
1ED5E
330
1F
100
AcDbEntity
  8
SD983
100
AcDbCircle
 10
195661.8125507963
 20
493742.1366167099
 30
0.0
 40
0.25
  0
CIRCLE
  5
1ED5F
330
1F
100
AcDbEntity
  8
SD983
100
AcDbCircle
 10
195660.8125507963
 20
493742.1366167099
 30
0.0
 40
0.25
  0
CIRCLE
  5
1ED60
330
1F
100
AcDbEntity
  8
SD983
100
AcDbCircle
 10
195660.3125507963
 20
493742.1366167099
 30
0.0
 40
0.25
  0
LWPOLYLINE
  5
1ED61
330
1F
100
AcDbEntity
  8
SD983
100
AcDbPolyline
 90
        5
 70
     0
 43
0.0
 10
195671.9106929406
 20
493745.0284301
 10
195679.47124042
 20
493745.0284301
 10
195679.47124042
 20
493744.0284301
 10
195678.47124042
 20
493744.0284301
 10
195678.47124042
 20
493745.0284301
  0
CIRCLE
  5
1ED62
330
1F
100
AcDbEntity
  8
SD983
100
AcDbCircle
 10
195678.97124042
 20
493744.5284300999
 30
0.0
 40
0.5
  0
CIRCLE
  5
1ED63
330
1F
100
AcDbEntity
  8
SD983
100
AcDbCircle
 10
195678.97124042
 20
493740.6470693026
 30
0.0
 40
0.5
  0
LWPOLYLINE
  5
1ED64
330
1F
100
AcDbEntity
  8
SD983
100
AcDbPolyline
 90
        5
 70
     0
 43
0.0
 10
195671.9106929406
 20
493741.1470693024
 10
195679.47124042
 20
493741.1470693024
 10
195679.47124042
 20
493740.1470693025
 10
195677.47124042
 20
493740.1470693025
 10
195677.47124042
 20
493741.1470693024
  0
CIRCLE
  5
1ED65
330
1F
100
AcDbEntity
  8
SD983
100
AcDbCircle
 10
195677.97124042
 20
493740.6470693026
 30
0.0
 40
0.5
  0
CIRCLE
  5
1ED66
330
1F
100
AcDbEntity
  8
SD983
100
AcDbCircle
 10
195677.97124042
 20
493736.765708505
 30
0.0
 40
0.5
  0
LWPOLYLINE
  5
1ED67
330
1F
100
AcDbEntity
  8
SD983
100
AcDbPolyline
 90
        5
 70
     0
 43
0.0
 10
195671.9106929406
 20
493737.265708505
 10
195679.47124042
 20
493737.265708505
 10
195679.47124042
 20
493736.265708505
 10
195676.47124042
 20
493736.265708505
 10
195676.47124042
 20
493737.265708505
  0
CIRCLE
  5
1ED68
330
1F
100
AcDbEntity
  8
SD983
100
AcDbCircle
 10
195678.97124042
 20
493736.765708505
 30
0.0
 40
0.5
  0
CIRCLE
  5
1ED69
330
1F
100
AcDbEntity
  8
SD983
100
AcDbCircle
 10
195676.97124042
 20
493736.765708505
 30
0.0
 40
0.5
  0
CIRCLE
  5
1ED6A
330
1F
100
AcDbEntity
  8
SD983
100
AcDbCircle
 10
195677.97124042
 20
493732.8843477075
 30
0.0
 40
0.5
  0
LWPOLYLINE
  5
1ED6B
330
1F
100
AcDbEntity
  8
SD983
100
AcDbPolyline
 90
        5
 70
     0
 43
0.0
 10
195671.9106929406
 20
493733.3843477076
 10
195679.47124042
 20
493733.3843477076
 10
195679.47124042
 20
493732.3843477075
 10
195675.4712404199
 20
493732.3843477075
 10
195675.4712404199
 20
493733.3843477076
  0
CIRCLE
  5
1ED6C
330
1F
100
AcDbEntity
  8
SD983
100
AcDbCircle
 10
195678.97124042
 20
493732.8843477075
 30
0.0
 40
0.5
  0
CIRCLE
  5
1ED6D
330
1F
100
AcDbEntity
  8
SD983
100
AcDbCircle
 10
195676.97124042
 20
493732.8843477075
 30
0.0
 40
0.5
  0
CIRCLE
  5
1ED6E
330
1F
100
AcDbEntity
  8
SD983
100
AcDbCircle
 10
195675.97124042
 20
493732.8843477075
 30
0.0
 40
0.5
  0
CIRCLE
  5
1ED6F
330
1F
100
AcDbEntity
  8
SD983
100
AcDbCircle
 10
195677.97124042
 20
493728.0106467433
 30
0.0
 40
0.5
  0
LWPOLYLINE
  5
1ED70
330
1F
100
AcDbEntity
  8
SD983
100
AcDbPolyline
 90
        5
 70
     0
 43
0.0
 10
195671.9106929406
 20
493728.5106467433
 10
195679.47124042
 20
493728.5106467433
 10
195679.47124042
 20
493726.5106467433
 10
195677.47124042
 20
493726.5106467433
 10
195677.47124042
 20
493728.5106467433
  0
CIRCLE
  5
1ED71
330
1F
100
AcDbEntity
  8
SD983
100
AcDbCircle
 10
195678.97124042
 20
493728.0106467433
 30
0.0
 40
0.5
  0
CIRCLE
  5
1ED72
330
1F
100
AcDbEntity
  8
SD983
100
AcDbCircle
 10
195678.97124042
 20
493727.0106467433
 30
0.0
 40
0.5
  0
CIRCLE
  5
1ED73
330
1F
100
AcDbEntity
  8
SD983
100
AcDbCircle
 10
195677.97124042
 20
493727.0106467433
 30
0.0
 40
0.5
  0
CIRCLE
  5
1ED74
330
1F
100
AcDbEntity
  8
SD983
100
AcDbCircle
 10
195677.97124042
 20
493721.5073890143
 30
0.0
 40
0.5
  0
CIRCLE
  5
1ED75
330
1F
100
AcDbEntity
  8
SD983
100
AcDbCircle
 10
195678.97124042
 20
493721.5073890143
 30
0.0
 40
0.5
  0
CIRCLE
  5
1ED76
330
1F
100
AcDbEntity
  8
SD983
100
AcDbCircle
 10
195678.97124042
 20
493722.5073890143
 30
0.0
 40
0.5
  0
LWPOLYLINE
  5
1ED77
330
1F
100
AcDbEntity
  8
SD983
100
AcDbPolyline
 90
        5
 70
     0
 43
0.0
 10
195671.9106929406
 20
493723.0073890146
 10
195679.47124042
 20
493723.0073890146
 10
195679.47124042
 20
493721.0073890144
 10
195676.47124042
 20
493721.0073890144
 10
195676.47124042
 20
493723.0073890146
  0
CIRCLE
  5
1ED78
330
1F
100
AcDbEntity
  8
SD983
100
AcDbCircle
 10
195677.97124042
 20
493722.5073890143
 30
0.0
 40
0.5
  0
CIRCLE
  5
1ED79
330
1F
100
AcDbEntity
  8
SD983
100
AcDbCircle
 10
195676.97124042
 20
493722.5073890143
 30
0.0
 40
0.5
  0
CIRCLE
  5
1ED7A
330
1F
100
AcDbEntity
  8
SD983
100
AcDbCircle
 10
195676.97124042
 20
493721.5073890143
 30
0.0
 40
0.5
  0
LWPOLYLINE
  5
1ED7B
330
1F
100
AcDbEntity
  8
SD983
100
AcDbPolyline
 90
        5
 70
     0
 43
0.0
 10
195687.911647232
 20
493745.9653171329
 10
195680.3510997526
 20
493745.9653171329
 10
195680.3510997526
 20
493746.965317133
 10
195681.3510997526
 20
493746.965317133
 10
195681.3510997526
 20
493745.9653171329
  0
CIRCLE
  5
1ED7C
330
1F
100
AcDbEntity
  8
SD983
100
AcDbCircle
 10
195680.8510997526
 20
493746.4653171328
 30
0.0
 40
0.5
  0
CIRCLE
  5
1ED7D
330
1F
100
AcDbEntity
  8
SD983
100
AcDbCircle
 10
195680.8510997526
 20
493742.5839563355
 30
0.0
 40
0.5
  0
LWPOLYLINE
  5
1ED7E
330
1F
100
AcDbEntity
  8
SD983
100
AcDbPolyline
 90
        5
 70
     0
 43
0.0
 10
195687.911647232
 20
493742.0839563355
 10
195680.3510997526
 20
493742.0839563355
 10
195680.3510997526
 20
493743.0839563355
 10
195682.3510997526
 20
493743.0839563355
 10
195682.3510997526
 20
493742.0839563355
  0
CIRCLE
  5
1ED7F
330
1F
100
AcDbEntity
  8
SD983
100
AcDbCircle
 10
195681.8510997526
 20
493742.5839563355
 30
0.0
 40
0.5
  0
CIRCLE
  5
1ED80
330
1F
100
AcDbEntity
  8
SD983
100
AcDbCircle
 10
195681.8510997526
 20
493738.7025955381
 30
0.0
 40
0.5
  0
LWPOLYLINE
  5
1ED81
330
1F
100
AcDbEntity
  8
SD983
100
AcDbPolyline
 90
        5
 70
     0
 43
0.0
 10
195687.911647232
 20
493738.2025955382
 10
195680.3510997526
 20
493738.2025955382
 10
195680.3510997526
 20
493739.202595538
 10
195683.3510997526
 20
493739.202595538
 10
195683.3510997526
 20
493738.2025955382
  0
CIRCLE
  5
1ED82
330
1F
100
AcDbEntity
  8
SD983
100
AcDbCircle
 10
195680.8510997526
 20
493738.7025955381
 30
0.0
 40
0.5
  0
CIRCLE
  5
1ED83
330
1F
100
AcDbEntity
  8
SD983
100
AcDbCircle
 10
195682.8510997526
 20
493738.7025955381
 30
0.0
 40
0.5
  0
CIRCLE
  5
1ED84
330
1F
100
AcDbEntity
  8
SD983
100
AcDbCircle
 10
195681.8510997526
 20
493729.9475337764
 30
0.0
 40
0.5
  0
LWPOLYLINE
  5
1ED85
330
1F
100
AcDbEntity
  8
SD983
100
AcDbPolyline
 90
        5
 70
     0
 43
0.0
 10
195687.911647232
 20
493729.4475337765
 10
195680.3510997526
 20
493729.4475337765
 10
195680.3510997526
 20
493731.4475337764
 10
195682.3510997526
 20
493731.4475337764
 10
195682.3510997526
 20
493729.4475337765
  0
CIRCLE
  5
1ED86
330
1F
100
AcDbEntity
  8
SD983
100
AcDbCircle
 10
195680.8510997526
 20
493729.9475337764
 30
0.0
 40
0.5
  0
CIRCLE
  5
1ED87
330
1F
100
AcDbEntity
  8
SD983
100
AcDbCircle
 10
195680.8510997526
 20
493730.9475337763
 30
0.0
 40
0.5
  0
CIRCLE
  5
1ED88
330
1F
100
AcDbEntity
  8
SD983
100
AcDbCircle
 10
195681.8510997526
 20
493730.9475337763
 30
0.0
 40
0.5
  0
CIRCLE
  5
1ED89
330
1F
100
AcDbEntity
  8
SD983
100
AcDbCircle
 10
195681.8510997526
 20
493725.4442760475
 30
0.0
 40
0.5
  0
CIRCLE
  5
1ED8A
330
1F
100
AcDbEntity
  8
SD983
100
AcDbCircle
 10
195680.8510997526
 20
493725.4442760475
 30
0.0
 40
0.5
  0
CIRCLE
  5
1ED8B
330
1F
100
AcDbEntity
  8
SD983
100
AcDbCircle
 10
195680.8510997526
 20
493724.4442760476
 30
0.0
 40
0.5
  0
LWPOLYLINE
  5
1ED8C
330
1F
100
AcDbEntity
  8
SD983
100
AcDbPolyline
 90
        5
 70
     0
 43
0.0
 10
195687.911647232
 20
493723.9442760475
 10
195680.3510997526
 20
493723.9442760475
 10
195680.3510997526
 20
493725.9442760474
 10
195683.3510997526
 20
493725.9442760474
 10
195683.3510997526
 20
493723.9442760475
  0
CIRCLE
  5
1ED8D
330
1F
100
AcDbEntity
  8
SD983
100
AcDbCircle
 10
195681.8510997526
 20
493724.4442760476
 30
0.0
 40
0.5
  0
CIRCLE
  5
1ED8E
330
1F
100
AcDbEntity
  8
SD983
100
AcDbCircle
 10
195682.8510997526
 20
493724.4442760476
 30
0.0
 40
0.5
  0
CIRCLE
  5
1ED8F
330
1F
100
AcDbEntity
  8
SD983
100
AcDbCircle
 10
195682.8510997526
 20
493725.4442760475
 30
0.0
 40
0.5
  0
CIRCLE
  5
1ED90
330
1F
100
AcDbEntity
  8
SD983
100
AcDbCircle
 10
195681.8510997526
 20
493734.8212347406
 30
0.0
 40
0.5
  0
LWPOLYLINE
  5
1ED91
330
1F
100
AcDbEntity
  8
SD983
100
AcDbPolyline
 90
        5
 70
     0
 43
0.0
 10
195687.911647232
 20
493734.3212347406
 10
195680.3510997526
 20
493734.3212347406
 10
195680.3510997526
 20
493735.3212347407
 10
195684.3510997526
 20
493735.3212347407
 10
195684.3510997526
 20
493734.3212347406
  0
CIRCLE
  5
1ED92
330
1F
100
AcDbEntity
  8
SD983
100
AcDbCircle
 10
195680.8510997526
 20
493734.8212347406
 30
0.0
 40
0.5
  0
CIRCLE
  5
1ED93
330
1F
100
AcDbEntity
  8
SD983
100
AcDbCircle
 10
195682.8510997526
 20
493734.8212347406
 30
0.0
 40
0.5
  0
CIRCLE
  5
1ED94
330
1F
100
AcDbEntity
  8
SD983
100
AcDbCircle
 10
195683.8510997527
 20
493734.8212347406
 30
0.0
 40
0.5
  0
LWPOLYLINE
  5
1ED95
330
1F
100
AcDbEntity
  8
SD983
100
AcDbPolyline
 90
        5
 70
     0
 43
0.0
 10
195687.911647232
 20
493745.0284301
 10
195680.3510997526
 20
493745.0284301
 10
195680.3510997526
 20
493744.0284301
 10
195681.3510997526
 20
493744.0284301
 10
195681.3510997526
 20
493745.0284301
  0
CIRCLE
  5
1ED96
330
1F
100
AcDbEntity
  8
SD983
100
AcDbCircle
 10
195680.8510997526
 20
493744.5284300999
 30
0.0
 40
0.5
  0
CIRCLE
  5
1ED97
330
1F
100
AcDbEntity
  8
SD983
100
AcDbCircle
 10
195680.8510997526
 20
493740.6470693026
 30
0.0
 40
0.5
  0
LWPOLYLINE
  5
1ED98
330
1F
100
AcDbEntity
  8
SD983
100
AcDbPolyline
 90
        5
 70
     0
 43
0.0
 10
195687.911647232
 20
493741.1470693024
 10
195680.3510997526
 20
493741.1470693024
 10
195680.3510997526
 20
493740.1470693025
 10
195682.3510997526
 20
493740.1470693025
 10
195682.3510997526
 20
493741.1470693024
  0
CIRCLE
  5
1ED99
330
1F
100
AcDbEntity
  8
SD983
100
AcDbCircle
 10
195681.8510997526
 20
493740.6470693026
 30
0.0
 40
0.5
  0
CIRCLE
  5
1ED9A
330
1F
100
AcDbEntity
  8
SD983
100
AcDbCircle
 10
195681.8510997526
 20
493736.765708505
 30
0.0
 40
0.5
  0
LWPOLYLINE
  5
1ED9B
330
1F
100
AcDbEntity
  8
SD983
100
AcDbPolyline
 90
        5
 70
     0
 43
0.0
 10
195687.911647232
 20
493737.265708505
 10
195680.3510997526
 20
493737.265708505
 10
195680.3510997526
 20
493736.265708505
 10
195683.3510997526
 20
493736.265708505
 10
195683.3510997526
 20
493737.265708505
  0
CIRCLE
  5
1ED9C
330
1F
100
AcDbEntity
  8
SD983
100
AcDbCircle
 10
195680.8510997526
 20
493736.765708505
 30
0.0
 40
0.5
  0
CIRCLE
  5
1ED9D
330
1F
100
AcDbEntity
  8
SD983
100
AcDbCircle
 10
195682.8510997526
 20
493736.765708505
 30
0.0
 40
0.5
  0
CIRCLE
  5
1ED9E
330
1F
100
AcDbEntity
  8
SD983
100
AcDbCircle
 10
195681.8510997526
 20
493732.8843477075
 30
0.0
 40
0.5
  0
LWPOLYLINE
  5
1ED9F
330
1F
100
AcDbEntity
  8
SD983
100
AcDbPolyline
 90
        5
 70
     0
 43
0.0
 10
195687.911647232
 20
493733.3843477076
 10
195680.3510997526
 20
493733.3843477076
 10
195680.3510997526
 20
493732.3843477075
 10
195684.3510997526
 20
493732.3843477075
 10
195684.3510997526
 20
493733.3843477076
  0
CIRCLE
  5
1EDA0
330
1F
100
AcDbEntity
  8
SD983
100
AcDbCircle
 10
195680.8510997526
 20
493732.8843477075
 30
0.0
 40
0.5
  0
CIRCLE
  5
1EDA1
330
1F
100
AcDbEntity
  8
SD983
100
AcDbCircle
 10
195682.8510997526
 20
493732.8843477075
 30
0.0
 40
0.5
  0
CIRCLE
  5
1EDA2
330
1F
100
AcDbEntity
  8
SD983
100
AcDbCircle
 10
195683.8510997527
 20
493732.8843477075
 30
0.0
 40
0.5
  0
CIRCLE
  5
1EDA3
330
1F
100
AcDbEntity
  8
SD983
100
AcDbCircle
 10
195681.8510997526
 20
493728.0106467433
 30
0.0
 40
0.5
  0
LWPOLYLINE
  5
1EDA4
330
1F
100
AcDbEntity
  8
SD983
100
AcDbPolyline
 90
        5
 70
     0
 43
0.0
 10
195687.911647232
 20
493728.5106467433
 10
195680.3510997526
 20
493728.5106467433
 10
195680.3510997526
 20
493726.5106467433
 10
195682.3510997526
 20
493726.5106467433
 10
195682.3510997526
 20
493728.5106467433
  0
CIRCLE
  5
1EDA5
330
1F
100
AcDbEntity
  8
SD983
100
AcDbCircle
 10
195680.8510997526
 20
493728.0106467433
 30
0.0
 40
0.5
  0
CIRCLE
  5
1EDA6
330
1F
100
AcDbEntity
  8
SD983
100
AcDbCircle
 10
195680.8510997526
 20
493727.0106467433
 30
0.0
 40
0.5
  0
CIRCLE
  5
1EDA7
330
1F
100
AcDbEntity
  8
SD983
100
AcDbCircle
 10
195681.8510997526
 20
493727.0106467433
 30
0.0
 40
0.5
  0
CIRCLE
  5
1EDA8
330
1F
100
AcDbEntity
  8
SD983
100
AcDbCircle
 10
195681.8510997526
 20
493721.5073890143
 30
0.0
 40
0.5
  0
CIRCLE
  5
1EDA9
330
1F
100
AcDbEntity
  8
SD983
100
AcDbCircle
 10
195680.8510997526
 20
493721.5073890143
 30
0.0
 40
0.5
  0
CIRCLE
  5
1EDAA
330
1F
100
AcDbEntity
  8
SD983
100
AcDbCircle
 10
195680.8510997526
 20
493722.5073890143
 30
0.0
 40
0.5
  0
LWPOLYLINE
  5
1EDAB
330
1F
100
AcDbEntity
  8
SD983
100
AcDbPolyline
 90
        5
 70
     0
 43
0.0
 10
195687.911647232
 20
493723.0073890146
 10
195680.3510997526
 20
493723.0073890146
 10
195680.3510997526
 20
493721.0073890144
 10
195683.3510997526
 20
493721.0073890144
 10
195683.3510997526
 20
493723.0073890146
  0
CIRCLE
  5
1EDAC
330
1F
100
AcDbEntity
  8
SD983
100
AcDbCircle
 10
195681.8510997526
 20
493722.5073890143
 30
0.0
 40
0.5
  0
CIRCLE
  5
1EDAD
330
1F
100
AcDbEntity
  8
SD983
100
AcDbCircle
 10
195682.8510997526
 20
493722.5073890143
 30
0.0
 40
0.5
  0
CIRCLE
  5
1EDAE
330
1F
100
AcDbEntity
  8
SD983
100
AcDbCircle
 10
195682.8510997526
 20
493721.5073890143
 30
0.0
 40
0.5
  0
CIRCLE
  5
1EDAF
330
1F
100
AcDbEntity
  8
SD983
100
AcDbCircle
 10
195661.3125507963
 20
493735.2944722293
 30
0.0
 40
0.25
  0
CIRCLE
  5
1EDB0
330
1F
100
AcDbEntity
  8
SD983
100
AcDbCircle
 10
195661.8125507963
 20
493735.2944722293
 30
0.0
 40
0.25
  0
CIRCLE
  5
1EDB1
330
1F
100
AcDbEntity
  8
SD983
100
AcDbCircle
 10
195661.8125507963
 20
493735.7944722293
 30
0.0
 40
0.25
  0
LWPOLYLINE
  5
1EDB2
330
1F
100
AcDbEntity
  8
SD983
100
AcDbPolyline
 90
        5
 70
     0
 43
0.0
 10
195658.2822770566
 20
493736.0444722293
 10
195662.0625507962
 20
493736.0444722293
 10
195662.0625507962
 20
493735.0444722294
 10
195660.5625507963
 20
493735.0444722294
 10
195660.5625507963
 20
493736.0444722293
  0
CIRCLE
  5
1EDB3
330
1F
100
AcDbEntity
  8
SD983
100
AcDbCircle
 10
195661.3125507963
 20
493735.7944722293
 30
0.0
 40
0.25
  0
CIRCLE
  5
1EDB4
330
1F
100
AcDbEntity
  8
SD983
100
AcDbCircle
 10
195660.8125507963
 20
493735.7944722293
 30
0.0
 40
0.25
  0
CIRCLE
  5
1EDB5
330
1F
100
AcDbEntity
  8
SD983
100
AcDbCircle
 10
195660.8125507963
 20
493735.2944722293
 30
0.0
 40
0.25
  0
CIRCLE
  5
1EDB6
330
1F
100
AcDbEntity
  8
SD983
100
AcDbCircle
 10
195661.3125507963
 20
493738.7313227114
 30
0.0
 40
0.25
  0
LWPOLYLINE
  5
1EDB7
330
1F
100
AcDbEntity
  8
SD983
100
AcDbPolyline
 90
        5
 70
     0
 43
0.0
 10
195658.2822770566
 20
493738.9813227114
 10
195662.0625507962
 20
493738.9813227114
 10
195662.0625507962
 20
493737.9813227114
 10
195661.0625507963
 20
493737.9813227114
 10
195661.0625507963
 20
493738.9813227114
  0
CIRCLE
  5
1EDB8
330
1F
100
AcDbEntity
  8
SD983
100
AcDbCircle
 10
195661.8125507963
 20
493738.7313227114
 30
0.0
 40
0.25
  0
CIRCLE
  5
1EDB9
330
1F
100
AcDbEntity
  8
SD983
100
AcDbCircle
 10
195661.8125507963
 20
493738.2313227114
 30
0.0
 40
0.25
  0
CIRCLE
  5
1EDBA
330
1F
100
AcDbEntity
  8
SD983
100
AcDbCircle
 10
195661.3125507963
 20
493738.2313227114
 30
0.0
 40
0.25
  0
CIRCLE
  5
1EDBB
330
1F
100
AcDbEntity
  8
SD983
100
AcDbCircle
 10
195661.3125507963
 20
493741.1681731935
 30
0.0
 40
0.25
  0
LWPOLYLINE
  5
1EDBC
330
1F
100
AcDbEntity
  8
SD983
100
AcDbPolyline
 90
        5
 70
     0
 43
0.0
 10
195658.2822770566
 20
493741.4181731935
 10
195662.0625507962
 20
493741.4181731935
 10
195662.0625507962
 20
493740.9181731935
 10
195660.0625507963
 20
493740.9181731935
 10
195660.0625507963
 20
493741.4181731935
  0
CIRCLE
  5
1EDBD
330
1F
100
AcDbEntity
  8
SD983
100
AcDbCircle
 10
195661.8125507963
 20
493741.1681731935
 30
0.0
 40
0.25
  0
CIRCLE
  5
1EDBE
330
1F
100
AcDbEntity
  8
SD983
100
AcDbCircle
 10
195660.8125507963
 20
493741.1681731935
 30
0.0
 40
0.25
  0
CIRCLE
  5
1EDBF
330
1F
100
AcDbEntity
  8
SD983
100
AcDbCircle
 10
195660.3125507963
 20
493741.1681731935
 30
0.0
 40
0.25
  0
CIRCLE
  5
1EDC0
330
1F
100
AcDbEntity
  8
SD983
100
AcDbCircle
 10
195661.3125507963
 20
493743.1050236757
 30
0.0
 40
0.25
  0
LWPOLYLINE
  5
1EDC1
330
1F
100
AcDbEntity
  8
SD983
100
AcDbPolyline
 90
        5
 70
     0
 43
0.0
 10
195658.2822770566
 20
493743.3550236757
 10
195662.0625507962
 20
493743.3550236757
 10
195662.0625507962
 20
493742.8550236758
 10
195660.5625507963
 20
493742.8550236758
 10
195660.5625507963
 20
493743.3550236757
  0
CIRCLE
  5
1EDC2
330
1F
100
AcDbEntity
  8
SD983
100
AcDbCircle
 10
195661.8125507963
 20
493743.1050236757
 30
0.0
 40
0.25
  0
CIRCLE
  5
1EDC3
330
1F
100
AcDbEntity
  8
SD983
100
AcDbCircle
 10
195660.8125507963
 20
493743.1050236757
 30
0.0
 40
0.25
  0
CIRCLE
  5
1EDC4
330
1F
100
AcDbEntity
  8
SD983
100
AcDbCircle
 10
195661.8125507963
 20
493745.0418741578
 30
0.0
 40
0.25
  0
LWPOLYLINE
  5
1EDC5
330
1F
100
AcDbEntity
  8
SD983
100
AcDbPolyline
 90
        5
 70
     0
 43
0.0
 10
195658.2822770566
 20
493745.2918741578
 10
195662.0625507962
 20
493745.2918741578
 10
195662.0625507962
 20
493744.7918741578
 10
195661.0625507963
 20
493744.7918741578
 10
195661.0625507963
 20
493745.2918741578
  0
CIRCLE
  5
1EDC6
330
1F
100
AcDbEntity
  8
SD983
100
AcDbCircle
 10
195661.3125507963
 20
493745.0418741578
 30
0.0
 40
0.25
  0
LWPOLYLINE
  5
1EDC7
330
1F
100
AcDbEntity
  8
SD983
100
AcDbPolyline
 90
        5
 70
     0
 43
0.0
 10
195658.2822770566
 20
493747.2287246399
 10
195662.0625507962
 20
493747.2287246399
 10
195662.0625507962
 20
493746.7287246399
 10
195661.5625507963
 20
493746.7287246399
 10
195661.5625507963
 20
493747.2287246399
  0
CIRCLE
  5
1EDC8
330
1F
100
AcDbEntity
  8
SD983
100
AcDbCircle
 10
195661.8125507963
 20
493746.9787246399
 30
0.0
 40
0.25
  0
LWPOLYLINE
  5
1EDC9
330
1F
100
AcDbEntity
  8
SD983
100
AcDbPolyline
 90
        5
 70
     0
 43
0.0
 10
195666.7226838686
 20
493747.6971681563
 10
195662.9424101289
 20
493747.6971681563
 10
195662.9424101289
 20
493748.1971681563
 10
195663.4424101289
 20
493748.1971681563
 10
195663.4424101289
 20
493747.6971681563
  0
CIRCLE
  5
1EDCA
330
1F
100
AcDbEntity
  8
SD983
100
AcDbCircle
 10
195663.1924101289
 20
493747.9471681563
 30
0.0
 40
0.25
  0
CIRCLE
  5
1EDCB
330
1F
100
AcDbEntity
  8
SD983
100
AcDbCircle
 10
195663.1924101289
 20
493746.0103176742
 30
0.0
 40
0.25
  0
LWPOLYLINE
  5
1EDCC
330
1F
100
AcDbEntity
  8
SD983
100
AcDbPolyline
 90
        5
 70
     0
 43
0.0
 10
195666.7226838686
 20
493745.7603176742
 10
195662.9424101289
 20
493745.7603176742
 10
195662.9424101289
 20
493746.2603176742
 10
195663.942410129
 20
493746.2603176742
 10
195663.942410129
 20
493745.7603176742
  0
CIRCLE
  5
1EDCD
330
1F
100
AcDbEntity
  8
SD983
100
AcDbCircle
 10
195663.692410129
 20
493746.0103176742
 30
0.0
 40
0.25
  0
CIRCLE
  5
1EDCE
330
1F
100
AcDbEntity
  8
SD983
100
AcDbCircle
 10
195663.692410129
 20
493744.0734671922
 30
0.0
 40
0.25
  0
LWPOLYLINE
  5
1EDCF
330
1F
100
AcDbEntity
  8
SD983
100
AcDbPolyline
 90
        5
 70
     0
 43
0.0
 10
195666.7226838686
 20
493743.8234671922
 10
195662.9424101289
 20
493743.8234671922
 10
195662.9424101289
 20
493744.3234671921
 10
195664.4424101289
 20
493744.3234671921
 10
195664.4424101289
 20
493743.8234671922
  0
CIRCLE
  5
1EDD0
330
1F
100
AcDbEntity
  8
SD983
100
AcDbCircle
 10
195663.1924101289
 20
493744.0734671922
 30
0.0
 40
0.25
  0
CIRCLE
  5
1EDD1
330
1F
100
AcDbEntity
  8
SD983
100
AcDbCircle
 10
195664.1924101289
 20
493744.0734671922
 30
0.0
 40
0.25
  0
CIRCLE
  5
1EDD2
330
1F
100
AcDbEntity
  8
SD983
100
AcDbCircle
 10
195663.692410129
 20
493739.6997662278
 30
0.0
 40
0.25
  0
LWPOLYLINE
  5
1EDD3
330
1F
100
AcDbEntity
  8
SD983
100
AcDbPolyline
 90
        5
 70
     0
 43
0.0
 10
195666.7226838686
 20
493739.4497662278
 10
195662.9424101289
 20
493739.4497662278
 10
195662.9424101289
 20
493740.4497662278
 10
195663.942410129
 20
493740.4497662278
 10
195663.942410129
 20
493739.4497662278
  0
CIRCLE
  5
1EDD4
330
1F
100
AcDbEntity
  8
SD983
100
AcDbCircle
 10
195663.1924101289
 20
493739.6997662278
 30
0.0
 40
0.25
  0
CIRCLE
  5
1EDD5
330
1F
100
AcDbEntity
  8
SD983
100
AcDbCircle
 10
195663.1924101289
 20
493740.1997662278
 30
0.0
 40
0.25
  0
CIRCLE
  5
1EDD6
330
1F
100
AcDbEntity
  8
SD983
100
AcDbCircle
 10
195663.692410129
 20
493740.1997662278
 30
0.0
 40
0.25
  0
CIRCLE
  5
1EDD7
330
1F
100
AcDbEntity
  8
SD983
100
AcDbCircle
 10
195663.692410129
 20
493737.2629157458
 30
0.0
 40
0.25
  0
CIRCLE
  5
1EDD8
330
1F
100
AcDbEntity
  8
SD983
100
AcDbCircle
 10
195663.1924101289
 20
493737.2629157458
 30
0.0
 40
0.25
  0
CIRCLE
  5
1EDD9
330
1F
100
AcDbEntity
  8
SD983
100
AcDbCircle
 10
195663.1924101289
 20
493736.7629157456
 30
0.0
 40
0.25
  0
LWPOLYLINE
  5
1EDDA
330
1F
100
AcDbEntity
  8
SD983
100
AcDbPolyline
 90
        5
 70
     0
 43
0.0
 10
195666.7226838686
 20
493736.5129157456
 10
195662.9424101289
 20
493736.5129157456
 10
195662.9424101289
 20
493737.5129157458
 10
195664.4424101289
 20
493737.5129157458
 10
195664.4424101289
 20
493736.5129157456
  0
CIRCLE
  5
1EDDB
330
1F
100
AcDbEntity
  8
SD983
100
AcDbCircle
 10
195663.692410129
 20
493736.7629157456
 30
0.0
 40
0.25
  0
CIRCLE
  5
1EDDC
330
1F
100
AcDbEntity
  8
SD983
100
AcDbCircle
 10
195664.1924101289
 20
493736.7629157456
 30
0.0
 40
0.25
  0
CIRCLE
  5
1EDDD
330
1F
100
AcDbEntity
  8
SD983
100
AcDbCircle
 10
195664.1924101289
 20
493737.2629157458
 30
0.0
 40
0.25
  0
CIRCLE
  5
1EDDE
330
1F
100
AcDbEntity
  8
SD983
100
AcDbCircle
 10
195663.692410129
 20
493742.1366167099
 30
0.0
 40
0.25
  0
LWPOLYLINE
  5
1EDDF
330
1F
100
AcDbEntity
  8
SD983
100
AcDbPolyline
 90
        5
 70
     0
 43
0.0
 10
195666.7226838686
 20
493741.8866167099
 10
195662.9424101289
 20
493741.8866167099
 10
195662.9424101289
 20
493742.3866167099
 10
195664.9424101289
 20
493742.3866167099
 10
195664.9424101289
 20
493741.8866167099
  0
CIRCLE
  5
1EDE0
330
1F
100
AcDbEntity
  8
SD983
100
AcDbCircle
 10
195663.1924101289
 20
493742.1366167099
 30
0.0
 40
0.25
  0
CIRCLE
  5
1EDE1
330
1F
100
AcDbEntity
  8
SD983
100
AcDbCircle
 10
195664.1924101289
 20
493742.1366167099
 30
0.0
 40
0.25
  0
CIRCLE
  5
1EDE2
330
1F
100
AcDbEntity
  8
SD983
100
AcDbCircle
 10
195664.6924101289
 20
493742.1366167099
 30
0.0
 40
0.25
  0
CIRCLE
  5
1EDE3
330
1F
100
AcDbEntity
  8
SD983
100
AcDbCircle
 10
195663.692410129
 20
493735.2944722293
 30
0.0
 40
0.25
  0
CIRCLE
  5
1EDE4
330
1F
100
AcDbEntity
  8
SD983
100
AcDbCircle
 10
195663.1924101289
 20
493735.2944722293
 30
0.0
 40
0.25
  0
CIRCLE
  5
1EDE5
330
1F
100
AcDbEntity
  8
SD983
100
AcDbCircle
 10
195663.1924101289
 20
493735.7944722293
 30
0.0
 40
0.25
  0
LWPOLYLINE
  5
1EDE6
330
1F
100
AcDbEntity
  8
SD983
100
AcDbPolyline
 90
        5
 70
     0
 43
0.0
 10
195666.7226838686
 20
493736.0444722293
 10
195662.9424101289
 20
493736.0444722293
 10
195662.9424101289
 20
493735.0444722294
 10
195664.4424101289
 20
493735.0444722294
 10
195664.4424101289
 20
493736.0444722293
  0
CIRCLE
  5
1EDE7
330
1F
100
AcDbEntity
  8
SD983
100
AcDbCircle
 10
195663.692410129
 20
493735.7944722293
 30
0.0
 40
0.25
  0
CIRCLE
  5
1EDE8
330
1F
100
AcDbEntity
  8
SD983
100
AcDbCircle
 10
195664.1924101289
 20
493735.7944722293
 30
0.0
 40
0.25
  0
CIRCLE
  5
1EDE9
330
1F
100
AcDbEntity
  8
SD983
100
AcDbCircle
 10
195664.1924101289
 20
493735.2944722293
 30
0.0
 40
0.25
  0
CIRCLE
  5
1EDEA
330
1F
100
AcDbEntity
  8
SD983
100
AcDbCircle
 10
195663.692410129
 20
493738.7313227114
 30
0.0
 40
0.25
  0
LWPOLYLINE
  5
1EDEB
330
1F
100
AcDbEntity
  8
SD983
100
AcDbPolyline
 90
        5
 70
     0
 43
0.0
 10
195666.7226838686
 20
493738.9813227114
 10
195662.9424101289
 20
493738.9813227114
 10
195662.9424101289
 20
493737.9813227114
 10
195663.942410129
 20
493737.9813227114
 10
195663.942410129
 20
493738.9813227114
  0
CIRCLE
  5
1EDEC
330
1F
100
AcDbEntity
  8
SD983
100
AcDbCircle
 10
195663.1924101289
 20
493738.7313227114
 30
0.0
 40
0.25
  0
CIRCLE
  5
1EDED
330
1F
100
AcDbEntity
  8
SD983
100
AcDbCircle
 10
195663.1924101289
 20
493738.2313227114
 30
0.0
 40
0.25
  0
CIRCLE
  5
1EDEE
330
1F
100
AcDbEntity
  8
SD983
100
AcDbCircle
 10
195663.692410129
 20
493738.2313227114
 30
0.0
 40
0.25
  0
CIRCLE
  5
1EDEF
330
1F
100
AcDbEntity
  8
SD983
100
AcDbCircle
 10
195663.692410129
 20
493741.1681731935
 30
0.0
 40
0.25
  0
LWPOLYLINE
  5
1EDF0
330
1F
100
AcDbEntity
  8
SD983
100
AcDbPolyline
 90
        5
 70
     0
 43
0.0
 10
195666.7226838686
 20
493741.4181731935
 10
195662.9424101289
 20
493741.4181731935
 10
195662.9424101289
 20
493740.9181731935
 10
195664.9424101289
 20
493740.9181731935
 10
195664.9424101289
 20
493741.4181731935
  0
CIRCLE
  5
1EDF1
330
1F
100
AcDbEntity
  8
SD983
100
AcDbCircle
 10
195663.1924101289
 20
493741.1681731935
 30
0.0
 40
0.25
  0
CIRCLE
  5
1EDF2
330
1F
100
AcDbEntity
  8
SD983
100
AcDbCircle
 10
195664.1924101289
 20
493741.1681731935
 30
0.0
 40
0.25
  0
CIRCLE
  5
1EDF3
330
1F
100
AcDbEntity
  8
SD983
100
AcDbCircle
 10
195664.6924101289
 20
493741.1681731935
 30
0.0
 40
0.25
  0
CIRCLE
  5
1EDF4
330
1F
100
AcDbEntity
  8
SD983
100
AcDbCircle
 10
195663.692410129
 20
493743.1050236757
 30
0.0
 40
0.25
  0
LWPOLYLINE
  5
1EDF5
330
1F
100
AcDbEntity
  8
SD983
100
AcDbPolyline
 90
        5
 70
     0
 43
0.0
 10
195666.7226838686
 20
493743.3550236757
 10
195662.9424101289
 20
493743.3550236757
 10
195662.9424101289
 20
493742.8550236758
 10
195664.4424101289
 20
493742.8550236758
 10
195664.4424101289
 20
493743.3550236757
  0
CIRCLE
  5
1EDF6
330
1F
100
AcDbEntity
  8
SD983
100
AcDbCircle
 10
195663.1924101289
 20
493743.1050236757
 30
0.0
 40
0.25
  0
CIRCLE
  5
1EDF7
330
1F
100
AcDbEntity
  8
SD983
100
AcDbCircle
 10
195664.1924101289
 20
493743.1050236757
 30
0.0
 40
0.25
  0
CIRCLE
  5
1EDF8
330
1F
100
AcDbEntity
  8
SD983
100
AcDbCircle
 10
195663.1924101289
 20
493745.0418741578
 30
0.0
 40
0.25
  0
LWPOLYLINE
  5
1EDF9
330
1F
100
AcDbEntity
  8
SD983
100
AcDbPolyline
 90
        5
 70
     0
 43
0.0
 10
195666.7226838686
 20
493745.2918741578
 10
195662.9424101289
 20
493745.2918741578
 10
195662.9424101289
 20
493744.7918741578
 10
195663.942410129
 20
493744.7918741578
 10
195663.942410129
 20
493745.2918741578
  0
CIRCLE
  5
1EDFA
330
1F
100
AcDbEntity
  8
SD983
100
AcDbCircle
 10
195663.692410129
 20
493745.0418741578
 30
0.0
 40
0.25
  0
LWPOLYLINE
  5
1EDFB
330
1F
100
AcDbEntity
  8
SD983
100
AcDbPolyline
 90
        5
 70
     0
 43
0.0
 10
195666.7226838686
 20
493747.2287246399
 10
195662.9424101289
 20
493747.2287246399
 10
195662.9424101289
 20
493746.7287246399
 10
195663.4424101289
 20
493746.7287246399
 10
195663.4424101289
 20
493747.2287246399
  0
CIRCLE
  5
1EDFC
330
1F
100
AcDbEntity
  8
SD983
100
AcDbCircle
 10
195663.1924101289
 20
493746.9787246399
 30
0.0
 40
0.25
  0
CIRCLE
  5
1EDFD
330
1F
100
AcDbEntity
  8
SD983
100
AcDbCircle
 10
195677.97124042
 20
493719.9410183183
 30
0.0
 40
0.5
  0
CIRCLE
  5
1EDFE
330
1F
100
AcDbEntity
  8
SD983
100
AcDbCircle
 10
195678.97124042
 20
493719.9410183183
 30
0.0
 40
0.5
  0
CIRCLE
  5
1EDFF
330
1F
100
AcDbEntity
  8
SD983
100
AcDbCircle
 10
195678.97124042
 20
493718.9410183183
 30
0.0
 40
0.5
  0
LWPOLYLINE
  5
1EE00
330
1F
100
AcDbEntity
  8
SD983
100
AcDbPolyline
 90
        5
 70
     0
 43
0.0
 10
195671.9106929406
 20
493718.4410183185
 10
195679.47124042
 20
493718.4410183185
 10
195679.47124042
 20
493720.4410183184
 10
195675.4712404199
 20
493720.4410183184
 10
195675.4712404199
 20
493718.4410183185
  0
CIRCLE
  5
1EE01
330
1F
100
AcDbEntity
  8
SD983
100
AcDbCircle
 10
195677.97124042
 20
493718.9410183183
 30
0.0
 40
0.5
  0
CIRCLE
  5
1EE02
330
1F
100
AcDbEntity
  8
SD983
100
AcDbCircle
 10
195675.97124042
 20
493718.9410183183
 30
0.0
 40
0.5
  0
CIRCLE
  5
1EE03
330
1F
100
AcDbEntity
  8
SD983
100
AcDbCircle
 10
195675.97124042
 20
493719.9410183183
 30
0.0
 40
0.5
  0
CIRCLE
  5
1EE04
330
1F
100
AcDbEntity
  8
SD983
100
AcDbCircle
 10
195677.97124042
 20
493716.0041312854
 30
0.0
 40
0.5
  0
CIRCLE
  5
1EE05
330
1F
100
AcDbEntity
  8
SD983
100
AcDbCircle
 10
195678.97124042
 20
493716.0041312854
 30
0.0
 40
0.5
  0
CIRCLE
  5
1EE06
330
1F
100
AcDbEntity
  8
SD983
100
AcDbCircle
 10
195678.97124042
 20
493717.0041312853
 30
0.0
 40
0.5
  0
LWPOLYLINE
  5
1EE07
330
1F
100
AcDbEntity
  8
SD983
100
AcDbPolyline
 90
        5
 70
     0
 43
0.0
 10
195671.9106929406
 20
493717.5041312853
 10
195679.47124042
 20
493717.5041312853
 10
195679.47124042
 20
493715.5041312853
 10
195675.4712404199
 20
493715.5041312853
 10
195675.4712404199
 20
493717.5041312853
  0
CIRCLE
  5
1EE08
330
1F
100
AcDbEntity
  8
SD983
100
AcDbCircle
 10
195677.97124042
 20
493717.0041312853
 30
0.0
 40
0.5
  0
CIRCLE
  5
1EE09
330
1F
100
AcDbEntity
  8
SD983
100
AcDbCircle
 10
195675.97124042
 20
493717.0041312853
 30
0.0
 40
0.5
  0
CIRCLE
  5
1EE0A
330
1F
100
AcDbEntity
  8
SD983
100
AcDbCircle
 10
195675.97124042
 20
493716.0041312854
 30
0.0
 40
0.5
  0
CIRCLE
  5
1EE0B
330
1F
100
AcDbEntity
  8
SD983
100
AcDbCircle
 10
195676.97124042
 20
493719.9410183183
 30
0.0
 40
0.5
  0
CIRCLE
  5
1EE0C
330
1F
100
AcDbEntity
  8
SD983
100
AcDbCircle
 10
195676.97124042
 20
493718.9410183183
 30
0.0
 40
0.5
  0
CIRCLE
  5
1EE0D
330
1F
100
AcDbEntity
  8
SD983
100
AcDbCircle
 10
195681.8510997526
 20
493719.9410183183
 30
0.0
 40
0.5
  0
CIRCLE
  5
1EE0E
330
1F
100
AcDbEntity
  8
SD983
100
AcDbCircle
 10
195680.8510997526
 20
493719.9410183183
 30
0.0
 40
0.5
  0
CIRCLE
  5
1EE0F
330
1F
100
AcDbEntity
  8
SD983
100
AcDbCircle
 10
195680.8510997526
 20
493718.9410183183
 30
0.0
 40
0.5
  0
LWPOLYLINE
  5
1EE10
330
1F
100
AcDbEntity
  8
SD983
100
AcDbPolyline
 90
        5
 70
     0
 43
0.0
 10
195687.911647232
 20
493718.4410183185
 10
195680.3510997526
 20
493718.4410183185
 10
195680.3510997526
 20
493720.4410183184
 10
195684.3510997526
 20
493720.4410183184
 10
195684.3510997526
 20
493718.4410183185
  0
CIRCLE
  5
1EE11
330
1F
100
AcDbEntity
  8
SD983
100
AcDbCircle
 10
195681.8510997526
 20
493718.9410183183
 30
0.0
 40
0.5
  0
CIRCLE
  5
1EE12
330
1F
100
AcDbEntity
  8
SD983
100
AcDbCircle
 10
195683.8510997526
 20
493718.9410183183
 30
0.0
 40
0.5
  0
CIRCLE
  5
1EE13
330
1F
100
AcDbEntity
  8
SD983
100
AcDbCircle
 10
195683.8510997526
 20
493719.9410183183
 30
0.0
 40
0.5
  0
CIRCLE
  5
1EE14
330
1F
100
AcDbEntity
  8
SD983
100
AcDbCircle
 10
195681.8510997526
 20
493716.0041312854
 30
0.0
 40
0.5
  0
CIRCLE
  5
1EE15
330
1F
100
AcDbEntity
  8
SD983
100
AcDbCircle
 10
195680.8510997526
 20
493716.0041312854
 30
0.0
 40
0.5
  0
CIRCLE
  5
1EE16
330
1F
100
AcDbEntity
  8
SD983
100
AcDbCircle
 10
195680.8510997526
 20
493717.0041312853
 30
0.0
 40
0.5
  0
LWPOLYLINE
  5
1EE17
330
1F
100
AcDbEntity
  8
SD983
100
AcDbPolyline
 90
        5
 70
     0
 43
0.0
 10
195687.911647232
 20
493717.5041312853
 10
195680.3510997526
 20
493717.5041312853
 10
195680.3510997526
 20
493715.5041312853
 10
195684.3510997526
 20
493715.5041312853
 10
195684.3510997526
 20
493717.5041312853
  0
CIRCLE
  5
1EE18
330
1F
100
AcDbEntity
  8
SD983
100
AcDbCircle
 10
195681.8510997526
 20
493717.0041312853
 30
0.0
 40
0.5
  0
CIRCLE
  5
1EE19
330
1F
100
AcDbEntity
  8
SD983
100
AcDbCircle
 10
195683.8510997526
 20
493717.0041312853
 30
0.0
 40
0.5
  0
CIRCLE
  5
1EE1A
330
1F
100
AcDbEntity
  8
SD983
100
AcDbCircle
 10
195683.8510997526
 20
493716.0041312854
 30
0.0
 40
0.5
  0
CIRCLE
  5
1EE1B
330
1F
100
AcDbEntity
  8
SD983
100
AcDbCircle
 10
195682.8510997526
 20
493719.9410183183
 30
0.0
 40
0.5
  0
CIRCLE
  5
1EE1C
330
1F
100
AcDbEntity
  8
SD983
100
AcDbCircle
 10
195682.8510997526
 20
493718.9410183183
 30
0.0
 40
0.5
  0
CIRCLE
  5
1EE1D
330
1F
100
AcDbEntity
  8
SD983
100
AcDbCircle
 10
195682.8510997526
 20
493717.0041312853
 30
0.0
 40
0.5
  0
CIRCLE
  5
1EE1E
330
1F
100
AcDbEntity
  8
SD983
100
AcDbCircle
 10
195682.8510997526
 20
493716.0041312854
 30
0.0
 40
0.5
  0
CIRCLE
  5
1EE1F
330
1F
100
AcDbEntity
  8
SD983
100
AcDbCircle
 10
195661.3125507963
 20
493734.3260652635
 30
0.0
 40
0.25
  0
CIRCLE
  5
1EE20
330
1F
100
AcDbEntity
  8
SD983
100
AcDbCircle
 10
195661.8125507963
 20
493734.3260652635
 30
0.0
 40
0.25
  0
CIRCLE
  5
1EE21
330
1F
100
AcDbEntity
  8
SD983
100
AcDbCircle
 10
195661.8125507963
 20
493733.8260652635
 30
0.0
 40
0.25
  0
LWPOLYLINE
  5
1EE22
330
1F
100
AcDbEntity
  8
SD983
100
AcDbPolyline
 90
        5
 70
     0
 43
0.0
 10
195658.2822770566
 20
493733.5760652636
 10
195662.0625507962
 20
493733.5760652636
 10
195662.0625507962
 20
493734.5760652636
 10
195660.0625507963
 20
493734.5760652636
 10
195660.0625507963
 20
493733.5760652636
  0
CIRCLE
  5
1EE23
330
1F
100
AcDbEntity
  8
SD983
100
AcDbCircle
 10
195661.3125507963
 20
493733.8260652635
 30
0.0
 40
0.25
  0
CIRCLE
  5
1EE24
330
1F
100
AcDbEntity
  8
SD983
100
AcDbCircle
 10
195660.3125507963
 20
493733.8260652635
 30
0.0
 40
0.25
  0
CIRCLE
  5
1EE25
330
1F
100
AcDbEntity
  8
SD983
100
AcDbCircle
 10
195660.3125507963
 20
493734.3260652635
 30
0.0
 40
0.25
  0
CIRCLE
  5
1EE26
330
1F
100
AcDbEntity
  8
SD983
100
AcDbCircle
 10
195661.3125507963
 20
493732.3576217472
 30
0.0
 40
0.25
  0
CIRCLE
  5
1EE27
330
1F
100
AcDbEntity
  8
SD983
100
AcDbCircle
 10
195661.8125507963
 20
493732.3576217472
 30
0.0
 40
0.25
  0
CIRCLE
  5
1EE28
330
1F
100
AcDbEntity
  8
SD983
100
AcDbCircle
 10
195661.8125507963
 20
493732.8576217471
 30
0.0
 40
0.25
  0
LWPOLYLINE
  5
1EE29
330
1F
100
AcDbEntity
  8
SD983
100
AcDbPolyline
 90
        5
 70
     0
 43
0.0
 10
195658.2822770566
 20
493733.1076217471
 10
195662.0625507962
 20
493733.1076217471
 10
195662.0625507962
 20
493732.1076217472
 10
195660.0625507963
 20
493732.1076217472
 10
195660.0625507963
 20
493733.1076217471
  0
CIRCLE
  5
1EE2A
330
1F
100
AcDbEntity
  8
SD983
100
AcDbCircle
 10
195661.3125507963
 20
493732.8576217471
 30
0.0
 40
0.25
  0
CIRCLE
  5
1EE2B
330
1F
100
AcDbEntity
  8
SD983
100
AcDbCircle
 10
195660.3125507963
 20
493732.8576217471
 30
0.0
 40
0.25
  0
CIRCLE
  5
1EE2C
330
1F
100
AcDbEntity
  8
SD983
100
AcDbCircle
 10
195660.3125507963
 20
493732.3576217472
 30
0.0
 40
0.25
  0
CIRCLE
  5
1EE2D
330
1F
100
AcDbEntity
  8
SD983
100
AcDbCircle
 10
195660.8125507963
 20
493734.3260652635
 30
0.0
 40
0.25
  0
CIRCLE
  5
1EE2E
330
1F
100
AcDbEntity
  8
SD983
100
AcDbCircle
 10
195660.8125507963
 20
493733.8260652635
 30
0.0
 40
0.25
  0
CIRCLE
  5
1EE2F
330
1F
100
AcDbEntity
  8
SD983
100
AcDbCircle
 10
195660.8125507963
 20
493732.3576217472
 30
0.0
 40
0.25
  0
CIRCLE
  5
1EE30
330
1F
100
AcDbEntity
  8
SD983
100
AcDbCircle
 10
195660.8125507963
 20
493732.8576217471
 30
0.0
 40
0.25
  0
CIRCLE
  5
1EE31
330
1F
100
AcDbEntity
  8
SD983
100
AcDbCircle
 10
195663.6924101289
 20
493734.3260652635
 30
0.0
 40
0.25
  0
CIRCLE
  5
1EE32
330
1F
100
AcDbEntity
  8
SD983
100
AcDbCircle
 10
195663.1924101289
 20
493734.3260652635
 30
0.0
 40
0.25
  0
CIRCLE
  5
1EE33
330
1F
100
AcDbEntity
  8
SD983
100
AcDbCircle
 10
195663.1924101289
 20
493733.8260652635
 30
0.0
 40
0.25
  0
LWPOLYLINE
  5
1EE34
330
1F
100
AcDbEntity
  8
SD983
100
AcDbPolyline
 90
        5
 70
     0
 43
0.0
 10
195666.7226838686
 20
493733.5760652636
 10
195662.9424101289
 20
493733.5760652636
 10
195662.9424101289
 20
493734.5760652636
 10
195664.9424101289
 20
493734.5760652636
 10
195664.9424101289
 20
493733.5760652636
  0
CIRCLE
  5
1EE35
330
1F
100
AcDbEntity
  8
SD983
100
AcDbCircle
 10
195663.6924101289
 20
493733.8260652635
 30
0.0
 40
0.25
  0
CIRCLE
  5
1EE36
330
1F
100
AcDbEntity
  8
SD983
100
AcDbCircle
 10
195664.6924101289
 20
493733.8260652635
 30
0.0
 40
0.25
  0
CIRCLE
  5
1EE37
330
1F
100
AcDbEntity
  8
SD983
100
AcDbCircle
 10
195664.6924101289
 20
493734.3260652635
 30
0.0
 40
0.25
  0
CIRCLE
  5
1EE38
330
1F
100
AcDbEntity
  8
SD983
100
AcDbCircle
 10
195663.6924101289
 20
493732.3576217472
 30
0.0
 40
0.25
  0
CIRCLE
  5
1EE39
330
1F
100
AcDbEntity
  8
SD983
100
AcDbCircle
 10
195663.1924101289
 20
493732.3576217472
 30
0.0
 40
0.25
  0
CIRCLE
  5
1EE3A
330
1F
100
AcDbEntity
  8
SD983
100
AcDbCircle
 10
195663.1924101289
 20
493732.8576217471
 30
0.0
 40
0.25
  0
LWPOLYLINE
  5
1EE3B
330
1F
100
AcDbEntity
  8
SD983
100
AcDbPolyline
 90
        5
 70
     0
 43
0.0
 10
195666.7226838686
 20
493733.1076217471
 10
195662.9424101289
 20
493733.1076217471
 10
195662.9424101289
 20
493732.1076217472
 10
195664.9424101289
 20
493732.1076217472
 10
195664.9424101289
 20
493733.1076217471
  0
CIRCLE
  5
1EE3C
330
1F
100
AcDbEntity
  8
SD983
100
AcDbCircle
 10
195663.6924101289
 20
493732.8576217471
 30
0.0
 40
0.25
  0
CIRCLE
  5
1EE3D
330
1F
100
AcDbEntity
  8
SD983
100
AcDbCircle
 10
195664.6924101289
 20
493732.8576217471
 30
0.0
 40
0.25
  0
CIRCLE
  5
1EE3E
330
1F
100
AcDbEntity
  8
SD983
100
AcDbCircle
 10
195664.6924101289
 20
493732.3576217472
 30
0.0
 40
0.25
  0
CIRCLE
  5
1EE3F
330
1F
100
AcDbEntity
  8
SD983
100
AcDbCircle
 10
195664.1924101289
 20
493734.3260652635
 30
0.0
 40
0.25
  0
CIRCLE
  5
1EE40
330
1F
100
AcDbEntity
  8
SD983
100
AcDbCircle
 10
195664.1924101289
 20
493733.8260652635
 30
0.0
 40
0.25
  0
CIRCLE
  5
1EE41
330
1F
100
AcDbEntity
  8
SD983
100
AcDbCircle
 10
195664.1924101289
 20
493732.3576217472
 30
0.0
 40
0.25
  0
CIRCLE
  5
1EE42
330
1F
100
AcDbEntity
  8
SD983
100
AcDbCircle
 10
195664.1924101289
 20
493732.8576217471
 30
0.0
 40
0.25
  0
CIRCLE
  5
1EE43
330
1F
100
AcDbEntity
  8
SD983
100
AcDbCircle
 10
195676.97124042
 20
493716.0041312854
 30
0.0
 40
0.5
  0
CIRCLE
  5
1EE44
330
1F
100
AcDbEntity
  8
SD983
100
AcDbCircle
 10
195676.97124042
 20
493717.0041312853
 30
0.0
 40
0.5
  0
LWPOLYLINE
  5
1EE45
330
1F
100
AcDbEntity
  8
_현장_수정
100
AcDbPolyline
 90
        3
 70
     0
 43
0.0
 10
195656.0581326749
 20
493760.564435846
 10
195656.3234640498
 20
493758.9160674288
 10
195657.6946464732
 20
493758.9160674288
  0
TEXT
  5
1EE46
330
1F
100
AcDbEntity
  8
_현장_수정
100
AcDbText
 10
195656.3234640498
 20
493758.966067429
 30
0.0
 40
0.25
  1
측설재측
  7
GG
100
AcDbText
  0
LWPOLYLINE
  5
1EE47
330
1F
100
AcDbEntity
  8
_현장_수정
100
AcDbPolyline
 90
        3
 70
     0
 43
0.0
 10
195657.959977848
 20
493757.2676990119
 10
195657.6946464732
 20
493758.9160674288
 10
195656.3234640498
 20
493758.9160674288
  0
LWPOLYLINE
  5
1EE48
330
1F
100
AcDbEntity
  8
_CHANGE
100
AcDbPolyline
 90
        4
 70
     0
 10
195631.9560391016
 20
493759.9571882987
 40
0.0
 41
0.05
 10
195632.0857454018
 20
493759.9571882987
 40
0.0
 41
0.0
 10
195632.8263328012
 20
493759.9571882987
 40
0.05
 41
0.0
 10
195632.9560391016
 20
493759.9571882987
 40
0.0
 41
0.0
  0
LWPOLYLINE
  5
1EE49
330
1F
100
AcDbEntity
  8
_CHANGE
100
AcDbPolyline
 90
        2
 70
     0
 43
0.0
 10
195632.4560391015
 20
493760.2271702996
 10
195632.4560391015
 20
493758.9771702995
  0
TEXT
  5
1EE4A
330
1F
100
AcDbEntity
  8
_CHANGE
100
AcDbText
 10
195631.6978164099
 20
493760.0470792064
 30
0.0
 40
0.15
  1
220829
  7
Legend
 72
     2
 11
195632.4164317945
 21
493760.0470792064
 31
0.0
100
AcDbText
  0
TEXT
  5
1EE4B
330
1F
100
AcDbEntity
  8
_CHANGE
100
AcDbText
 10
195632.4956464086
 20
493760.0470792064
 30
0.0
 40
0.15
  1
220831
  7
Legend
100
AcDbText
  0
DIMENSION
  5
1EE4C
330
1F
100
AcDbEntity
  8
측점_DIM(보조)
100
AcDbDimension
280
     0
  2
*D16
 10
195635.9319727131
 20
493760.4425377174
 30
0.0
 11
195637.1410864964
 21
493759.7018717671
 31
0.0
 70
    33
 71
     5
 42
2.793675893946782
 73
     0
 74
     0
 75
     0
  3
DIM
100
AcDbAlignedDimension
 13
195638.0279727143
 23
493758.5955377187
 33
0.0
 14
195635.9319727143
 24
493760.4425377188
 34
0.0
1001
ACAD
1000
DSTYLE
1002
{
1070
   140
1040
0.3
1002
}
  0
INSERT
  5
1EE4D
330
1F
100
AcDbEntity
  8
_사진방향
100
AcDbBlockReference
  2
_사진방향
 10
195644.6801078656
 20
493759.2062117129
 30
0.0
 41
0.1
 42
0.1
 43
0.1
  0
LWPOLYLINE
  5
1EE4E
330
1F
100
AcDbEntity
  8
측점_DIM_인출
100
AcDbPolyline
 90
        3
 70
     0
 43
0.0
 10
195643.5006874755
 20
493759.0847452089
 10
195642.9912359199
 20
493760.0271174922
 10
195641.0912359199
 20
493760.0271174922
  0
TEXT
  5
1EE4F
330
1F
100
AcDbEntity
  8
측점_번호
100
AcDbText
 10
195641.0912359199
 20
493760.1271174922
 30
0.0
 40
0.3
  1
No 1
  7
GG
100
AcDbText
  0
TEXT
  5
1EE50
330
1F
100
AcDbEntity
  8
측점_이격
100
AcDbText
 10
195641.0912359199
 20
493759.6271174922
 30
0.0
 40
0.3
  1
0.8(0.9)
  7
GG
100
AcDbText
  0
LWPOLYLINE
  5
1EE51
330
1F
100
AcDbEntity
  8
측점_DIM_L
100
AcDbPolyline
 90
        2
 70
     0
 43
0.0
 10
195643.9166874756
 20
493758.3407452089
 10
195643.5006874755
 20
493759.0847452089
  0
TEXT
  5
1EE52
330
1F
100
AcDbEntity
  8
측점_DATE
100
AcDbText
 10
195639.5540051506
 20
493759.8771174922
 30
0.0
 40
0.3
  1
240911
  7
Legend
 72
     2
 11
195640.9912359198
 21
493760.0271174922
 31
0.0
100
AcDbText
 73
     2
  0
LWPOLYLINE
  5
1EE53
330
1F
100
AcDbEntity
  8
_CHANGE
100
AcDbPolyline
 90
        4
 70
     0
 10
195628.5450788397
 20
493759.9945345917
 40
0.0
 41
0.05
 10
195628.67478514
 20
493759.9945345917
 40
0.0
 41
0.0
 10
195629.4153725395
 20
493759.9945345917
 40
0.05
 41
0.0
 10
195629.5450788397
 20
493759.9945345915
 40
0.0
 41
0.0
  0
LWPOLYLINE
  5
1EE54
330
1F
100
AcDbEntity
  8
_CHANGE
100
AcDbPolyline
 90
        2
 70
     0
 43
0.0
 10
195629.0450788397
 20
493760.2645165926
 10
195629.0450788397
 20
493759.0145165926
  0
TEXT
  5
1EE55
330
1F
100
AcDbEntity
  8
_CHANGE
100
AcDbText
 10
195628.6315403781
 20
493760.327978131
 30
0.0
 40
0.15
  1
공수배열
  7
Legend
 72
     1
 11
195629.0450788397
 21
493760.2645165926
 31
0.0
100
AcDbText
 73
     1
  0
LWPOLYLINE
  5
1EE56
330
1F
100
AcDbEntity
  8
_CHANGE
100
AcDbPolyline
 90
        4
 70
     0
 10
195630.8310079807
 20
493759.2029428163
 40
0.0
 41
0.05
 10
195630.7013016804
 20
493759.2029428163
 40
0.0
 41
0.0
 10
195629.9607142809
 20
493759.2029428163
 40
0.05
 41
0.0
 10
195629.8310079806
 20
493759.2029428164
 40
0.0
 41
0.0
  0
LWPOLYLINE
  5
1EE57
330
1F
100
AcDbEntity
  8
_CHANGE
100
AcDbPolyline
 90
        2
 70
     0
 43
0.0
 10
195630.3310079806
 20
493758.9329608154
 10
195630.3310079806
 20
493760.1829608155
  0
TEXT
  5
1EE58
330
1F
100
AcDbEntity
  8
_CHANGE
100
AcDbText
 10
195629.917469519
 20
493758.7829608154
 30
0.0
 40
0.15
  1
공수배열
  7
Legend
 72
     1
 11
195630.3310079806
 21
493758.9329608154
 31
0.0
100
AcDbText
 73
     3
  0
LWPOLYLINE
  5
1EE59
330
1F
100
AcDbEntity
  8
_CHANGE
100
AcDbPolyline
 90
        4
 70
     0
 10
195633.1922510724
 20
493759.2342554385
 40
0.0
 41
0.05
 10
195633.3219573726
 20
493759.2342554385
 40
0.0
 41
0.0
 10
195634.0625447721
 20
493759.2342554385
 40
0.05
 41
0.0
 10
195634.1922510724
 20
493759.2342554385
 40
0.0
 41
0.0
  0
LWPOLYLINE
  5
1EE5A
330
1F
100
AcDbEntity
  8
_CHANGE
100
AcDbPolyline
 90
        2
 70
     0
 43
0.0
 10
195633.6922510724
 20
493758.9642734376
 10
195633.6922510724
 20
493760.2142734378
  0
TEXT
  5
1EE5B
330
1F
100
AcDbEntity
  8
_CHANGE
100
AcDbText
 10
195632.9340283807
 20
493758.9977600037
 30
0.0
 40
0.15
  1
220829
  7
Legend
 72
     2
 11
195633.6526437653
 21
493758.9977600037
 31
0.0
100
AcDbText
  0
TEXT
  5
1EE5C
330
1F
100
AcDbEntity
  8
_CHANGE
100
AcDbText
 10
195633.7318583794
 20
493758.9977600037
 30
0.0
 40
0.15
  1
220831
  7
Legend
100
AcDbText
  0
TEXT
  5
1EE5D
330
1F
100
AcDbEntity
  8
측점_DATE
100
AcDbText
 10
195643.0912359198
 20
493759.8771174922
 30
0.0
 40
0.3
  1
240911
  7
Legend
 11
195643.0912359198
 21
493760.0271174922
 31
0.0
100
AcDbText
 73
     2
  0
LWPOLYLINE
  5
1EE5E
330
1F
100
AcDbEntity
  8
_CHANGE
100
AcDbPolyline
 90
        4
 70
     0
 10
195647.8917473569
 20
493759.8194449967
 40
0.0
 41
0.05
 10
195648.0214536573
 20
493759.8194449967
 40
0.0
 41
0.0
 10
195648.7620410568
 20
493759.8194449967
 40
0.05
 41
0.0
 10
195648.8917473571
 20
493759.8194449964
 40
0.0
 41
0.0
  0
LWPOLYLINE
  5
1EE5F
330
1F
100
AcDbEntity
  8
_CHANGE
100
AcDbPolyline
 90
        2
 70
     0
 43
0.0
 10
195648.391747357
 20
493760.0894269973
 10
195648.391747357
 20
493758.8394269976
  0
LWPOLYLINE
  5
1EE60
330
1F
100
AcDbEntity
  8
_CHANGE
100
AcDbPolyline
 90
        4
 70
     0
 10
195646.7480141158
 20
493759.8042857036
 40
0.0
 41
0.05
 10
195646.8777204161
 20
493759.8042857036
 40
0.0
 41
0.0
 10
195647.6183078156
 20
493759.8042857036
 40
0.05
 41
0.0
 10
195647.7480141158
 20
493759.8042857035
 40
0.0
 41
0.0
  0
LWPOLYLINE
  5
1EE61
330
1F
100
AcDbEntity
  8
_CHANGE
100
AcDbPolyline
 90
        2
 70
     0
 43
0.0
 10
195647.2480141158
 20
493760.0742677042
 10
195647.2480141158
 20
493758.8242677042
  0
TEXT
  5
1EE62
330
1F
100
AcDbEntity
  8
_CHANGE
100
AcDbText
 10
195646.7547776776
 20
493759.9449370175
 30
0.0
 40
0.15
  1
실측
  7
Legend
 72
     2
 11
195647.1683161392
 21
493759.8814754791
 31
0.0
100
AcDbText
 73
     1
  0
TEXT
  5
1EE63
330
1F
100
AcDbEntity
  8
_CHANGE
100
AcDbText
 10
195647.3277120925
 20
493759.9449370175
 30
0.0
 40
0.15
  1
불탐
  7
Legend
 11
195647.3277120925
 21
493759.8814754791
 31
0.0
100
AcDbText
 73
     1
  0
LWPOLYLINE
  5
1EE64
330
1F
100
AcDbEntity
  8
_CHANGE
100
AcDbPolyline
 90
        4
 70
     0
 10
195650.6204384339
 20
493759.0801548902
 40
0.0
 41
0.05
 10
195650.4907321335
 20
493759.0801548902
 40
0.0
 41
0.0
 10
195649.750144734
 20
493759.0801548902
 40
0.05
 41
0.0
 10
195649.6204384337
 20
493759.0801548903
 40
0.0
 41
0.0
  0
LWPOLYLINE
  5
1EE65
330
1F
100
AcDbEntity
  8
_CHANGE
100
AcDbPolyline
 90
        2
 70
     0
 43
0.0
 10
195650.1204384338
 20
493758.8101728896
 10
195650.1204384338
 20
493760.0601728894
  0
LWPOLYLINE
  5
1EE66
330
1F
100
AcDbEntity
  8
_CHANGE
100
AcDbPolyline
 90
        4
 70
     0
 10
195651.764171675
 20
493759.0953141832
 40
0.0
 41
0.05
 10
195651.6344653747
 20
493759.0953141832
 40
0.0
 41
0.0
 10
195650.8938779752
 20
493759.0953141832
 40
0.05
 41
0.0
 10
195650.764171675
 20
493759.0953141834
 40
0.0
 41
0.0
  0
LWPOLYLINE
  5
1EE67
330
1F
100
AcDbEntity
  8
_CHANGE
100
AcDbPolyline
 90
        2
 70
     0
 43
0.0
 10
195651.264171675
 20
493758.8253321828
 10
195651.264171675
 20
493760.0753321826
  0
TEXT
  5
1EE68
330
1F
100
AcDbEntity
  8
_CHANGE
100
AcDbText
 10
195650.7709352369
 20
493759.2359654971
 30
0.0
 40
0.15
  1
실측
  7
Legend
 72
     2
 11
195651.1844736984
 21
493759.1725039585
 31
0.0
100
AcDbText
 73
     1
  0
TEXT
  5
1EE69
330
1F
100
AcDbEntity
  8
_CHANGE
100
AcDbText
 10
195651.3438696516
 20
493759.2359654971
 30
0.0
 40
0.15
  1
불탐
  7
Legend
 11
195651.3438696516
 21
493759.1725039585
 31
0.0
100
AcDbText
 73
     1
  0
TEXT
  5
1EE6A
330
1F
100
AcDbEntity
  8
_CHANGE
100
AcDbText
 10
195647.8985109188
 20
493759.9600963106
 30
0.0
 40
0.15
  1
불탐
  7
Legend
 72
     2
 11
195648.3120493803
 21
493759.8966347721
 31
0.0
100
AcDbText
 73
     1
  0
TEXT
  5
1EE6B
330
1F
100
AcDbEntity
  8
_CHANGE
100
AcDbText
 10
195648.4714453337
 20
493759.9600963106
 30
0.0
 40
0.15
  1
실측
  7
Legend
 11
195648.4714453337
 21
493759.8966347721
 31
0.0
100
AcDbText
 73
     1
  0
TEXT
  5
1EE6C
330
1F
100
AcDbEntity
  8
_CHANGE
100
AcDbText
 10
195649.6272019955
 20
493759.2208062041
 30
0.0
 40
0.15
  1
불탐
  7
Legend
 72
     2
 11
195650.0407404571
 21
493759.1573446656
 31
0.0
100
AcDbText
 73
     1
  0
TEXT
  5
1EE6D
330
1F
100
AcDbEntity
  8
_CHANGE
100
AcDbText
 10
195650.2001364104
 20
493759.2208062041
 30
0.0
 40
0.15
  1
실측
  7
Legend
 11
195650.2001364104
 21
493759.1573446656
 31
0.0
100
AcDbText
 73
     1
  0
TEXT
  5
1EE6E
330
1F
100
AcDbEntity
  8
SD910
100
AcDbText
 10
195624.9506125465
 20
493766.6339260655
 30
0.0
 40
1.0
  1
1900/FC/%%C100x12(0)/0.56x0.46/L10.0/D0.9
  7
NGSW
100
AcDbText
  0
LWPOLYLINE
  5
1EE6F
330
1F
100
AcDbEntity
  8
SD911
100
AcDbPolyline
 90
        3
 70
     0
 43
0.0
 10
195615.4129159544
 20
493758.5010468012
 10
195624.5970591559
 20
493766.2803726748
 10
195659.8077051822
 20
493766.2803726748
  0
TEXT
  5
1EE70
330
1F
100
AcDbEntity
  8
SD910
100
AcDbText
 10
195634.6039523042
 20
493768.1503915289
 30
0.0
 40
1.0
  1
%%C50x2(0)
  7
NGSW
100
AcDbText
  0
TEXT
  5
1EE71
330
1F
100
AcDbEntity
  8
SD910
100
AcDbText
 10
195624.9506125465
 20
493770.2019538112
 30
0.0
 40
1.0
  1
1900/FC/%%C100x12(0)/0.56x0.46/L10.0/D0.9
  7
NGSW
100
AcDbText
  0
LWPOLYLINE
  5
1EE72
330
1F
100
AcDbEntity
  8
SD911
100
AcDbPolyline
 90
        3
 70
     0
 43
0.0
 10
195615.4129159544
 20
493762.0690745471
 10
195624.5970591559
 20
493769.8484004204
 10
195659.8077051822
 20
493769.8484004204
  0
TEXT
  5
1EE73
330
1F
100
AcDbEntity
  8
SD910
100
AcDbText
 10
195633.6615273556
 20
493771.7184192746
 30
0.0
 40
1.0
  1
%%C50x12(0)
  7
NGSW
100
AcDbText
  0
TEXT
  5
1EE74
330
1F
100
AcDbEntity
  8
SD910
100
AcDbText
 10
195624.9506125465
 20
493773.7699815571
 30
0.0
 40
1.0
  1
1900/FC/%%C100x2(0)/0.56x0.46/L10.0/D0.9
  7
NGSW
100
AcDbText
  0
LWPOLYLINE
  5
1EE75
330
1F
100
AcDbEntity
  8
SD911
100
AcDbPolyline
 90
        3
 70
     0
 43
0.0
 10
195615.4129159544
 20
493765.6371022928
 10
195624.5970591559
 20
493773.4164281664
 10
195659.8077051822
 20
493773.4164281664
  0
TEXT
  5
1EE76
330
1F
100
AcDbEntity
  8
SD910
100
AcDbText
 10
195632.7053174769
 20
493775.2864470205
 30
0.0
 40
1.0
  1
%%C50x12(0)
  7
NGSW
100
AcDbText
  0
ENDSEC
  0
SECTION
  2
OBJECTS
  0
DICTIONARY
  5
C
330
0
100
AcDbDictionary
281
     1
  3
ACAD_CIP_PREVIOUS_PRODUCT_INFO
350
1A5
  3
ACAD_COLOR
350
73
  3
ACAD_DETAILVIEWSTYLE
350
1AB
  3
ACAD_GROUP
350
D
  3
ACAD_LAYOUT
350
1A
  3
ACAD_MATERIAL
350
72
  3
ACAD_MLEADERSTYLE
350
D7
  3
ACAD_MLINESTYLE
350
17
  3
ACAD_PLOTSETTINGS
350
19
  3
ACAD_PLOTSTYLENAME
350
E
  3
ACAD_SCALELIST
350
B6
  3
ACAD_SECTIONVIEWSTYLE
350
1A8
  3
ACAD_TABLESTYLE
350
86
  3
ACAD_VISUALSTYLE
350
99
  3
ACDB_RECOMPOSE_DATA
350
1F64F
  3
AcDbVariableDictionary
350
66
  3
ADE_QUERY_LIBRARY
350
21B
  3
AEC_PROPERTY_SET_DEFS
350
1332
  3
ASE_INDEX_DICTIONARY
350
21E
  3
Autodesk_MAP
350
204
1001
ADE
1000
ADE02C004
1000
[Query]
1000
CaseSensitiveMatch=0
1000
SaveCurrQueryInSession=1
1000
MkSelSetWithQryObj=0
1000
ShowBlockAsInsPt=0
1000
CreateAssociativeHatchObjects=0
1000
ReferenceBoundaryForAreaLocation=1
1000
ShowImageAsBoundary=1
1000
DefaultJoinOperator=2
1000
ColorForAdd=red
1000
ColorForRemove=red
1000
BlockLocnForQuery=1
1000
TextLocnForQuery=1
1000
IncludeAllObjectsInGroups=0
1000
AlwaysUseLibraryDefinitions=0
1000
PreviewDefinitionsFrom=2
1000
[Save Back]
1000
RedefineBlockDefinitions=1
1000
RedefineLayerDefinitions=1
1000
RedefineTextStyleDefinitions=1
1000
RemoveUnusedGroups=1
1000
EraseSavedBackObjects=1
1000
RemoveLockAfterSave=1
1000
CreateHistoryFileOfChanges=0
1000
CreateBackupFileOfSourceDwg=1
1000
DontAddObjectsToSaveSet=0
1000
MarkObjectsForEditingWithoutPrompting=0
1000
FdoDontAddObjsToSvSet=0
1000
FdoEditWithoutPrompt=1
1000
FdoRemUnusedGrps=1
1000
FdoEraseSvdBkObjs=1
1000
FdoRemoveLockOnSave=1
1000
FdoTesselationMaxPointsDistance=0
1000
FdoTesselationMaxCurvesDistance=0
1000
[Coordinate Transformation]
1000
RestoreLastActiveDwgsOnStartup=1
1000
ActivateDwgsOnAttach=1
1000
AdjustSizesAndScalesForChangesInUnits=1
1000
AdjustRotationsForMapDistortions=1
1000
AdjustSizesAndScalesForMapDistortions=1
1000
AdjustElevations=1
1000
AdjustZeroRotationObjects=1
1000
ReconnectDbOnWSOpen=1
1000
NoOfSQLConditionsInHistory=10
  0
DICTIONARY
  5
1D64
330
8
100
AcDbDictionary
280
     1
281
     1
  0
SUN
  5
217
330
94
100
AcDbSun
 90
        1
290
     1
 63
     7
 40
1.0
291
     1
 91
  2458230
 92
 36000000
292
     0
 70
     0
 71
   256
280
     1
  0
DICTIONARY
  5
18E
330
2
100
AcDbDictionary
280
     1
281
     1
  3
ACAD_LAYERSTATES
360
18F
  0
DICTIONARY
  5
E6
330
10
100
AcDbDictionary
280
     1
281
     1
  0
DICTIONARY
  5
244
330
243
100
AcDbDictionary
280
     1
281
     1
  0
DICTIONARY
  5
246
330
245
100
AcDbDictionary
280
     1
281
     1
  0
DICTIONARY
  5
248
330
247
100
AcDbDictionary
280
     1
281
     1
  0
DICTIONARY
  5
24A
330
249
100
AcDbDictionary
280
     1
281
     1
  0
DICTIONARY
  5
24C
330
24B
100
AcDbDictionary
280
     1
281
     1
  0
DICTIONARY
  5
24E
330
24D
100
AcDbDictionary
280
     1
281
     1
  0
DICTIONARY
  5
250
330
24F
100
AcDbDictionary
280
     1
281
     1
  0
DICTIONARY
  5
252
330
251
100
AcDbDictionary
280
     1
281
     1
  0
DICTIONARY
  5
254
330
253
100
AcDbDictionary
280
     1
281
     1
  0
DICTIONARY
  5
256
330
255
100
AcDbDictionary
280
     1
281
     1
  0
DICTIONARY
  5
25C
330
25B
100
AcDbDictionary
280
     1
281
     1
  0
DICTIONARY
  5
25E
330
25D
100
AcDbDictionary
280
     1
281
     1
  0
DICTIONARY
  5
8E4
330
8E3
100
AcDbDictionary
280
     1
281
     1
  0
DICTIONARY
  5
8E7
330
8E6
100
AcDbDictionary
280
     1
281
     1
  0
DICTIONARY
  5
8E9
330
8E8
100
AcDbDictionary
280
     1
281
     1
  0
DICTIONARY
  5
8EB
330
8EA
100
AcDbDictionary
280
     1
281
     1
  0
DICTIONARY
  5
8ED
330
8EC
100
AcDbDictionary
280
     1
281
     1
  0
DICTIONARY
  5
8EF
330
8EE
100
AcDbDictionary
280
     1
281
     1
  0
DICTIONARY
  5
8F1
330
8F0
100
AcDbDictionary
280
     1
281
     1
  0
DICTIONARY
  5
8F3
330
8F2
100
AcDbDictionary
280
     1
281
     1
  0
DICTIONARY
  5
8F5
330
8F4
100
AcDbDictionary
280
     1
281
     1
  0
DICTIONARY
  5
8F7
330
8F6
100
AcDbDictionary
280
     1
281
     1
  0
DICTIONARY
  5
8F9
330
8F8
100
AcDbDictionary
280
     1
281
     1
  0
DICTIONARY
  5
8FB
330
8FA
100
AcDbDictionary
280
     1
281
     1
  0
DICTIONARY
  5
8FD
330
8FC
100
AcDbDictionary
280
     1
281
     1
  0
DICTIONARY
  5
8FF
330
8FE
100
AcDbDictionary
280
     1
281
     1
  0
DICTIONARY
  5
901
330
900
100
AcDbDictionary
280
     1
281
     1
  0
DICTIONARY
  5
1DD6
330
1DD5
100
AcDbDictionary
280
     1
281
     1
  0
DICTIONARY
  5
1DD8
330
1DD7
100
AcDbDictionary
280
     1
281
     1
  0
DICTIONARY
  5
144F8
330
144F7
100
AcDbDictionary
280
     1
281
     1
  0
DICTIONARY
  5
144FA
330
144F9
100
AcDbDictionary
280
     1
281
     1
  0
DICTIONARY
  5
1D436
330
1D435
100
AcDbDictionary
280
     1
281
     1
  0
DICTIONARY
  5
1D4FA
330
1D4F9
100
AcDbDictionary
280
     1
281
     1
  0
DICTIONARY
  5
1D7DD
330
1D7DC
100
AcDbDictionary
280
     1
281
     1
  0
DICTIONARY
  5
1D939
330
1D938
100
AcDbDictionary
280
     1
281
     1
  0
DICTIONARY
  5
15D
330
1F
100
AcDbDictionary
280
     1
281
     1
  3
ACAD_SORTENTS
360
214
  0
DICTIONARY
  5
235
330
234
100
AcDbDictionary
280
     1
281
     1
  0
DICTIONARY
  5
859
330
858
100
AcDbDictionary
280
     1
281
     1
  0
DICTIONARY
  5
864
330
863
100
AcDbDictionary
280
     1
281
     1
  0
DICTIONARY
  5
1DBD
330
1DBC
100
AcDbDictionary
280
     1
281
     1
  0
XRECORD
  5
1A5
102
{ACAD_REACTORS
330
C
102
}
330
C
100
AcDbXrecord
280
     1
300
MAP
300
2021
300

  0
DICTIONARY
  5
73
102
{ACAD_REACTORS
330
C
102
}
330
C
100
AcDbDictionary
281
     1
  0
DICTIONARY
  5
1AB
102
{ACAD_REACTORS
330
C
102
}
330
C
100
AcDbDictionary
281
     1
  3
Imperial24
350
1AC
  3
Metric50
350
471B
  0
DICTIONARY
  5
D
102
{ACAD_REACTORS
330
C
102
}
330
C
100
AcDbDictionary
281
     1
  0
DICTIONARY
  5
1A
102
{ACAD_REACTORS
330
C
102
}
330
C
100
AcDbDictionary
281
     1
  3
Model
350
22
  3
배치1
350
59
  3
배치2
350
5E
  0
DICTIONARY
  5
72
102
{ACAD_REACTORS
330
C
102
}
330
C
100
AcDbDictionary
281
     1
  3
ByBlock
350
97
  3
ByLayer
350
96
  3
Global
350
98
  0
DICTIONARY
  5
D7
102
{ACAD_REACTORS
330
C
102
}
330
C
100
AcDbDictionary
281
     1
  3
Standard
350
D8
  0
DICTIONARY
  5
17
102
{ACAD_REACTORS
330
C
102
}
330
C
100
AcDbDictionary
281
     1
  3
Standard
350
18
  0
DICTIONARY
  5
19
102
{ACAD_REACTORS
330
C
102
}
330
C
100
AcDbDictionary
281
     1
  0
ACDBDICTIONARYWDFLT
  5
E
102
{ACAD_REACTORS
330
C
102
}
330
C
100
AcDbDictionary
281
     1
  3
Normal
350
F
100
AcDbDictionaryWithDefault
340
F
  0
DICTIONARY
  5
B6
102
{ACAD_REACTORS
330
C
102
}
330
C
100
AcDbDictionary
281
     1
  3
*A1
350
1DE1
  3
*A2
350
291C
  3
*A3
350
4719
  3
A0
350
B7
  3
A1
350
124
  3
A2
350
125
  3
A3
350
126
  3
A4
350
127
  3
A5
350
128
  3
A6
350
129
  3
A7
350
12A
  3
A8
350
12B
  3
A9
350
12C
  3
B0
350
12D
  3
B1
350
12E
  3
B2
350
12F
  3
B3
350
130
  3
B4
350
131
  3
B5
350
132
  3
B6
350
133
  3
B7
350
134
  3
B8
350
135
  3
B9
350
136
  3
C0
350
137
  3
C1
350
138
  3
C2
350
139
  3
C3
350
13A
  3
C4
350
13B
  3
C5
350
13C
  3
C6
350
13D
  3
C7
350
13E
  3
C8
350
13F
  3
C9
350
140
  3
D0
350
141
  3
D1
350
142
  3
D2
350
143
  0
DICTIONARY
  5
1A8
102
{ACAD_REACTORS
330
C
102
}
330
C
100
AcDbDictionary
281
     1
  3
Imperial24
350
1AA
  3
Metric50
350
471A
  0
DICTIONARY
  5
86
102
{ACAD_REACTORS
330
C
102
}
330
C
100
AcDbDictionary
281
     1
  3
Legend
350
20D
  3
Standard
350
87
  0
DICTIONARY
  5
99
102
{ACAD_REACTORS
330
C
102
}
330
C
100
AcDbDictionary
281
     1
  3
2dWireframe
350
9F
  3
Basic
350
9E
  3
Brighten
350
A5
  3
ColorChange
350
A9
  3
Conceptual
350
A2
  3
Dim
350
A4
  3
EdgeColorOff
350
175
  3
Facepattern
350
A8
  3
Flat
350
9A
  3
FlatWithEdges
350
9B
  3
Gouraud
350
9C
  3
GouraudWithEdges
350
9D
  3
Hidden
350
A1
  3
JitterOff
350
173
  3
Linepattern
350
A7
  3
OverhangOff
350
174
  3
Realistic
350
A3
  3
Shaded
350
182
  3
Shaded with edges
350
181
  3
Shades of Gray
350
17E
  3
Sketchy
350
17F
  3
Thicken
350
A6
  3
Wireframe
350
A0
  3
X-Ray
350
180
  0
XRECORD
  5
1F64F
102
{ACAD_REACTORS
330
C
102
}
330
C
100
AcDbXrecord
280
     1
 90
        1
330
87
330
20D
  0
DICTIONARY
  5
66
102
{ACAD_REACTORS
330
C
102
}
330
C
100
AcDbDictionary
281
     1
  3
CANNOSCALE
350
F0
  3
CMLEADERSTYLE
350
EF
  3
CTABLESTYLE
350
89
  3
CVIEWDETAILSTYLE
350
1B7
  3
CVIEWSECTIONSTYLE
350
1B8
  3
DIMASSOC
350
67
  3
HIDETEXT
350
6B
  3
INDEXCTL
350
1DAB
  3
LAYEREVAL
350
14D
  3
LAYERNOTIFY
350
14E
  3
LIGHTINGUNITS
350
1DA9
  3
MSLTSCALE
350
1DA8
  3
SORTENTS
350
1DAA
  3
STEPSIZE
350
1DAC
  0
DICTIONARY
  5
21B
102
{ACAD_REACTORS
330
C
102
}
330
C
100
AcDbDictionary
281
     1
  3
_CurrQry
350
1F64C
  0
DICTIONARY
  5
1332
102
{ACAD_REACTORS
330
C
102
}
330
C
100
AcDbDictionary
281
     1
  0
DICTIONARY
  5
21E
102
{ACAD_REACTORS
330
C
102
}
330
C
100
AcDbDictionary
281
     1
  3
ASEBlockHierarchyIndexRecord
350
220
1001
DCO15
1040
-2096331798.0
  0
DICTIONARY
  5
204
102
{ACAD_REACTORS
330
C
102
}
330
C
100
AcDbDictionary
281
     1
  3
AcMapDMStylizedEntities
350
215
  3
AcMapResourceManager
350
1F637
  3
MAP_DISPLAY_CUSTOMOBJ_REG_TABLE
350
208
  3
MAP_DISPLAY_MANAGEMENT_DICTIONARY
350
205
  3
MAP_DISPLAY_STYLELIBRARY_DICTIONARY
350
206
  3
MAP_RESOURCE_VERSION_MANAGEMENT_DICTIONARY
350
216
1001
MapGWS
1000
C:\ProgramData\Autodesk\Autodesk AutoCAD Map 3D 2021\R24.0\MapCache\정위치양식_범례만_최종GWS.xml
  0
DICTIONARY
  5
18F
102
{ACAD_REACTORS
330
18E
102
}
330
18E
100
AcDbDictionary
281
     1
  0
SORTENTSTABLE
  5
214
102
{ACAD_REACTORS
330
15D
102
}
330
15D
100
AcDbSortentsTable
330
1F
331
1EA7A
  5
1EA8A
331
1EA7B
  5
1EA8B
331
1EA7C
  5
1EA8C
331
1EA7D
  5
1EA8D
331
1EA7E
  5
1EA8E
331
1EA7F
  5
1EA8F
331
1EA80
  5
1EA90
331
1EA81
  5
1EA91
331
1EA82
  5
1EA92
331
1EA83
  5
1EA93
331
1EA84
  5
1EA94
331
1EA85
  5
1EA95
331
1EA86
  5
1EA96
331
1EA87
  5
1EA97
331
1EA88
  5
1EA98
331
1EA89
  5
1EA99
331
1EA8A
  5
1EA9A
331
1EA8B
  5
1EA9B
331
1EA8C
  5
1EA9C
331
1EA8D
  5
1EA9D
331
1EA8E
  5
1EA9E
331
1EA8F
  5
1EA9F
331
1EA90
  5
1EAA0
331
1EA91
  5
1EAA1
331
1EA92
  5
1EAA2
331
1EA93
  5
1EAA3
331
1EA94
  5
1EAA4
331
1EA95
  5
1EAA5
331
1EA96
  5
1EAA6
331
1EA97
  5
1EAA7
331
1EA98
  5
1EAA8
331
1EA99
  5
1EAA9
331
1EA9A
  5
1EAAA
331
1EA9B
  5
1EAAB
331
1EA9C
  5
1EAAC
331
1EA9D
  5
1EAAD
331
1EA9E
  5
1EAAE
331
1EA9F
  5
1EAAF
331
1EAA0
  5
1EAB0
331
1EAA1
  5
1EAB1
331
1EAA2
  5
1EAB2
331
1EAA3
  5
1EAB3
331
1EAA4
  5
1EAB4
331
1EAA5
  5
1EAB5
331
1EAA6
  5
1EAB6
331
1EAA7
  5
1EAB7
331
1EAA8
  5
1EAB8
331
1EAA9
  5
1EAB9
331
1EAAA
  5
1EABA
331
1EAAB
  5
1EABB
331
1EAAC
  5
1EABC
331
1EAAD
  5
1EABD
331
1EAAE
  5
1EABE
331
1EAAF
  5
1EABF
331
1EAB0
  5
1EAC0
331
1EAB1
  5
1EAC1
331
1EAB2
  5
1EAC2
331
1EAB3
  5
1EAC3
331
1EAB4
  5
1EAC4
331
1EAB5
  5
1EAC5
331
1EAB6
  5
1EAC6
331
1EAB7
  5
1EAC7
331
1EAB8
  5
1EAC8
331
1EAB9
  5
1EAC9
331
1EABA
  5
1EACA
331
1EABB
  5
1EACB
331
1EABC
  5
1EACC
331
1EABD
  5
1EACD
331
1EABE
  5
1EACE
331
1EABF
  5
1EACF
331
1EAC0
  5
1EAD0
331
1EAC1
  5
1EAD1
331
1EAC2
  5
1EAD2
331
1EAC3
  5
1EAD3
331
1EAC4
  5
1EAD4
331
1EAC5
  5
1EAD5
331
1EAC6
  5
1EAD6
331
1EAC7
  5
1EAD7
331
1EAC8
  5
1EAD8
331
1EAC9
  5
1EAD9
331
1EACA
  5
1EADA
331
1EACB
  5
1EADB
331
1EACC
  5
1EADC
331
1EACD
  5
1EADD
331
1EACE
  5
1EADE
331
1EACF
  5
1EADF
331
1EAD0
  5
1EAE0
331
1EAD1
  5
1EAE1
331
1EAD2
  5
1EAE2
331
1EAD3
  5
1EAE3
331
1EAD4
  5
1EAE4
331
1EAD5
  5
1EAE5
331
1EAD6
  5
1EAE6
331
1EAD7
  5
1EAE7
331
1EAD8
  5
1EAE8
331
1EAD9
  5
1EAE9
331
1EADA
  5
1EAEA
331
1EADB
  5
1EAEB
331
1EADC
  5
1EAEC
331
1EADD
  5
1EAED
331
1EADE
  5
1EAEE
331
1EADF
  5
1EAEF
331
1EAE0
  5
1EAF0
331
1EAE1
  5
1EAF1
331
1EAE2
  5
1EAF2
331
1EAE3
  5
1EAF3
331
1EAE4
  5
1EAF4
331
1EAE5
  5
1EAF5
331
1EAE6
  5
1EAF6
331
1EAE7
  5
1EAF7
331
1EAE8
  5
1EAF8
331
1EAE9
  5
1EAF9
331
1EAEA
  5
1EAFA
331
1EAEB
  5
1EAFB
331
1EAEC
  5
1EAFC
331
1EAED
  5
1EAFD
331
1EAEE
  5
1EAFE
331
1EAEF
  5
1EAFF
331
1EAF0
  5
1EB00
331
1EAF1
  5
1EB01
331
1EAF2
  5
1EB02
331
1EAF3
  5
1EB03
331
1EAF4
  5
1EB04
331
1EAF5
  5
1EB05
331
1EAF6
  5
1EB06
331
1EAF7
  5
1EB07
331
1EAF8
  5
1EB08
331
1EAF9
  5
1EB09
331
1EAFA
  5
1EB0A
331
1EAFB
  5
1EB0B
331
1EAFC
  5
1EB0C
331
1EAFD
  5
1EB0D
331
1EAFE
  5
1EB0E
331
1EAFF
  5
1EB0F
331
1EB00
  5
1EB10
331
1EB01
  5
1EB11
331
1EB02
  5
1EB12
331
1EB03
  5
1EB13
331
1EB04
  5
1EB14
331
1EB05
  5
1EB15
331
1EB06
  5
1EB16
331
1EB07
  5
1EB17
331
1EB08
  5
1EB18
331
1EB09
  5
1EB19
331
1EB0A
  5
1EB1A
331
1EB0B
  5
1EB1B
331
1EB0C
  5
1EB1C
331
1EB0D
  5
1EB1D
331
1EB0E
  5
1EB1E
331
1EB0F
  5
1EB1F
331
1EB10
  5
1EB20
331
1EB11
  5
1EB21
331
1EB12
  5
1EB22
331
1EB13
  5
1EB23
331
1EB14
  5
1EB24
331
1EB15
  5
1EB25
331
1EB16
  5
1EB26
331
1EB17
  5
1EB27
331
1EB18
  5
1EB28
331
1EB19
  5
1EB29
331
1EB1A
  5
1EB2A
331
1EB1B
  5
1EB2B
331
1EB1C
  5
1EB2C
331
1EB1D
  5
1EB2D
331
1EB1E
  5
1EB2E
331
1EB1F
  5
1EB2F
331
1EB20
  5
1EB30
331
1EB21
  5
1EB31
331
1EB22
  5
1EB32
331
1EB23
  5
1EB33
331
1EB24
  5
1EB34
331
1EB25
  5
1EB35
331
1EB26
  5
1EB36
331
1EB27
  5
1EB37
331
1EB28
  5
1EB38
331
1EB29
  5
1EB39
331
1EB2A
  5
1EB3A
331
1EB2B
  5
1EB3B
331
1EB2C
  5
1EB3C
331
1EB2D
  5
1EB3D
331
1EB2E
  5
1EB3E
331
1EB2F
  5
1EB3F
331
1EB30
  5
1EB40
331
1EB31
  5
1EB41
331
1EB32
  5
1EB42
331
1EB33
  5
1EB43
331
1EB34
  5
1EB44
331
1EB35
  5
1EB45
331
1EB36
  5
1EB46
331
1EB37
  5
1EB47
331
1EB38
  5
1EB48
331
1EB39
  5
1EB49
331
1EB3A
  5
1EB4A
331
1EB3B
  5
1EB4B
331
1EB3C
  5
1EB4C
331
1EB3D
  5
1EB4D
331
1EB3E
  5
1EB4E
331
1EB3F
  5
1EB4F
331
1EB40
  5
1EB50
331
1EB41
  5
1EB51
331
1EB42
  5
1EB52
331
1EB43
  5
1EB53
331
1EB44
  5
1EB54
331
1EB45
  5
1EB55
331
1EB46
  5
1EB56
331
1EB47
  5
1EB57
331
1EB48
  5
1EB58
331
1EB49
  5
1EB59
331
1EB4A
  5
1EB5A
331
1EB4B
  5
1EB5B
331
1EB4C
  5
1EB5C
331
1EB4D
  5
1EB5D
331
1EB4E
  5
1EB5E
331
1EB4F
  5
1EB5F
331
1EB50
  5
1EB60
331
1EB51
  5
1EB61
331
1EB52
  5
1EB62
331
1EB53
  5
1EB63
331
1EB54
  5
1EB64
331
1EB55
  5
1EB65
331
1EB56
  5
1EB66
331
1EB57
  5
1EB67
331
1EB58
  5
1EB68
331
1EB59
  5
1EB69
331
1EB5A
  5
1EB6A
331
1EB5B
  5
1EB6B
331
1EB5C
  5
1EB6C
331
1EB5D
  5
1EB6D
331
1EB5E
  5
1EB6E
331
1EB5F
  5
1EB6F
331
1EB60
  5
1EB70
331
1EB61
  5
1EB71
331
1EB62
  5
1EB72
331
1EB63
  5
1EB73
331
1EB64
  5
1EB74
331
1EB65
  5
1EB75
331
1EB66
  5
1EB76
331
1EB67
  5
1EB77
331
1EB68
  5
1EB78
331
1EB69
  5
1EB79
331
1EB6A
  5
1EB7A
331
1EB6B
  5
1EB7B
331
1EB6C
  5
1EB7C
331
1EB6D
  5
1EB7D
331
1EB6E
  5
1EB7E
331
1EB6F
  5
1EB7F
331
1EB70
  5
1EB80
331
1EB71
  5
1EB81
331
1EB72
  5
1EB82
331
1EB73
  5
1EB83
331
1EB74
  5
1EB84
331
1EB75
  5
1EB85
331
1EB76
  5
1EB86
331
1EB77
  5
1EB87
331
1EB78
  5
1EB88
331
1EB79
  5
1EB89
331
1EB7A
  5
1EB8A
331
1EB7B
  5
1EB8B
331
1EB7C
  5
1EB8C
331
1EB7D
  5
1EB8D
331
1EB7E
  5
1EB8E
331
1EB7F
  5
1EB8F
331
1EB80
  5
1EB90
331
1EB81
  5
1EB91
331
1EB82
  5
1EB92
331
1EB83
  5
1EB93
331
1EB84
  5
1EB94
331
1EB85
  5
1EB95
331
1EB86
  5
1EB96
331
1EB87
  5
1EB97
331
1EB88
  5
1EB98
331
1EB89
  5
1EB99
331
1EB8A
  5
1EB9A
331
1EB8B
  5
1EB9B
331
1EB8C
  5
1EB9C
331
1EB8D
  5
1EB9D
331
1EB8E
  5
1EB9E
331
1EB8F
  5
1EB9F
331
1EB90
  5
1EBA0
331
1EB91
  5
1EBA1
331
1EB92
  5
1EBA2
331
1EB93
  5
1EBA3
331
1EB94
  5
1EBA4
331
1EB95
  5
1EBA5
331
1EB96
  5
1EBA6
331
1EB97
  5
1EBA7
331
1EB98
  5
1EBA8
331
1EB99
  5
1EBA9
331
1EB9A
  5
1EBAA
331
1EB9B
  5
1EBAB
331
1EB9C
  5
1EBAC
331
1EB9D
  5
1EBAD
331
1EB9E
  5
1EBAE
331
1EB9F
  5
1EBAF
331
1EBA0
  5
1EBB0
331
1EBA1
  5
1EBB1
331
1EBA2
  5
1EBB2
331
1EBA3
  5
1EBB3
331
1EBA4
  5
1EBB4
331
1EBA5
  5
1EBB5
331
1EBA6
  5
1EBB6
331
1EBA7
  5
1EBB7
331
1EBA8
  5
1EBB8
331
1EBA9
  5
1EBB9
331
1EBAA
  5
1EBBA
331
1EBAB
  5
1EBBB
331
1EBAC
  5
1EBBC
331
1EBAD
  5
1EBBD
331
1EBAE
  5
1EBBE
331
1EBAF
  5
1EBBF
331
1EBB0
  5
1EBC0
331
1EBB1
  5
1EBC1
331
1EBB2
  5
1EBC2
331
1EBB3
  5
1EBC3
331
1EBB4
  5
1EBC4
331
1EBB5
  5
1EBC5
331
1EBB6
  5
1EBC6
331
1EBB7
  5
1EBC7
331
1EBB8
  5
1EBC8
331
1EBB9
  5
1EBC9
331
1EBBA
  5
1EBCA
331
1EBBB
  5
1EBCB
331
1EBBC
  5
1EBCC
331
1EBBD
  5
1EBCD
331
1EBBE
  5
1EBCE
331
1EBBF
  5
1EBCF
331
1EBC0
  5
1EBD0
331
1EBC1
  5
1EBD1
331
1EBC2
  5
1EBD2
331
1EBC3
  5
1EBD3
331
1EBC4
  5
1EBD4
331
1EBC5
  5
1EBD5
331
1EBC6
  5
1EBD6
331
1EBC7
  5
1EBD7
331
1EBC8
  5
1EBD8
331
1EBC9
  5
1EBD9
331
1EBCA
  5
1EBDA
331
1EBCB
  5
1EBDB
331
1EBCC
  5
1EBDC
331
1EBCD
  5
1EBDD
331
1EBCE
  5
1EBDE
331
1EBCF
  5
1EBDF
331
1EBD0
  5
1EBE0
331
1EBD1
  5
1EBE1
331
1EBD2
  5
1EBE2
331
1EBD3
  5
1EBE3
331
1EBD4
  5
1EBE4
331
1EBD5
  5
1EBE5
331
1EBD6
  5
1EBE6
331
1EBD7
  5
1EBE7
331
1EBD8
  5
1EBE8
331
1EBD9
  5
1EBE9
331
1EBDA
  5
1EBEA
331
1EBDB
  5
1EBEB
331
1EBDC
  5
1EBEC
331
1EBDD
  5
1EBED
331
1EBDE
  5
1EBEE
331
1EBDF
  5
1EBEF
331
1EBE0
  5
1EBF0
331
1EBE1
  5
1EBF1
331
1EBE2
  5
1EBF2
331
1EBE3
  5
1EBF3
331
1EBE4
  5
1EBF4
331
1EBE5
  5
1EBF5
331
1EBE6
  5
1EBF6
331
1EBE7
  5
1EBF7
331
1EBE8
  5
1EBF8
331
1EBE9
  5
1EBF9
331
1EBEA
  5
1EBFA
331
1EBEB
  5
1EBFB
331
1EBEC
  5
1EBFC
331
1EBED
  5
1EBFD
331
1EBEE
  5
1EBFE
331
1EBEF
  5
1EBFF
331
1EBF0
  5
1EC00
331
1EBF1
  5
1EC01
331
1EBF2
  5
1EC02
331
1EBF3
  5
1EC03
331
1EBF4
  5
1EC04
331
1EBF5
  5
1EC05
331
1EBF6
  5
1EC06
331
1EBF7
  5
1EC07
331
1EBF8
  5
1EC08
331
1EBF9
  5
1EC09
331
1EBFA
  5
1EC0A
331
1EBFB
  5
1EC0B
331
1EBFC
  5
1EC0C
331
1EBFD
  5
1EC0D
331
1EBFE
  5
1EC0E
331
1EBFF
  5
1EC0F
331
1EC00
  5
1EC10
331
1EC01
  5
1EC11
331
1EC02
  5
1EC12
331
1EC03
  5
1EC13
331
1EC04
  5
1EC14
331
1EC05
  5
1EC15
331
1EC06
  5
1EC16
331
1EC07
  5
1EC17
331
1EC08
  5
1EC18
331
1EC09
  5
1EC19
331
1EC0A
  5
1EC1A
331
1EC0B
  5
1EC1B
331
1EC0C
  5
1EC1C
331
1EC0D
  5
1EC1D
331
1EC0E
  5
1EC1E
331
1EC0F
  5
1EC1F
331
1EC10
  5
1EC20
331
1EC11
  5
1EC21
331
1EC12
  5
1EC22
331
1EC13
  5
1EC23
331
1EC14
  5
1EC24
331
1EC15
  5
1EC25
331
1EC16
  5
1EC26
331
1EC17
  5
1EC27
331
1EC18
  5
1EC28
331
1EC19
  5
1EC29
331
1EC1A
  5
1EC2A
331
1EC1B
  5
1EC2B
331
1EC1C
  5
1EC2C
331
1EC1D
  5
1EC2D
331
1EC1E
  5
1EC2E
331
1EC1F
  5
1EC2F
331
1EC20
  5
1EC30
331
1EC21
  5
1EC31
331
1EC22
  5
1EC32
331
1EC23
  5
1EC33
331
1EC24
  5
1EC34
331
1EC25
  5
1EC35
331
1EC26
  5
1EC36
331
1EC27
  5
1EC37
331
1EC28
  5
1EC38
331
1EC29
  5
1EC39
331
1EC2A
  5
1EC3A
331
1EC2B
  5
1EC3B
331
1EC2C
  5
1EC3C
331
1EC2D
  5
1EC3D
331
1EC2E
  5
1EC3E
331
1EC2F
  5
1EC3F
331
1EC30
  5
1EC40
331
1EC31
  5
1EC41
331
1EC32
  5
1EC42
331
1EC33
  5
1EC43
331
1EC34
  5
1EC44
331
1EC35
  5
1EC45
331
1EC36
  5
1EC46
331
1EC37
  5
1EC47
331
1EC38
  5
1EC48
331
1EC39
  5
1EC49
331
1EC3A
  5
1EC4A
331
1EC3B
  5
1EC4B
331
1EC3C
  5
1EC4C
331
1EC3D
  5
1EC4D
331
1EC3E
  5
1EC4E
331
1EC3F
  5
1EC4F
331
1EC40
  5
1EC50
331
1EC41
  5
1EC51
331
1EC42
  5
1EC52
331
1EC43
  5
1EC53
331
1EC44
  5
1EC54
331
1EC45
  5
1EC55
331
1EC46
  5
1EC56
331
1EC47
  5
1EC57
331
1EC48
  5
1EC58
331
1EC49
  5
1EC59
331
1EC4A
  5
1EC5A
331
1EC4B
  5
1EC5B
331
1EC4C
  5
1EC5C
331
1EC4D
  5
1EC5D
331
1EC4E
  5
1EC5E
331
1EC4F
  5
1EC5F
331
1EC50
  5
1EC60
331
1EC51
  5
1EC61
331
1EC52
  5
1EC62
331
1EC53
  5
1EC63
331
1EC54
  5
1EC64
331
1EC55
  5
1EC65
331
1EC56
  5
1EC66
331
1EC57
  5
1EC67
331
1EC58
  5
1EC68
331
1EC59
  5
1EC69
331
1EC5A
  5
1EC6A
331
1EC5B
  5
1EC6B
331
1EC5C
  5
1EC6C
331
1EC5D
  5
1EC6D
331
1EC5E
  5
1EC6E
331
1EC5F
  5
1EC6F
331
1EC60
  5
1EC70
331
1EC61
  5
1EC71
331
1EC62
  5
1EC72
331
1EC63
  5
1EC73
331
1EC64
  5
1EC74
331
1EC65
  5
1EC75
331
1EC66
  5
1EC76
331
1EC67
  5
1EC77
331
1EC68
  5
1EC78
331
1EC69
  5
1EC79
331
1EC6A
  5
1EC7A
331
1EC6B
  5
1EC7B
331
1EC6C
  5
1EC7C
331
1EC6D
  5
1EC7D
331
1EC6E
  5
1EC7E
331
1EC6F
  5
1EC7F
331
1EC70
  5
1EC80
331
1EC71
  5
1EC81
331
1EC72
  5
1EC82
331
1EC73
  5
1EC83
331
1EC74
  5
1EC84
331
1EC75
  5
1EC85
331
1EC76
  5
1EC86
331
1EC77
  5
1EC87
331
1EC78
  5
1EC88
331
1EC79
  5
1EC89
331
1EC7A
  5
1EC8A
331
1EC7B
  5
1EC8B
331
1EC7C
  5
1EC8C
331
1EC7D
  5
1EC8D
331
1EC7E
  5
1EC8E
331
1EC7F
  5
1EC8F
331
1EC80
  5
1EC90
331
1EC81
  5
1EC91
331
1EC82
  5
1EC92
331
1EC83
  5
1EC93
331
1EC84
  5
1EC94
331
1EC85
  5
1EC95
331
1EC86
  5
1EC96
331
1EC87
  5
1EC97
331
1EC88
  5
1EC98
331
1EC89
  5
1EC99
331
1EC8A
  5
1EC9A
331
1EC8B
  5
1EC9B
331
1EC8C
  5
1EC9C
331
1EC8D
  5
1EC9D
331
1EC8E
  5
1EC9E
331
1EC8F
  5
1EC9F
331
1EC90
  5
1ECA0
331
1EC91
  5
1ECA1
331
1EC92
  5
1ECA2
331
1EC93
  5
1ECA3
331
1EC94
  5
1ECA4
331
1EC95
  5
1ECA5
331
1EC96
  5
1ECA6
331
1EC97
  5
1ECA7
331
1EC98
  5
1ECA8
331
1EC99
  5
1ECA9
331
1EC9A
  5
1ECAA
331
1EC9B
  5
1ECAB
331
1EC9C
  5
1ECAC
331
1EC9D
  5
1ECAD
331
1EC9E
  5
1ECAE
331
1EC9F
  5
1ECAF
331
1ECA0
  5
1ECB0
331
1ECA1
  5
1ECB1
331
1ECA2
  5
1ECB2
331
1ECA3
  5
1ECB3
331
1ECA4
  5
1ECB4
331
1ECA5
  5
1ECB5
331
1ECA6
  5
1ECB6
331
1ECA7
  5
1ECB7
331
1ECA8
  5
1ECB8
331
1ECA9
  5
1ECB9
331
1ECAA
  5
1ECBA
331
1ECAB
  5
1ECBB
331
1ECAC
  5
1ECBC
331
1ECAD
  5
1ECBD
331
1ECAE
  5
1ECBE
331
1ECAF
  5
1ECBF
331
1ECB0
  5
1ECC0
331
1ECB1
  5
1ECC1
331
1ECB2
  5
1ECC2
331
1ECB3
  5
1ECC3
331
1ECB4
  5
1ECC4
331
1ECB5
  5
1ECC5
331
1ECB6
  5
1ECC6
331
1ECB7
  5
1ECC7
331
1ECB8
  5
1ECC8
331
1ECB9
  5
1ECC9
331
1ECBA
  5
1ECCA
331
1ECBB
  5
1ECCB
331
1ECBC
  5
1ECCC
331
1ECBD
  5
1ECCD
331
1ECBE
  5
1ECCE
331
1ECBF
  5
1ECCF
331
1ECC0
  5
1ECD0
331
1ECC1
  5
1ECD1
331
1ECC2
  5
1ECD2
331
1ECC3
  5
1ECD3
331
1ECC4
  5
1ECD4
331
1ECC5
  5
1ECD5
331
1ECC6
  5
1ECD6
331
1ECC7
  5
1ECD7
331
1ECC8
  5
1ECD8
331
1ECC9
  5
1ECD9
331
1ECCA
  5
1ECDA
331
1ECCB
  5
1ECDB
331
1ECCC
  5
1ECDC
331
1ECCD
  5
1ECDD
331
1ECCE
  5
1ECDE
331
1ECCF
  5
1ECDF
331
1ECD0
  5
1ECE0
331
1ECD1
  5
1ECE1
331
1ECD2
  5
1ECE2
331
1ECD3
  5
1ECE3
331
1ECD4
  5
1ECE4
331
1ECD5
  5
1ECE5
331
1ECD6
  5
1ECE6
331
1ECD7
  5
1ECE7
331
1ECD8
  5
1ECE8
331
1ECD9
  5
1ECE9
331
1ECDA
  5
1ECEA
331
1ECDB
  5
1ECEB
331
1ECDC
  5
1ECEC
331
1ECDD
  5
1ECED
331
1ECDE
  5
1ECEE
331
1ECDF
  5
1ECEF
331
1ECE0
  5
1ECF0
331
1ECE1
  5
1ECF1
331
1ECE2
  5
1ECF2
331
1ECE3
  5
1ECF3
331
1ECE4
  5
1ECF4
331
1ECE5
  5
1ECF5
331
1ECE6
  5
1ECF6
331
1ECE7
  5
1ECF7
331
1ECE8
  5
1ECF8
331
1ECE9
  5
1ECF9
331
1ECEA
  5
1ECFA
331
1ECEB
  5
1ECFB
331
1ECEC
  5
1ECFC
331
1ECED
  5
1ECFD
331
1ECEE
  5
1ECFE
331
1ECEF
  5
1ECFF
331
1ECF0
  5
1ED00
331
1ECF1
  5
1ED01
331
1ECF2
  5
1ED02
331
1ECF3
  5
1ED03
331
1ECF4
  5
1ED04
331
1ECF5
  5
1ED05
331
1ECF6
  5
1ED06
331
1ECF7
  5
1ED07
331
1ECF8
  5
1ED08
331
1ECF9
  5
1ED09
331
1ECFA
  5
1ED0A
331
1ECFB
  5
1ED0B
331
1ECFC
  5
1ED0C
331
1ECFD
  5
1ED0D
331
1ECFE
  5
1ED0E
331
1ECFF
  5
1ED0F
331
1ED00
  5
1ED10
331
1ED01
  5
1ED11
331
1ED02
  5
1ED12
331
1ED03
  5
1ED13
331
1ED04
  5
1ED14
331
1ED05
  5
1ED15
331
1ED06
  5
1ED16
331
1ED07
  5
1ED17
331
1ED08
  5
1ED18
331
1ED09
  5
1ED19
331
1ED0A
  5
1ED1A
331
1ED0B
  5
1ED1B
331
1ED0C
  5
1ED1C
331
1ED0D
  5
1ED1D
331
1ED0E
  5
1ED1E
331
1ED0F
  5
1ED1F
331
1ED10
  5
1ED20
331
1ED11
  5
1ED21
331
1ED12
  5
1ED22
331
1ED13
  5
1ED23
331
1ED14
  5
1ED24
331
1ED15
  5
1ED25
331
1ED16
  5
1ED26
331
1ED17
  5
1ED27
331
1ED18
  5
1ED28
331
1ED19
  5
1ED29
331
1ED1A
  5
1ED2A
331
1ED1B
  5
1ED2B
331
1ED1C
  5
1ED2C
331
1ED1D
  5
1ED2D
331
1ED1E
  5
1ED2E
331
1ED1F
  5
1ED2F
331
1ED20
  5
1ED30
331
1ED21
  5
1ED31
331
1ED22
  5
1ED32
331
1ED23
  5
1ED33
331
1ED24
  5
1ED34
331
1ED25
  5
1ED35
331
1ED26
  5
1ED36
331
1ED27
  5
1ED37
331
1ED28
  5
1ED38
331
1ED29
  5
1ED39
331
1ED2A
  5
1ED3A
331
1ED2B
  5
1ED3B
331
1ED2C
  5
1ED3C
331
1ED2D
  5
1ED3D
331
1ED2E
  5
1ED3E
331
1ED2F
  5
1ED3F
331
1ED30
  5
1ED40
331
1ED31
  5
1ED41
331
1ED32
  5
1ED42
331
1ED33
  5
1ED43
331
1ED34
  5
1ED44
331
1ED35
  5
1ED45
331
1ED36
  5
1ED46
331
1ED37
  5
1ED47
331
1ED38
  5
1ED48
331
1ED39
  5
1ED49
331
1ED3A
  5
1ED4A
331
1ED3B
  5
1ED4B
331
1ED3C
  5
1ED4C
331
1ED3D
  5
1ED4D
331
1ED3E
  5
1ED4E
331
1ED3F
  5
1ED4F
331
1ED40
  5
1ED50
331
1ED41
  5
1ED51
331
1ED42
  5
1ED52
331
1ED43
  5
1ED53
331
1ED44
  5
1ED54
331
1ED45
  5
1ED55
331
1ED46
  5
1ED56
331
1ED47
  5
1ED57
331
1ED48
  5
1ED58
331
1ED49
  5
1ED59
331
1ED4A
  5
1ED5A
331
1ED4B
  5
1ED5B
331
1ED4C
  5
1ED5C
331
1ED4D
  5
1ED5D
331
1ED4E
  5
1ED5E
331
1ED4F
  5
1ED5F
331
1ED50
  5
1ED60
331
1ED51
  5
1ED61
331
1ED52
  5
1ED62
331
1ED53
  5
1ED63
331
1ED54
  5
1ED64
331
1ED55
  5
1ED65
331
1ED56
  5
1ED66
331
1ED57
  5
1ED67
331
1ED58
  5
1ED68
331
1ED59
  5
1ED69
331
1ED5A
  5
1ED6A
331
1ED5B
  5
1ED6B
331
1ED5C
  5
1ED6C
331
1ED5D
  5
1ED6D
331
1ED5E
  5
1ED6E
331
1ED5F
  5
1ED6F
331
1ED60
  5
1ED70
331
1ED61
  5
1ED71
331
1ED62
  5
1ED72
331
1ED63
  5
1ED73
331
1ED64
  5
1ED74
331
1ED65
  5
1ED75
331
1ED66
  5
1ED76
331
1ED67
  5
1ED77
331
1ED68
  5
1ED78
331
1ED69
  5
1ED79
331
1ED6A
  5
1ED7A
331
1ED6B
  5
1ED7B
331
1ED6C
  5
1ED7C
331
1ED6D
  5
1ED7D
331
1ED6E
  5
1ED7E
331
1ED6F
  5
1ED7F
331
1ED70
  5
1ED80
331
1ED71
  5
1ED81
331
1ED72
  5
1ED82
331
1ED73
  5
1ED83
331
1ED74
  5
1ED84
331
1ED75
  5
1ED85
331
1ED76
  5
1ED86
331
1ED77
  5
1ED87
331
1ED78
  5
1ED88
331
1ED79
  5
1ED89
331
1ED7A
  5
1ED8A
331
1ED7B
  5
1ED8B
331
1ED7C
  5
1ED8C
331
1ED7D
  5
1ED8D
331
1ED7E
  5
1ED8E
331
1ED7F
  5
1ED8F
331
1ED80
  5
1ED90
331
1ED81
  5
1ED91
331
1ED82
  5
1ED92
331
1ED83
  5
1ED93
331
1ED84
  5
1ED94
331
1ED85
  5
1ED95
331
1ED86
  5
1ED96
331
1ED87
  5
1ED97
331
1ED88
  5
1ED98
331
1ED89
  5
1ED99
331
1ED8A
  5
1ED9A
331
1ED8B
  5
1ED9B
331
1ED8C
  5
1ED9C
331
1ED8D
  5
1ED9D
331
1ED8E
  5
1ED9E
331
1ED8F
  5
1ED9F
331
1ED90
  5
1EDA0
331
1ED91
  5
1EDA1
331
1ED92
  5
1EDA2
331
1ED93
  5
1EDA3
331
1ED94
  5
1EDA4
331
1ED95
  5
1EDA5
331
1ED96
  5
1EDA6
331
1ED97
  5
1EDA7
331
1ED98
  5
1EDA8
331
1ED99
  5
1EDA9
331
1ED9A
  5
1EDAA
331
1ED9B
  5
1EDAB
331
1ED9C
  5
1EDAC
331
1ED9D
  5
1EDAD
331
1ED9E
  5
1EDAE
331
1ED9F
  5
1EDAF
331
1EDA0
  5
1EDB0
331
1EDA1
  5
1EDB1
331
1EDA2
  5
1EDB2
331
1EDA3
  5
1EDB3
331
1EDA4
  5
1EDB4
331
1EDA5
  5
1EDB5
331
1EDA6
  5
1EDB6
331
1EDA7
  5
1EDB7
331
1EDA8
  5
1EDB8
331
1EDA9
  5
1EDB9
331
1EDAA
  5
1EDBA
331
1EDAB
  5
1EDBB
331
1EDAC
  5
1EDBC
331
1EDAD
  5
1EDBD
331
1EDAE
  5
1EDBE
331
1EDAF
  5
1EDBF
331
1EDB0
  5
1EDC0
331
1EDB1
  5
1EDC1
331
1EDB2
  5
1EDC2
331
1EDB3
  5
1EDC3
331
1EDB4
  5
1EDC4
331
1EDB5
  5
1EDC5
331
1EDB6
  5
1EDC6
331
1EDB7
  5
1EDC7
331
1EDB8
  5
1EDC8
331
1EDB9
  5
1EDC9
331
1EDBA
  5
1EDCA
331
1EDBB
  5
1EDCB
331
1EDBC
  5
1EDCC
331
1EDBD
  5
1EDCD
331
1EDBE
  5
1EDCE
331
1EDBF
  5
1EDCF
331
1EDC0
  5
1EDD0
331
1EDC1
  5
1EDD1
331
1EDC2
  5
1EDD2
331
1EDC3
  5
1EDD3
331
1EDC4
  5
1EDD4
331
1EDC5
  5
1EDD5
331
1EDC6
  5
1EDD6
331
1EDC7
  5
1EDD7
331
1EDC8
  5
1EDD8
331
1EDC9
  5
1EDD9
331
1EDCA
  5
1EDDA
331
1EDCB
  5
1EDDB
331
1EDCC
  5
1EDDC
331
1EDCD
  5
1EDDD
331
1EDCE
  5
1EDDE
331
1EDCF
  5
1EDDF
331
1EDD0
  5
1EDE0
331
1EDD1
  5
1EDE1
331
1EDD2
  5
1EDE2
331
1EDD3
  5
1EDE3
331
1EDD4
  5
1EDE4
331
1EDD5
  5
1EDE5
331
1EDD6
  5
1EDE6
331
1EDD7
  5
1EDE7
331
1EDD8
  5
1EDE8
331
1EDD9
  5
1EDE9
331
1EDDA
  5
1EDEA
331
1EDDB
  5
1EDEB
331
1EDDC
  5
1EDEC
331
1EDDD
  5
1EDED
331
1EDDE
  5
1EDEE
331
1EDDF
  5
1EDEF
331
1EDE0
  5
1EDF0
331
1EDE1
  5
1EDF1
331
1EDE2
  5
1EDF2
331
1EDE3
  5
1EDF3
331
1EDE4
  5
1EDF4
331
1EDE5
  5
1EDF5
331
1EDE6
  5
1EDF6
331
1EDE7
  5
1EDF7
331
1EDE8
  5
1EDF8
331
1EDE9
  5
1EDF9
331
1EDEA
  5
1EDFA
331
1EDEB
  5
1EDFB
331
1EDEC
  5
1EDFC
331
1EDED
  5
1EDFD
331
1EDEE
  5
1EDFE
331
1EDEF
  5
1EDFF
331
1EDF0
  5
1EE00
331
1EDF1
  5
1EE01
331
1EDF2
  5
1EE02
331
1EDF3
  5
1EE03
331
1EDF4
  5
1EE04
331
1EDF5
  5
1EE05
331
1EDF6
  5
1EE06
331
1EDF7
  5
1EE07
331
1EDF8
  5
1EE08
331
1EDF9
  5
1EE09
331
1EDFA
  5
1EE0A
331
1EDFB
  5
1EE0B
331
1EDFC
  5
1EE0C
331
1EDFD
  5
1EE0D
331
1EDFE
  5
1EE0E
331
1EDFF
  5
1EE0F
331
1EE00
  5
1EE10
331
1EE01
  5
1EE11
331
1EE02
  5
1EE12
331
1EE03
  5
1EE13
331
1EE04
  5
1EE14
331
1EE05
  5
1EE15
331
1EE06
  5
1EE16
331
1EE07
  5
1EE17
331
1EE08
  5
1EE18
331
1EE09
  5
1EE19
331
1EE0A
  5
1EE1A
331
1EE0B
  5
1EE1B
331
1EE0C
  5
1EE1C
331
1EE0D
  5
1EE1D
331
1EE0E
  5
1EE1E
331
1EE0F
  5
1EE1F
331
1EE10
  5
1EE20
331
1EE11
  5
1EE21
331
1EE12
  5
1EE22
331
1EE13
  5
1EE23
331
1EE14
  5
1EE24
331
1EE15
  5
1EE25
331
1EE16
  5
1EE26
331
1EE17
  5
1EE27
331
1EE18
  5
1EE28
331
1EE19
  5
1EE29
331
1EE1A
  5
1EE2A
331
1EE1B
  5
1EE2B
331
1EE1C
  5
1EE2C
331
1EE1D
  5
1EE2D
331
1EE1E
  5
1EE2E
331
1EE1F
  5
1EE2F
331
1EE20
  5
1EE30
331
1EE21
  5
1EE31
331
1EE22
  5
1EE32
331
1EE23
  5
1EE33
331
1EE24
  5
1EE34
331
1EE25
  5
1EE35
331
1EE26
  5
1EE36
331
1EE27
  5
1EE37
331
1EE28
  5
1EE38
331
1EE29
  5
1EE39
331
1EE2A
  5
1EE3A
331
1EE2B
  5
1EE3B
331
1EE2C
  5
1EE3C
331
1EE2D
  5
1EE3D
331
1EE2E
  5
1EE3E
331
1EE2F
  5
1EE3F
331
1EE30
  5
1EE40
331
1EE31
  5
1EE41
331
1EE32
  5
1EE42
331
1EE33
  5
1EE43
331
1EE34
  5
1EE44
331
1EE35
  5
1EE45
331
1EE36
  5
1EE46
331
1EE37
  5
1EE47
331
1EE38
  5
1EE48
331
1EE39
  5
1EE49
331
1EE3A
  5
1EE4A
331
1EE3B
  5
1EE4B
331
1EE3C
  5
1EE4C
331
1EE3D
  5
1EE4D
331
1EE3E
  5
1EE4E
331
1EE3F
  5
1EE4F
331
1EE40
  5
1EE50
331
1EE41
  5
1EE51
331
1EE42
  5
1EE52
331
1EE43
  5
1EE53
331
1EE44
  5
1EE54
331
1EE45
  5
1EE55
331
1EE46
  5
1EE56
331
1EE47
  5
1EE57
331
1EE48
  5
1EE58
331
1EE49
  5
1EE59
331
1EE4A
  5
1EE5A
331
1EE4B
  5
1EE5B
331
1EE4C
  5
1EE5C
331
1EE4D
  5
1EE5D
331
1EE4E
  5
1EE5E
331
1EE4F
  5
1EE5F
331
1EE50
  5
1EE60
331
1EE51
  5
1EE61
331
1EE52
  5
1EE62
331
1EE53
  5
1EE63
331
1EE54
  5
1EE64
331
1EE55
  5
1EE65
331
1EE56
  5
1EE66
331
1EE57
  5
1EE67
331
1EE58
  5
1EE68
331
1EE59
  5
1EE69
331
1EE5A
  5
1EE6A
331
1EE5B
  5
1EE6B
331
1EE5C
  5
1EE6C
331
1EE5D
  5
1EE6D
331
1EE5E
  5
1EE6E
331
1EE5F
  5
1EE6F
331
1EE60
  5
1EE70
331
1EE61
  5
1EE71
331
1EE62
  5
1EE72
331
1EE63
  5
1EE73
331
1EE64
  5
1EE74
331
1EE65
  5
1EE75
331
1EE66
  5
1EE76
331
1EE67
  5
1EE77
331
1EE68
  5
1EE78
331
1EE69
  5
1EE79
331
1EE6A
  5
1EE7A
331
1EE6B
  5
1EE7B
331
1EE6C
  5
1EE7C
331
1EE6D
  5
1EE7D
331
1EE6E
  5
1EE7E
331
1EE6F
  5
1EE7F
331
1EE70
  5
1EEFA
331
1EE71
  5
1EEFC
331
1EE72
  5
1EEFE
331
1EE73
  5
1EF00
331
1EE74
  5
1EF02
331
1EE75
  5
1EF04
331
1EE76
  5
1EF06
  0
ACDBDETAILVIEWSTYLE
  5
1AC
102
{ACAD_REACTORS
330
1AB
102
}
330
1AB
100
AcDbModelDocViewStyle
 70
     0
  3
Imperial24
290
     0
300
Imperial24
 90
        0
100
AcDbDetailViewStyle
 70
     0
 71
     0
 90
        3
 71
     1
340
11
 62
   256
 40
0.24
340
0
 62
   256
 40
0.24
300

 40
0.36
280
     3
 71
     2
340
16
 90
       25
 62
   256
 71
     3
340
11
 62
   256
 40
0.24
 90
        1
 40
0.75
 90
        1
300
%<\AcVar ViewType \f "%tc1">% %<\AcVar ViewDetailId>%\PSCALE %<\AcVar ViewScale \f "%sn">%
 71
     4
340
16
 90
       25
 62
   256
340
16
 90
       25
 62
   256
280
     0
  0
ACDBDETAILVIEWSTYLE
  5
471B
102
{ACAD_REACTORS
330
1AB
102
}
330
1AB
100
AcDbModelDocViewStyle
 70
     0
  3
Metric50
290
     0
300
Metric50
 90
        0
100
AcDbDetailViewStyle
 70
     0
 71
     0
 90
        3
 71
     1
340
11
 62
   256
 40
5.0
340
0
 62
   256
 40
5.0
300

 40
0.0
280
     1
 71
     2
340
16
 90
       25
 62
   256
 71
     3
340
11
 62
   256
 40
5.0
 90
        0
 40
15.0
 90
        1
300
%<\AcVar ViewDetailId>% (%<\AcVar ViewScale \f "%sn">%)
 71
     4
340
16
 90
       25
 62
   256
340
16
 90
       25
 62
   256
280
     0
  0
LAYOUT
  5
22
102
{ACAD_XDICTIONARY
360
194
102
}
102
{ACAD_REACTORS
330
1A
102
}
330
1A
100
AcDbPlotSettings
  1

  2
none_device
  4
ANSI_A_(8.50_x_11.00_Inches)
  6

 40
6.349999904632567
 41
19.04999923706055
 42
6.350006103515625
 43
19.04998779296875
 44
215.8999938964844
 45
279.3999938964844
 46
0.0
 47
0.0
 48
0.0
 49
0.0
140
0.0
141
0.0
142
1.0
143
2.584895464708373
 70
 11952
 72
     0
 73
     1
 74
     0
  7

 75
     0
147
0.3868628397755418
 76
     0
 77
     2
 78
   300
148
0.0
149
0.0
100
AcDbLayout
  1
Model
 70
     1
 71
     0
 10
0.0
 20
0.0
 11
12.0
 21
9.0
 12
0.0
 22
0.0
 32
0.0
 14
0.0
 24
0.0
 34
0.0
 15
0.0
 25
0.0
 35
0.0
146
0.0
 13
0.0
 23
0.0
 33
0.0
 16
1.0
 26
0.0
 36
0.0
 17
0.0
 27
1.0
 37
0.0
 76
     0
330
1F
331
94
  0
LAYOUT
  5
59
102
{ACAD_REACTORS
330
1A
102
}
330
1A
100
AcDbPlotSettings
  1

  2
None
  4

  6

 40
0.0
 41
0.0
 42
0.0
 43
0.0
 44
0.0
 45
0.0
 46
0.0
 47
0.0
 48
0.0
 49
0.0
140
0.0
141
0.0
142
1.0
143
1.0
 70
   688
 72
     0
 73
     0
 74
     5
  7

 75
    16
147
1.0
 76
     0
 77
     2
 78
   300
148
0.0
149
0.0
100
AcDbLayout
  1
배치1
 70
     1
 71
     1
 10
0.0
 20
0.0
 11
12.0
 21
9.0
 12
0.0
 22
0.0
 32
0.0
 14
0.0
 24
0.0
 34
0.0
 15
0.0
 25
0.0
 35
0.0
146
0.0
 13
0.0
 23
0.0
 33
0.0
 16
1.0
 26
0.0
 36
0.0
 17
0.0
 27
1.0
 37
0.0
 76
     0
330
58
  0
LAYOUT
  5
5E
102
{ACAD_REACTORS
330
1A
102
}
330
1A
100
AcDbPlotSettings
  1

  2
None
  4

  6

 40
0.0
 41
0.0
 42
0.0
 43
0.0
 44
0.0
 45
0.0
 46
0.0
 47
0.0
 48
0.0
 49
0.0
140
0.0
141
0.0
142
1.0
143
1.0
 70
   688
 72
     0
 73
     0
 74
     5
  7

 75
    16
147
1.0
 76
     0
 77
     2
 78
   300
148
0.0
149
0.0
100
AcDbLayout
  1
배치2
 70
     1
 71
     2
 10
0.0
 20
0.0
 11
12.0
 21
9.0
 12
0.0
 22
0.0
 32
0.0
 14
0.0
 24
0.0
 34
0.0
 15
0.0
 25
0.0
 35
0.0
146
0.0
 13
0.0
 23
0.0
 33
0.0
 16
1.0
 26
0.0
 36
0.0
 17
0.0
 27
1.0
 37
0.0
 76
     0
330
5D
  0
MATERIAL
  5
97
102
{ACAD_XDICTIONARY
360
188
102
}
102
{ACAD_REACTORS
330
72
102
}
330
72
100
AcDbMaterial
  1
ByBlock
 94
       63
  0
MATERIAL
  5
96
102
{ACAD_XDICTIONARY
360
186
102
}
102
{ACAD_REACTORS
330
72
102
}
330
72
100
AcDbMaterial
  1
ByLayer
 94
       63
  0
MATERIAL
  5
98
102
{ACAD_XDICTIONARY
360
110
102
}
102
{ACAD_REACTORS
330
72
102
}
330
72
100
AcDbMaterial
  1
Global
 43
0.0208000000566244
 43
0.0
 43
0.0
 43
0.0
 43
0.0
 43
0.0208000000566244
 43
0.0
 43
0.0
 43
0.0
 43
0.0
 43
1.0
 43
0.0
 43
0.0
 43
0.0
 43
0.0
 43
1.0
 49
0.0208000000566244
 49
0.0
 49
0.0
 49
0.0
 49
0.0
 49
0.0208000000566244
 49
0.0
 49
0.0
 49
0.0
 49
0.0
 49
1.0
 49
0.0
 49
0.0
 49
0.0
 49
0.0
 49
1.0
142
0.0208000000566244
142
0.0
142
0.0
142
0.0
142
0.0
142
0.0208000000566244
142
0.0
142
0.0
142
0.0
142
0.0
142
1.0
142
0.0
142
0.0
142
0.0
142
0.0
142
1.0
144
0.0208000000566244
144
0.0
144
0.0
144
0.0
144
0.0
144
0.0208000000566244
144
0.0
144
0.0
144
0.0
144
0.0
144
1.0
144
0.0
144
0.0
144
0.0
144
0.0
144
1.0
 94
       63
1001
ACAD
1070
    -1
1070
     3
1070
     0
1000

1071
        0
1070
     0
  0
MLEADERSTYLE
  5
D8
102
{ACAD_REACTORS
330
D7
102
}
330
D7
100
AcDbMLeaderStyle
179
     2
170
     2
171
     1
172
     0
 90
        2
 40
0.0
 41
0.0
173
     1
 91
-1056964608
340
14
 92
       -2
290
     1
 42
0.09
291
     1
 43
0.36
  3
Standard
 44
0.18
300

342
11
174
     1
178
     1
175
     1
176
     0
 93
-1056964608
 45
0.18
292
     0
297
     0
 46
0.18
 94
-1056964608
 47
1.0
 49
1.0
140
1.0
293
     1
141
0.0
294
     1
177
     0
142
1.0
295
     0
296
     0
143
0.125
271
     0
272
     9
273
     9
298
     0
  0
MLINESTYLE
  5
18
102
{ACAD_REACTORS
330
17
102
}
330
17
100
AcDbMlineStyle
  2
STANDARD
 70
     0
  3

 62
   256
 51
90.0
 52
90.0
 71
     2
 49
0.5
 62
   256
  6
BYLAYER
 49
-0.5
 62
   256
  6
BYLAYER
  0
ACDBPLACEHOLDER
  5
F
102
{ACAD_REACTORS
330
E
102
}
330
E
  0
SCALE
  5
1DE1
102
{ACAD_REACTORS
330
B6
102
}
330
B6
100
AcDbScale
 70
     0
300
1" = 1'
140
1.0
141
1.0
290
     0
  0
SCALE
  5
291C
102
{ACAD_REACTORS
330
B6
102
}
330
B6
100
AcDbScale
 70
     0
300
1" = 40'
140
1.0
141
40.0
290
     0
  0
SCALE
  5
4719
102
{ACAD_REACTORS
330
B6
102
}
330
B6
100
AcDbScale
 70
     0
300
1:500000
140
1.0
141
500.0
290
     0
  0
SCALE
  5
B7
102
{ACAD_REACTORS
330
B6
102
}
330
B6
100
AcDbScale
 70
     0
300
1:1
140
1.0
141
1.0
290
     1
  0
SCALE
  5
124
102
{ACAD_REACTORS
330
B6
102
}
330
B6
100
AcDbScale
 70
     0
300
1:2
140
1.0
141
2.0
290
     0
  0
SCALE
  5
125
102
{ACAD_REACTORS
330
B6
102
}
330
B6
100
AcDbScale
 70
     0
300
1:4
140
1.0
141
4.0
290
     0
  0
SCALE
  5
126
102
{ACAD_REACTORS
330
B6
102
}
330
B6
100
AcDbScale
 70
     0
300
1:5
140
1.0
141
5.0
290
     0
  0
SCALE
  5
127
102
{ACAD_REACTORS
330
B6
102
}
330
B6
100
AcDbScale
 70
     0
300
1:8
140
1.0
141
8.0
290
     0
  0
SCALE
  5
128
102
{ACAD_REACTORS
330
B6
102
}
330
B6
100
AcDbScale
 70
     0
300
1:10
140
1.0
141
10.0
290
     0
  0
SCALE
  5
129
102
{ACAD_REACTORS
330
B6
102
}
330
B6
100
AcDbScale
 70
     0
300
1:16
140
1.0
141
16.0
290
     0
  0
SCALE
  5
12A
102
{ACAD_REACTORS
330
B6
102
}
330
B6
100
AcDbScale
 70
     0
300
1:20
140
1.0
141
20.0
290
     0
  0
SCALE
  5
12B
102
{ACAD_REACTORS
330
B6
102
}
330
B6
100
AcDbScale
 70
     0
300
1:30
140
1.0
141
30.0
290
     0
  0
SCALE
  5
12C
102
{ACAD_REACTORS
330
B6
102
}
330
B6
100
AcDbScale
 70
     0
300
1:40
140
1.0
141
40.0
290
     0
  0
SCALE
  5
12D
102
{ACAD_REACTORS
330
B6
102
}
330
B6
100
AcDbScale
 70
     0
300
1:50
140
1.0
141
50.0
290
     0
  0
SCALE
  5
12E
102
{ACAD_REACTORS
330
B6
102
}
330
B6
100
AcDbScale
 70
     0
300
1:100
140
1.0
141
100.0
290
     0
  0
SCALE
  5
12F
102
{ACAD_REACTORS
330
B6
102
}
330
B6
100
AcDbScale
 70
     0
300
2:1
140
2.0
141
1.0
290
     0
  0
SCALE
  5
130
102
{ACAD_REACTORS
330
B6
102
}
330
B6
100
AcDbScale
 70
     0
300
4:1
140
4.0
141
1.0
290
     0
  0
SCALE
  5
131
102
{ACAD_REACTORS
330
B6
102
}
330
B6
100
AcDbScale
 70
     0
300
8:1
140
8.0
141
1.0
290
     0
  0
SCALE
  5
132
102
{ACAD_REACTORS
330
B6
102
}
330
B6
100
AcDbScale
 70
     0
300
10:1
140
10.0
141
1.0
290
     0
  0
SCALE
  5
133
102
{ACAD_REACTORS
330
B6
102
}
330
B6
100
AcDbScale
 70
     0
300
100:1
140
100.0
141
1.0
290
     0
  0
SCALE
  5
134
102
{ACAD_REACTORS
330
B6
102
}
330
B6
100
AcDbScale
 70
     0
300
1/128" = 1'-0"
140
0.0078125
141
12.0
290
     0
  0
SCALE
  5
135
102
{ACAD_REACTORS
330
B6
102
}
330
B6
100
AcDbScale
 70
     0
300
1/64" = 1'-0"
140
0.015625
141
12.0
290
     0
  0
SCALE
  5
136
102
{ACAD_REACTORS
330
B6
102
}
330
B6
100
AcDbScale
 70
     0
300
1/32" = 1'-0"
140
0.03125
141
12.0
290
     0
  0
SCALE
  5
137
102
{ACAD_REACTORS
330
B6
102
}
330
B6
100
AcDbScale
 70
     0
300
1/16" = 1'-0"
140
0.0625
141
12.0
290
     0
  0
SCALE
  5
138
102
{ACAD_REACTORS
330
B6
102
}
330
B6
100
AcDbScale
 70
     0
300
3/32" = 1'-0"
140
0.09375
141
12.0
290
     0
  0
SCALE
  5
139
102
{ACAD_REACTORS
330
B6
102
}
330
B6
100
AcDbScale
 70
     0
300
1/8" = 1'-0"
140
0.125
141
12.0
290
     0
  0
SCALE
  5
13A
102
{ACAD_REACTORS
330
B6
102
}
330
B6
100
AcDbScale
 70
     0
300
3/16" = 1'-0"
140
0.1875
141
12.0
290
     0
  0
SCALE
  5
13B
102
{ACAD_REACTORS
330
B6
102
}
330
B6
100
AcDbScale
 70
     0
300
1/4" = 1'-0"
140
0.25
141
12.0
290
     0
  0
SCALE
  5
13C
102
{ACAD_REACTORS
330
B6
102
}
330
B6
100
AcDbScale
 70
     0
300
3/8" = 1'-0"
140
0.375
141
12.0
290
     0
  0
SCALE
  5
13D
102
{ACAD_REACTORS
330
B6
102
}
330
B6
100
AcDbScale
 70
     0
300
1/2" = 1'-0"
140
0.5
141
12.0
290
     0
  0
SCALE
  5
13E
102
{ACAD_REACTORS
330
B6
102
}
330
B6
100
AcDbScale
 70
     0
300
3/4" = 1'-0"
140
0.75
141
12.0
290
     0
  0
SCALE
  5
13F
102
{ACAD_REACTORS
330
B6
102
}
330
B6
100
AcDbScale
 70
     0
300
1" = 1'-0"
140
1.0
141
12.0
290
     0
  0
SCALE
  5
140
102
{ACAD_REACTORS
330
B6
102
}
330
B6
100
AcDbScale
 70
     0
300
1-1/2" = 1'-0"
140
1.5
141
12.0
290
     0
  0
SCALE
  5
141
102
{ACAD_REACTORS
330
B6
102
}
330
B6
100
AcDbScale
 70
     0
300
3" = 1'-0"
140
3.0
141
12.0
290
     0
  0
SCALE
  5
142
102
{ACAD_REACTORS
330
B6
102
}
330
B6
100
AcDbScale
 70
     0
300
6" = 1'-0"
140
6.0
141
12.0
290
     0
  0
SCALE
  5
143
102
{ACAD_REACTORS
330
B6
102
}
330
B6
100
AcDbScale
 70
     0
300
1'-0" = 1'-0"
140
12.0
141
12.0
290
     0
  0
ACDBSECTIONVIEWSTYLE
  5
1AA
102
{ACAD_REACTORS
330
1A8
102
}
330
1A8
100
AcDbModelDocViewStyle
 70
     0
  3
Imperial24
290
     0
300
Imperial24
 90
        0
100
AcDbSectionViewStyle
 70
     0
 71
     0
 90
       78
 71
     1
340
11
 62
   256
 40
0.24
340
0
340
0
 62
   256
 40
0.24
300
I, O, Q, S, X, Z
 40
0.48
 90
        3
 40
0.18
 90
        1
 71
     2
340
16
 90
       25
 62
   256
340
16
 90
       50
 62
   256
 40
0.24
 40
0.0
 40
0.24
 71
     3
340
11
 62
   256
 40
0.24
 90
        1
 40
0.75
 90
        1
300
%<\AcVar ViewType \f "%tc1">% %<\AcVar ViewSectionStartId>%-%<\AcVar ViewSectionEndId>%\PSCALE %<\AcVar ViewScale \f "%sn">%
 71
     4
 62
   256
 62
   257
300
ANSI31
 40
1.0
 90
        0
290
     0
290
     0
 90
        6
 40
0.0
 40
1.570796326794896
 40
0.2617993877991494
 40
1.308996938995747
 40
-0.2617993877991494
 40
1.832595714594045
  0
ACDBSECTIONVIEWSTYLE
  5
471A
102
{ACAD_REACTORS
330
1A8
102
}
330
1A8
100
AcDbModelDocViewStyle
 70
     0
  3
Metric50
290
     0
300
Metric50
 90
        0
100
AcDbSectionViewStyle
 70
     0
 71
     0
 90
      102
 71
     1
340
11
 62
   256
 40
5.0
340
0
340
0
 62
   256
 40
5.0
300
I, O, Q, S, X, Z
 40
10.0
 90
        0
 40
2.5
 90
        0
 71
     2
340
16
 90
       25
 62
   256
340
16
 90
       50
 62
   256
 40
5.0
 40
2.5
 40
5.0
 71
     3
340
11
 62
   256
 40
5.0
 90
        0
 40
15.0
 90
        1
300
%<\AcVar ViewSectionStartId>%-%<\AcVar ViewSectionEndId>% (%<\AcVar ViewScale \f "%sn">%)
 71
     4
 62
   256
 62
   257
300
ANSI31
 40
1.0
 90
        0
290
     0
290
     0
 90
        6
 40
0.0
 40
1.570796326794896
 40
0.2617993877991494
 40
1.308996938995747
 40
-0.2617993877991494
 40
1.832595714594045
  0
TABLESTYLE
  5
20D
102
{ACAD_XDICTIONARY
360
1D57
102
}
102
{ACAD_REACTORS
330
86
102
}
330
86
100
AcDbTableStyle
280
     0
  3

 70
     0
 71
     3
 40
0.06
 41
0.06
280
     0
281
     0
  7
Legend
140
0.18
170
     4
 62
     0
 63
     7
283
     0
 90
      512
 91
        0
  1

274
    -2
284
     0
 64
     0
275
    -2
285
     0
 65
     0
276
    -2
286
     0
 66
     0
277
    -2
287
     0
 67
     0
278
    -2
288
     0
 68
     0
279
    -2
289
     0
 69
     0
  7
Legend
140
0.25
170
     5
 62
     0
 63
     7
283
     0
 90
      512
 91
        0
  1

274
    -2
284
     0
 64
     0
275
    -2
285
     0
 65
     0
276
    -2
286
     0
 66
     0
277
    -2
287
     0
 67
     0
278
    -2
288
     0
 68
     0
279
    -2
289
     0
 69
     0
  7
Legend
140
0.18
170
     4
 62
     0
 63
     7
283
     0
 90
      512
 91
        0
  1

274
    -2
284
     0
 64
     0
275
    -2
285
     0
 65
     0
276
    -2
286
     0
 66
     0
277
    -2
287
     0
 67
     0
278
    -2
288
     0
 68
     0
279
    -2
289
     0
 69
     0
  0
TABLESTYLE
  5
87
102
{ACAD_XDICTIONARY
360
104
102
}
102
{ACAD_REACTORS
330
86
102
}
330
86
100
AcDbTableStyle
280
     0
  3
Standard
 70
     0
 71
     0
 40
0.06
 41
0.06
280
     0
281
     0
  7
Standard
140
0.18
170
     2
 62
     0
 63
     7
283
     0
 90
      512
 91
        0
  1

274
    -2
284
     1
 64
     0
275
    -2
285
     1
 65
     0
276
    -2
286
     1
 66
     0
277
    -2
287
     1
 67
     0
278
    -2
288
     1
 68
     0
279
    -2
289
     1
 69
     0
  7
Standard
140
0.25
170
     5
 62
     0
 63
     7
283
     0
 90
      512
 91
        0
  1

274
    -2
284
     1
 64
     0
275
    -2
285
     1
 65
     0
276
    -2
286
     1
 66
     0
277
    -2
287
     1
 67
     0
278
    -2
288
     1
 68
     0
279
    -2
289
     1
 69
     0
  7
Standard
140
0.18
170
     5
 62
     0
 63
     7
283
     0
 90
      512
 91
        0
  1

274
    -2
284
     1
 64
     0
275
    -2
285
     1
 65
     0
276
    -2
286
     1
 66
     0
277
    -2
287
     1
 67
     0
278
    -2
288
     1
 68
     0
279
    -2
289
     1
 69
     0
  0
VISUALSTYLE
  5
9F
102
{ACAD_REACTORS
330
99
102
}
330
99
100
AcDbVisualStyle
  2
2dWireframe
 70
     4
177
     3
291
     0
 70
    58
 90
        0
176
     1
 90
        2
176
     1
 90
        1
176
     1
 90
        0
176
     1
 40
0.6
176
     1
 40
30.0
176
     1
 62
     7
176
     1
 90
        1
176
     1
 90
        4
176
     1
 62
     7
176
     1
 62
   257
176
     1
 90
        1
176
     1
 90
        1
176
     1
 40
1.0
176
     1
 90
        0
176
     1
 62
   257
176
     1
 40
1.0
176
     1
 90
        1
176
     1
 90
        6
176
     1
 90
        2
176
     1
 62
     7
176
     1
 90
        5
176
     1
 90
        0
176
     1
 90
        0
176
     1
290
     0
176
     1
 90
        1
176
     1
 40
0.0
176
     1
 90
        0
176
     1
290
     1
176
     1
290
     1
176
     1
290
     0
176
     1
290
     0
176
     1
290
     0
176
     1
290
     0
176
     1
290
     0
176
     1
290
     0
176
     1
290
     0
176
     1
 90
       50
176
     1
 40
0.0
176
     1
 40
1.0
176
     1
 90
        0
176
     1
 62
    18
176
     1
 90
       50
176
     1
 90
        3
176
     1
 62
     5
420
      255
176
     1
290
     0
176
     1
 90
       50
176
     1
 90
       50
176
     1
 90
       50
176
     1
290
     0
176
     1
 90
       50
176
     1
 62
   256
176
     0
 40
1.0
176
     0
 90
        2
176
     1
  1
strokes_ogs.tif
176
     1
290
     0
176
     1
 40
1.0
176
     1
 40
1.0
176
     1
  0
VISUALSTYLE
  5
9E
102
{ACAD_REACTORS
330
99
102
}
330
99
100
AcDbVisualStyle
  2
Basic
 70
     7
177
     3
291
     1
 70
    58
 90
        1
176
     1
 90
        0
176
     1
 90
        1
176
     1
 90
        0
176
     1
 40
0.6
176
     1
 40
30.0
176
     1
 62
     7
176
     1
 90
        0
176
     1
 90
        4
176
     1
 62
     7
176
     1
 62
   257
176
     1
 90
        1
176
     1
 90
        1
176
     1
 40
1.0
176
     1
 90
        8
176
     1
 62
     7
176
     1
 40
1.0
176
     1
 90
        1
176
     1
 90
        6
176
     1
 90
        2
176
     1
 62
     7
176
     1
 90
        5
176
     1
 90
        0
176
     1
 90
        0
176
     1
290
     0
176
     1
 90
        1
176
     1
 40
0.0
176
     1
 90
        0
176
     1
290
     0
176
     1
290
     1
176
     1
290
     1
176
     1
290
     0
176
     1
290
     0
176
     1
290
     0
176
     1
290
     0
176
     1
290
     0
176
     1
290
     0
176
     1
 90
       50
176
     1
 40
0.0
176
     1
 40
1.0
176
     1
 90
        0
176
     1
 62
    18
176
     1
 90
       50
176
     1
 90
        3
176
     1
 62
     5
420
      255
176
     1
290
     0
176
     1
 90
       50
176
     1
 90
       50
176
     1
 90
       50
176
     1
290
     0
176
     1
 90
       50
176
     1
 62
   256
176
     0
 40
1.0
176
     0
 90
        2
176
     1
  1
strokes_ogs.tif
176
     1
290
     0
176
     1
 40
1.0
176
     1
 40
1.0
176
     1
  0
VISUALSTYLE
  5
A5
102
{ACAD_REACTORS
330
99
102
}
330
99
100
AcDbVisualStyle
  2
Brighten
 70
    12
177
     3
291
     1
 70
    58
 90
        2
176
     1
 90
        2
176
     1
 90
        1
176
     1
 90
        0
176
     1
 40
0.6
176
     1
 40
30.0
176
     1
 62
     7
176
     1
 90
        1
176
     1
 90
        4
176
     1
 62
     7
176
     1
 62
   257
176
     1
 90
        1
176
     1
 90
        1
176
     1
 40
1.0
176
     1
 90
        8
176
     1
 62
     7
176
     1
 40
1.0
176
     1
 90
        1
176
     1
 90
        6
176
     1
 90
        2
176
     1
 62
     7
176
     1
 90
        5
176
     1
 90
        0
176
     1
 90
        0
176
     1
290
     0
176
     1
 90
        1
176
     1
 40
50.0
176
     1
 90
        0
176
     1
290
     0
176
     1
290
     1
176
     1
290
     1
176
     1
290
     0
176
     1
290
     0
176
     1
290
     0
176
     1
290
     0
176
     1
290
     0
176
     1
290
     0
176
     1
 90
       50
176
     1
 40
0.0
176
     1
 40
1.0
176
     1
 90
        0
176
     1
 62
    18
176
     1
 90
       50
176
     1
 90
        3
176
     1
 62
     5
420
      255
176
     1
290
     0
176
     1
 90
       50
176
     1
 90
       50
176
     1
 90
       50
176
     1
290
     0
176
     1
 90
       50
176
     1
 62
   256
176
     0
 40
1.0
176
     0
 90
        2
176
     1
  1
strokes_ogs.tif
176
     1
290
     0
176
     1
 40
1.0
176
     1
 40
1.0
176
     1
  0
VISUALSTYLE
  5
A9
102
{ACAD_REACTORS
330
99
102
}
330
99
100
AcDbVisualStyle
  2
ColorChange
 70
    16
177
     3
291
     1
 70
    58
 90
        2
176
     1
 90
        2
176
     1
 90
        3
176
     1
 90
        0
176
     1
 40
0.6
176
     1
 40
30.0
176
     1
 62
     8
176
     1
 90
        1
176
     1
 90
        4
176
     1
 62
     7
176
     1
 62
   257
176
     1
 90
        1
176
     1
 90
        1
176
     1
 40
1.0
176
     1
 90
        8
176
     1
 62
     8
176
     1
 40
1.0
176
     1
 90
        1
176
     1
 90
        6
176
     1
 90
        2
176
     1
 62
     7
176
     1
 90
        5
176
     1
 90
        0
176
     1
 90
        0
176
     1
290
     0
176
     1
 90
        1
176
     1
 40
0.0
176
     1
 90
        0
176
     1
290
     0
176
     1
290
     1
176
     1
290
     1
176
     1
290
     0
176
     1
290
     0
176
     1
290
     0
176
     1
290
     0
176
     1
290
     0
176
     1
290
     0
176
     1
 90
       50
176
     1
 40
0.0
176
     1
 40
1.0
176
     1
 90
        0
176
     1
 62
    18
176
     1
 90
       50
176
     1
 90
        3
176
     1
 62
     5
420
      255
176
     1
290
     0
176
     1
 90
       50
176
     1
 90
       50
176
     1
 90
       50
176
     1
290
     0
176
     1
 90
       50
176
     1
 62
   256
176
     0
 40
1.0
176
     0
 90
        2
176
     1
  1
strokes_ogs.tif
176
     1
290
     0
176
     1
 40
1.0
176
     1
 40
1.0
176
     1
  0
VISUALSTYLE
  5
A2
102
{ACAD_REACTORS
330
99
102
}
330
99
100
AcDbVisualStyle
  2
Conceptual
 70
     9
177
     3
291
     0
 70
    58
 90
        3
176
     1
 90
        2
176
     1
 90
        1
176
     1
 90
        0
176
     1
 40
0.6
176
     1
 40
30.0
176
     1
 62
     7
176
     1
 90
        2
176
     1
 90
        2
176
     1
 62
     7
176
     1
 62
   257
176
     1
 90
        1
176
     1
 90
        1
176
     1
 40
40.0
176
     1
 90
        8
176
     1
 62
     7
176
     1
 40
1.0
176
     1
 90
        1
176
     1
 90
        6
176
     1
 90
        2
176
     1
 62
     7
176
     1
 90
        3
176
     1
 90
        0
176
     1
 90
        0
176
     1
290
     0
176
     1
 90
        1
176
     1
 40
0.0
176
     1
 90
        0
176
     1
290
     0
176
     1
290
     1
176
     1
290
     1
176
     1
290
     0
176
     1
290
     0
176
     1
290
     0
176
     1
290
     0
176
     1
290
     0
176
     1
290
     0
176
     1
 90
       50
176
     1
 40
0.0
176
     1
 40
1.0
176
     1
 90
        0
176
     1
 62
    18
176
     1
 90
       50
176
     1
 90
        3
176
     1
 62
     5
420
      255
176
     1
290
     0
176
     1
 90
       50
176
     1
 90
       50
176
     1
 90
       50
176
     1
290
     0
176
     1
 90
       50
176
     1
 62
   256
176
     0
 40
1.0
176
     0
 90
        2
176
     1
  1
strokes_ogs.tif
176
     1
290
     0
176
     1
 40
1.0
176
     1
 40
1.0
176
     1
  0
VISUALSTYLE
  5
A4
102
{ACAD_REACTORS
330
99
102
}
330
99
100
AcDbVisualStyle
  2
Dim
 70
    11
177
     3
291
     1
 70
    58
 90
        2
176
     1
 90
        2
176
     1
 90
        1
176
     1
 90
        0
176
     1
 40
0.6
176
     1
 40
30.0
176
     1
 62
     7
176
     1
 90
        1
176
     1
 90
        4
176
     1
 62
     7
176
     1
 62
   257
176
     1
 90
        1
176
     1
 90
        1
176
     1
 40
1.0
176
     1
 90
        8
176
     1
 62
     7
176
     1
 40
1.0
176
     1
 90
        1
176
     1
 90
        6
176
     1
 90
        2
176
     1
 62
     7
176
     1
 90
        5
176
     1
 90
        0
176
     1
 90
        0
176
     1
290
     0
176
     1
 90
        1
176
     1
 40
-50.0
176
     1
 90
        0
176
     1
290
     0
176
     1
290
     1
176
     1
290
     1
176
     1
290
     0
176
     1
290
     0
176
     1
290
     0
176
     1
290
     0
176
     1
290
     0
176
     1
290
     0
176
     1
 90
       50
176
     1
 40
0.0
176
     1
 40
1.0
176
     1
 90
        0
176
     1
 62
    18
176
     1
 90
       50
176
     1
 90
        3
176
     1
 62
     5
420
      255
176
     1
290
     0
176
     1
 90
       50
176
     1
 90
       50
176
     1
 90
       50
176
     1
290
     0
176
     1
 90
       50
176
     1
 62
   256
176
     0
 40
1.0
176
     0
 90
        2
176
     1
  1
strokes_ogs.tif
176
     1
290
     0
176
     1
 40
1.0
176
     1
 40
1.0
176
     1
  0
VISUALSTYLE
  5
175
102
{ACAD_REACTORS
330
99
102
}
330
99
100
AcDbVisualStyle
  2
EdgeColorOff
 70
    22
177
     3
291
     1
 70
    58
 90
        2
176
     0
 90
        2
176
     0
 90
        0
176
     0
 90
        0
176
     0
 40
0.6
176
     0
 40
30.0
176
     0
 62
     7
176
     0
 90
        1
176
     0
 90
        4
176
     0
 62
     7
176
     0
 62
   257
176
     0
 90
        1
176
     0
 90
        1
176
     0
 40
1.0
176
     0
 90
        8
176
     2
 62
     7
176
     0
 40
1.0
176
     0
 90
        1
176
     0
 90
        6
176
     0
 90
        2
176
     0
 62
     7
176
     0
 90
        5
176
     0
 90
        0
176
     0
 90
        0
176
     0
290
     0
176
     0
 90
        1
176
     0
 40
0.0
176
     0
 90
        0
176
     0
290
     0
176
     1
290
     1
176
     1
290
     1
176
     1
290
     0
176
     1
290
     0
176
     1
290
     0
176
     1
290
     0
176
     1
290
     0
176
     1
290
     0
176
     1
 90
       50
176
     1
 40
0.0
176
     1
 40
1.0
176
     1
 90
        0
176
     1
 62
    18
176
     1
 90
       50
176
     1
 90
        3
176
     1
 62
     5
420
      255
176
     1
290
     0
176
     1
 90
       50
176
     1
 90
       50
176
     1
 90
       50
176
     1
290
     0
176
     1
 90
       50
176
     1
 62
   256
176
     0
 40
1.0
176
     0
 90
        2
176
     1
  1
strokes_ogs.tif
176
     1
290
     0
176
     1
 40
1.0
176
     1
 40
1.0
176
     1
  0
VISUALSTYLE
  5
A8
102
{ACAD_REACTORS
330
99
102
}
330
99
100
AcDbVisualStyle
  2
Facepattern
 70
    15
177
     3
291
     1
 70
    58
 90
        2
176
     1
 90
        2
176
     1
 90
        1
176
     1
 90
        0
176
     1
 40
0.6
176
     1
 40
30.0
176
     1
 62
     7
176
     1
 90
        1
176
     1
 90
        4
176
     1
 62
     7
176
     1
 62
   257
176
     1
 90
        1
176
     1
 90
        1
176
     1
 40
1.0
176
     1
 90
        8
176
     1
 62
     7
176
     1
 40
1.0
176
     1
 90
        1
176
     1
 90
        6
176
     1
 90
        2
176
     1
 62
     7
176
     1
 90
        5
176
     1
 90
        0
176
     1
 90
        0
176
     1
290
     0
176
     1
 90
        1
176
     1
 40
0.0
176
     1
 90
        0
176
     1
290
     0
176
     1
290
     1
176
     1
290
     1
176
     1
290
     0
176
     1
290
     0
176
     1
290
     0
176
     1
290
     0
176
     1
290
     0
176
     1
290
     0
176
     1
 90
       50
176
     1
 40
0.0
176
     1
 40
1.0
176
     1
 90
        0
176
     1
 62
    18
176
     1
 90
       50
176
     1
 90
        3
176
     1
 62
     5
420
      255
176
     1
290
     0
176
     1
 90
       50
176
     1
 90
       50
176
     1
 90
       50
176
     1
290
     0
176
     1
 90
       50
176
     1
 62
   256
176
     0
 40
1.0
176
     0
 90
        2
176
     1
  1
strokes_ogs.tif
176
     1
290
     0
176
     1
 40
1.0
176
     1
 40
1.0
176
     1
  0
VISUALSTYLE
  5
9A
102
{ACAD_REACTORS
330
99
102
}
330
99
100
AcDbVisualStyle
  2
Flat
 70
     0
177
     3
291
     1
 70
    58
 90
        2
176
     1
 90
        1
176
     1
 90
        1
176
     1
 90
        2
176
     1
 40
0.6
176
     1
 40
30.0
176
     1
 62
     7
176
     1
 90
        0
176
     1
 90
        0
176
     1
 62
     7
176
     1
 62
   257
176
     1
 90
        1
176
     1
 90
        1
176
     1
 40
1.0
176
     1
 90
        8
176
     1
 62
     7
176
     1
 40
1.0
176
     1
 90
        1
176
     1
 90
        6
176
     1
 90
        2
176
     1
 62
     7
176
     1
 90
        5
176
     1
 90
        0
176
     1
 90
        0
176
     1
290
     0
176
     1
 90
       13
176
     1
 40
0.0
176
     1
 90
        0
176
     1
290
     0
176
     1
290
     1
176
     1
290
     1
176
     1
290
     0
176
     1
290
     0
176
     1
290
     0
176
     1
290
     0
176
     1
290
     0
176
     1
290
     0
176
     1
 90
       50
176
     1
 40
0.0
176
     1
 40
1.0
176
     1
 90
        0
176
     1
 62
    18
176
     1
 90
       50
176
     1
 90
        3
176
     1
 62
     5
420
      255
176
     1
290
     0
176
     1
 90
       50
176
     1
 90
       50
176
     1
 90
       50
176
     1
290
     0
176
     1
 90
       50
176
     1
 62
   256
176
     0
 40
1.0
176
     0
 90
        2
176
     1
  1
strokes_ogs.tif
176
     1
290
     0
176
     1
 40
1.0
176
     1
 40
1.0
176
     1
  0
VISUALSTYLE
  5
9B
102
{ACAD_REACTORS
330
99
102
}
330
99
100
AcDbVisualStyle
  2
FlatWithEdges
 70
     1
177
     3
291
     1
 70
    58
 90
        2
176
     1
 90
        1
176
     1
 90
        1
176
     1
 90
        2
176
     1
 40
0.6
176
     1
 40
30.0
176
     1
 62
     7
176
     1
 90
        1
176
     1
 90
        0
176
     1
 62
     7
176
     1
 62
   257
176
     1
 90
        1
176
     1
 90
        1
176
     1
 40
1.0
176
     1
 90
        0
176
     1
 62
   257
176
     1
 40
1.0
176
     1
 90
        1
176
     1
 90
        6
176
     1
 90
        2
176
     1
 62
     7
176
     1
 90
        5
176
     1
 90
        0
176
     1
 90
        0
176
     1
290
     0
176
     1
 90
       13
176
     1
 40
0.0
176
     1
 90
        0
176
     1
290
     0
176
     1
290
     1
176
     1
290
     1
176
     1
290
     0
176
     1
290
     0
176
     1
290
     0
176
     1
290
     0
176
     1
290
     0
176
     1
290
     0
176
     1
 90
       50
176
     1
 40
0.0
176
     1
 40
1.0
176
     1
 90
        0
176
     1
 62
    18
176
     1
 90
       50
176
     1
 90
        3
176
     1
 62
     5
420
      255
176
     1
290
     0
176
     1
 90
       50
176
     1
 90
       50
176
     1
 90
       50
176
     1
290
     0
176
     1
 90
       50
176
     1
 62
   256
176
     0
 40
1.0
176
     0
 90
        2
176
     1
  1
strokes_ogs.tif
176
     1
290
     0
176
     1
 40
1.0
176
     1
 40
1.0
176
     1
  0
VISUALSTYLE
  5
9C
102
{ACAD_REACTORS
330
99
102
}
330
99
100
AcDbVisualStyle
  2
Gouraud
 70
     2
177
     3
291
     1
 70
    58
 90
        2
176
     1
 90
        2
176
     1
 90
        1
176
     1
 90
        2
176
     1
 40
0.6
176
     1
 40
30.0
176
     1
 62
     7
176
     1
 90
        0
176
     1
 90
        0
176
     1
 62
     7
176
     1
 62
   257
176
     1
 90
        1
176
     1
 90
        1
176
     1
 40
1.0
176
     1
 90
        0
176
     1
 62
     7
176
     1
 40
1.0
176
     1
 90
        1
176
     1
 90
        6
176
     1
 90
        2
176
     1
 62
     7
176
     1
 90
        5
176
     1
 90
        0
176
     1
 90
        0
176
     1
290
     0
176
     1
 90
       13
176
     1
 40
0.0
176
     1
 90
        0
176
     1
290
     0
176
     1
290
     1
176
     1
290
     1
176
     1
290
     0
176
     1
290
     0
176
     1
290
     0
176
     1
290
     0
176
     1
290
     0
176
     1
290
     0
176
     1
 90
       50
176
     1
 40
0.0
176
     1
 40
1.0
176
     1
 90
        0
176
     1
 62
    18
176
     1
 90
       50
176
     1
 90
        3
176
     1
 62
     5
420
      255
176
     1
290
     0
176
     1
 90
       50
176
     1
 90
       50
176
     1
 90
       50
176
     1
290
     0
176
     1
 90
       50
176
     1
 62
   256
176
     0
 40
1.0
176
     0
 90
        2
176
     1
  1
strokes_ogs.tif
176
     1
290
     0
176
     1
 40
1.0
176
     1
 40
1.0
176
     1
  0
VISUALSTYLE
  5
9D
102
{ACAD_REACTORS
330
99
102
}
330
99
100
AcDbVisualStyle
  2
GouraudWithEdges
 70
     3
177
     3
291
     1
 70
    58
 90
        2
176
     1
 90
        2
176
     1
 90
        1
176
     1
 90
        2
176
     1
 40
0.6
176
     1
 40
30.0
176
     1
 62
     7
176
     1
 90
        1
176
     1
 90
        0
176
     1
 62
     7
176
     1
 62
   257
176
     1
 90
        1
176
     1
 90
        1
176
     1
 40
1.0
176
     1
 90
        0
176
     1
 62
   257
176
     1
 40
1.0
176
     1
 90
        1
176
     1
 90
        6
176
     1
 90
        2
176
     1
 62
     7
176
     1
 90
        5
176
     1
 90
        0
176
     1
 90
        0
176
     1
290
     0
176
     1
 90
       13
176
     1
 40
0.0
176
     1
 90
        0
176
     1
290
     0
176
     1
290
     1
176
     1
290
     1
176
     1
290
     0
176
     1
290
     0
176
     1
290
     0
176
     1
290
     0
176
     1
290
     0
176
     1
290
     0
176
     1
 90
       50
176
     1
 40
0.0
176
     1
 40
1.0
176
     1
 90
        0
176
     1
 62
    18
176
     1
 90
       50
176
     1
 90
        3
176
     1
 62
     5
420
      255
176
     1
290
     0
176
     1
 90
       50
176
     1
 90
       50
176
     1
 90
       50
176
     1
290
     0
176
     1
 90
       50
176
     1
 62
   256
176
     0
 40
1.0
176
     0
 90
        2
176
     1
  1
strokes_ogs.tif
176
     1
290
     0
176
     1
 40
1.0
176
     1
 40
1.0
176
     1
  0
VISUALSTYLE
  5
A1
102
{ACAD_REACTORS
330
99
102
}
330
99
100
AcDbVisualStyle
  2
Hidden
 70
     6
177
     3
291
     0
 70
    58
 90
        1
176
     1
 90
        2
176
     1
 90
        2
176
     1
 90
        0
176
     1
 40
0.6
176
     1
 40
30.0
176
     1
 62
     7
176
     1
 90
        2
176
     1
 90
        2
176
     1
 62
     7
176
     1
 62
   257
176
     1
 90
        2
176
     1
 90
        1
176
     1
 40
40.0
176
     1
 90
        0
176
     1
 62
   257
176
     1
 40
1.0
176
     1
 90
        1
176
     1
 90
        6
176
     1
 90
        2
176
     1
 62
     7
176
     1
 90
        3
176
     1
 90
        0
176
     1
 90
        0
176
     1
290
     0
176
     1
 90
        1
176
     1
 40
0.0
176
     1
 90
        0
176
     1
290
     0
176
     1
290
     1
176
     1
290
     1
176
     1
290
     0
176
     1
290
     0
176
     1
290
     0
176
     1
290
     0
176
     1
290
     0
176
     1
290
     0
176
     1
 90
       50
176
     1
 40
0.0
176
     1
 40
1.0
176
     1
 90
        0
176
     1
 62
    18
176
     1
 90
       50
176
     1
 90
        3
176
     1
 62
     5
420
      255
176
     1
290
     0
176
     1
 90
       50
176
     1
 90
       50
176
     1
 90
       50
176
     1
290
     0
176
     1
 90
       50
176
     1
 62
   256
176
     0
 40
1.0
176
     0
 90
        2
176
     1
  1
strokes_ogs.tif
176
     1
290
     0
176
     1
 40
1.0
176
     1
 40
1.0
176
     1
  0
VISUALSTYLE
  5
173
102
{ACAD_REACTORS
330
99
102
}
330
99
100
AcDbVisualStyle
  2
JitterOff
 70
    20
177
     3
291
     1
 70
    58
 90
        2
176
     0
 90
        2
176
     0
 90
        0
176
     0
 90
        0
176
     0
 40
0.6
176
     0
 40
30.0
176
     0
 62
     7
176
     0
 90
        1
176
     0
 90
        4
176
     0
 62
     7
176
     0
 62
   257
176
     0
 90
        1
176
     0
 90
        1
176
     0
 40
1.0
176
     0
 90
       10
176
     2
 62
     7
176
     0
 40
1.0
176
     0
 90
        1
176
     0
 90
        6
176
     0
 90
        2
176
     0
 62
     7
176
     0
 90
        5
176
     0
 90
        0
176
     0
 90
        0
176
     0
290
     0
176
     0
 90
        1
176
     0
 40
0.0
176
     0
 90
        0
176
     0
290
     0
176
     1
290
     1
176
     1
290
     1
176
     1
290
     0
176
     1
290
     0
176
     1
290
     0
176
     1
290
     0
176
     1
290
     0
176
     1
290
     0
176
     1
 90
       50
176
     1
 40
0.0
176
     1
 40
1.0
176
     1
 90
        0
176
     1
 62
    18
176
     1
 90
       50
176
     1
 90
        3
176
     1
 62
     5
420
      255
176
     1
290
     0
176
     1
 90
       50
176
     1
 90
       50
176
     1
 90
       50
176
     1
290
     0
176
     1
 90
       50
176
     1
 62
   256
176
     0
 40
1.0
176
     0
 90
        2
176
     1
  1
strokes_ogs.tif
176
     1
290
     0
176
     1
 40
1.0
176
     1
 40
1.0
176
     1
  0
VISUALSTYLE
  5
A7
102
{ACAD_REACTORS
330
99
102
}
330
99
100
AcDbVisualStyle
  2
Linepattern
 70
    14
177
     3
291
     1
 70
    58
 90
        2
176
     1
 90
        2
176
     1
 90
        1
176
     1
 90
        0
176
     1
 40
0.6
176
     1
 40
30.0
176
     1
 62
     7
176
     1
 90
        1
176
     1
 90
        4
176
     1
 62
     7
176
     1
 62
   257
176
     1
 90
        7
176
     1
 90
        7
176
     1
 40
1.0
176
     1
 90
        8
176
     1
 62
     7
176
     1
 40
1.0
176
     1
 90
        1
176
     1
 90
        6
176
     1
 90
        2
176
     1
 62
     7
176
     1
 90
        5
176
     1
 90
        0
176
     1
 90
        0
176
     1
290
     0
176
     1
 90
        1
176
     1
 40
0.0
176
     1
 90
        0
176
     1
290
     0
176
     1
290
     1
176
     1
290
     1
176
     1
290
     0
176
     1
290
     0
176
     1
290
     0
176
     1
290
     0
176
     1
290
     0
176
     1
290
     0
176
     1
 90
       50
176
     1
 40
0.0
176
     1
 40
1.0
176
     1
 90
        0
176
     1
 62
    18
176
     1
 90
       50
176
     1
 90
        3
176
     1
 62
     5
420
      255
176
     1
290
     0
176
     1
 90
       50
176
     1
 90
       50
176
     1
 90
       50
176
     1
290
     0
176
     1
 90
       50
176
     1
 62
   256
176
     0
 40
1.0
176
     0
 90
        2
176
     1
  1
strokes_ogs.tif
176
     1
290
     0
176
     1
 40
1.0
176
     1
 40
1.0
176
     1
  0
VISUALSTYLE
  5
174
102
{ACAD_REACTORS
330
99
102
}
330
99
100
AcDbVisualStyle
  2
OverhangOff
 70
    21
177
     3
291
     1
 70
    58
 90
        2
176
     0
 90
        2
176
     0
 90
        0
176
     0
 90
        0
176
     0
 40
0.6
176
     0
 40
30.0
176
     0
 62
     7
176
     0
 90
        1
176
     0
 90
        4
176
     0
 62
     7
176
     0
 62
   257
176
     0
 90
        1
176
     0
 90
        1
176
     0
 40
1.0
176
     0
 90
        9
176
     2
 62
     7
176
     0
 40
1.0
176
     0
 90
        1
176
     0
 90
        6
176
     0
 90
        2
176
     0
 62
     7
176
     0
 90
        5
176
     0
 90
        0
176
     0
 90
        0
176
     0
290
     0
176
     0
 90
        1
176
     0
 40
0.0
176
     0
 90
        0
176
     0
290
     0
176
     1
290
     1
176
     1
290
     1
176
     1
290
     0
176
     1
290
     0
176
     1
290
     0
176
     1
290
     0
176
     1
290
     0
176
     1
290
     0
176
     1
 90
       50
176
     1
 40
0.0
176
     1
 40
1.0
176
     1
 90
        0
176
     1
 62
    18
176
     1
 90
       50
176
     1
 90
        3
176
     1
 62
     5
420
      255
176
     1
290
     0
176
     1
 90
       50
176
     1
 90
       50
176
     1
 90
       50
176
     1
290
     0
176
     1
 90
       50
176
     1
 62
   256
176
     0
 40
1.0
176
     0
 90
        2
176
     1
  1
strokes_ogs.tif
176
     1
290
     0
176
     1
 40
1.0
176
     1
 40
1.0
176
     1
  0
VISUALSTYLE
  5
A3
102
{ACAD_REACTORS
330
99
102
}
330
99
100
AcDbVisualStyle
  2
Realistic
 70
     8
177
     3
291
     0
 70
    58
 90
        2
176
     1
 90
        2
176
     1
 90
        0
176
     1
 90
        2
176
     1
 40
0.6
176
     1
 40
30.0
176
     1
 62
     7
176
     1
 90
        0
176
     1
 90
        0
176
     1
 62
     7
176
     1
 62
   257
176
     1
 90
        1
176
     1
 90
        1
176
     1
 40
1.0
176
     1
 90
        8
176
     1
 62
   257
176
     1
 40
1.0
176
     1
 90
        1
176
     1
 90
        6
176
     1
 90
        2
176
     1
 62
     7
176
     1
 90
        3
176
     1
 90
        0
176
     1
 90
        0
176
     1
290
     0
176
     1
 90
       13
176
     1
 40
0.0
176
     1
 90
        0
176
     1
290
     0
176
     1
290
     1
176
     1
290
     1
176
     1
290
     0
176
     1
290
     0
176
     1
290
     0
176
     1
290
     0
176
     1
290
     0
176
     1
290
     0
176
     1
 90
       50
176
     1
 40
0.0
176
     1
 40
1.0
176
     1
 90
        0
176
     1
 62
    18
176
     1
 90
       50
176
     1
 90
        3
176
     1
 62
     5
420
      255
176
     1
290
     0
176
     1
 90
       50
176
     1
 90
       50
176
     1
 90
       50
176
     1
290
     0
176
     1
 90
       50
176
     1
 62
   256
176
     0
 40
1.0
176
     0
 90
        2
176
     1
  1
strokes_ogs.tif
176
     1
290
     0
176
     1
 40
1.0
176
     1
 40
1.0
176
     1
  0
VISUALSTYLE
  5
182
102
{ACAD_REACTORS
330
99
102
}
330
99
100
AcDbVisualStyle
  2
Shaded
 70
    27
177
     3
291
     0
 70
    58
 90
        2
176
     1
 90
        2
176
     1
 90
        1
176
     1
 90
        2
176
     1
 40
0.6
176
     1
 40
30.0
176
     1
 62
     7
176
     1
 90
        0
176
     1
 90
        4
176
     1
 62
     7
176
     1
 62
   257
176
     1
 90
        1
176
     1
 90
        1
176
     1
 40
1.0
176
     1
 90
        8
176
     1
 62
   257
176
     1
 40
1.0
176
     1
 90
        1
176
     1
 90
        6
176
     1
 90
        2
176
     1
 62
     8
176
     1
 90
        3
176
     1
 90
        0
176
     1
 90
        0
176
     1
290
     0
176
     1
 90
        5
176
     1
 40
0.0
176
     1
 90
        0
176
     1
290
     0
176
     1
290
     1
176
     1
290
     1
176
     1
290
     0
176
     1
290
     0
176
     1
290
     0
176
     1
290
     0
176
     1
290
     0
176
     1
290
     0
176
     1
 90
       50
176
     1
 40
0.0
176
     1
 40
1.0
176
     1
 90
        0
176
     1
 62
    18
176
     1
 90
       50
176
     1
 90
        3
176
     1
 62
     5
420
      255
176
     1
290
     0
176
     1
 90
       50
176
     1
 90
       50
176
     1
 90
       50
176
     1
290
     0
176
     1
 90
       50
176
     1
 62
   256
176
     0
 40
1.0
176
     0
 90
        2
176
     1
  1
strokes_ogs.tif
176
     1
290
     0
176
     1
 40
1.0
176
     1
 40
1.0
176
     1
  0
VISUALSTYLE
  5
181
102
{ACAD_REACTORS
330
99
102
}
330
99
100
AcDbVisualStyle
  2
Shaded with edges
 70
    26
177
     3
291
     0
 70
    58
 90
        2
176
     1
 90
        2
176
     1
 90
        1
176
     1
 90
        2
176
     1
 40
0.6
176
     1
 40
30.0
176
     1
 62
     7
176
     1
 90
        1
176
     1
 90
        2
176
     1
 62
     7
176
     1
 62
   257
176
     1
 90
        2
176
     1
 90
        1
176
     1
 40
1.0
176
     1
 90
        8
176
     1
 62
   257
176
     1
 40
1.0
176
     1
 90
        1
176
     1
 90
        6
176
     1
 90
        2
176
     1
 62
     7
176
     1
 90
        3
176
     1
 90
        0
176
     1
 90
        0
176
     1
290
     0
176
     1
 90
        5
176
     1
 40
0.0
176
     1
 90
        0
176
     1
290
     0
176
     1
290
     1
176
     1
290
     1
176
     1
290
     0
176
     1
290
     0
176
     1
290
     0
176
     1
290
     0
176
     1
290
     0
176
     1
290
     0
176
     1
 90
       50
176
     1
 40
0.0
176
     1
 40
1.0
176
     1
 90
        0
176
     1
 62
    18
176
     1
 90
       50
176
     1
 90
        3
176
     1
 62
     5
420
      255
176
     1
290
     0
176
     1
 90
       50
176
     1
 90
       50
176
     1
 90
       50
176
     1
290
     0
176
     1
 90
       50
176
     1
 62
   256
176
     0
 40
1.0
176
     0
 90
        2
176
     1
  1
strokes_ogs.tif
176
     1
290
     0
176
     1
 40
1.0
176
     1
 40
1.0
176
     1
  0
VISUALSTYLE
  5
17E
102
{ACAD_REACTORS
330
99
102
}
330
99
100
AcDbVisualStyle
  2
Shades of Gray
 70
    23
177
     3
291
     0
 70
    58
 90
        2
176
     1
 90
        2
176
     1
 90
        3
176
     1
 90
        0
176
     1
 40
0.6
176
     1
 40
30.0
176
     1
 62
     7
176
     1
 90
        2
176
     1
 90
        2
176
     1
 62
     7
176
     1
 62
     7
176
     1
 90
        1
176
     1
 90
        1
176
     1
 40
40.0
176
     1
 90
        8
176
     1
 62
     7
176
     1
 40
1.0
176
     1
 90
        1
176
     1
 90
        6
176
     1
 90
        2
176
     1
 62
     7
176
     1
 90
        3
176
     1
 90
        0
176
     1
 90
        0
176
     1
290
     0
176
     1
 90
        1
176
     1
 40
0.0
176
     1
 90
        0
176
     1
290
     0
176
     1
290
     1
176
     1
290
     1
176
     1
290
     0
176
     1
290
     0
176
     1
290
     0
176
     1
290
     0
176
     1
290
     0
176
     1
290
     0
176
     1
 90
       50
176
     1
 40
0.0
176
     1
 40
1.0
176
     1
 90
        0
176
     1
 62
    18
176
     1
 90
       50
176
     1
 90
        3
176
     1
 62
     5
420
      255
176
     1
290
     0
176
     1
 90
       50
176
     1
 90
       50
176
     1
 90
       50
176
     1
290
     0
176
     1
 90
       50
176
     1
 62
   256
176
     0
 40
1.0
176
     0
 90
        2
176
     1
  1
strokes_ogs.tif
176
     1
290
     0
176
     1
 40
1.0
176
     1
 40
1.0
176
     1
  0
VISUALSTYLE
  5
17F
102
{ACAD_REACTORS
330
99
102
}
330
99
100
AcDbVisualStyle
  2
Sketchy
 70
    24
177
     3
291
     0
 70
    58
 90
        1
176
     1
 90
        2
176
     1
 90
        2
176
     1
 90
        0
176
     1
 40
0.6
176
     1
 40
30.0
176
     1
 62
     7
176
     1
 90
        2
176
     1
 90
        2
176
     1
 62
     7
176
     1
 62
     7
176
     1
 90
        1
176
     1
 90
        1
176
     1
 40
40.0
176
     1
 90
       11
176
     1
 62
     7
176
     1
 40
1.0
176
     1
 90
        1
176
     1
 90
        6
176
     1
 90
        2
176
     1
 62
     7
176
     1
 90
        6
176
     1
 90
        0
176
     1
 90
        0
176
     1
290
     0
176
     1
 90
        1
176
     1
 40
0.0
176
     1
 90
        0
176
     1
290
     0
176
     1
290
     1
176
     1
290
     1
176
     1
290
     0
176
     1
290
     0
176
     1
290
     0
176
     1
290
     0
176
     1
290
     0
176
     1
290
     0
176
     1
 90
       50
176
     1
 40
0.0
176
     1
 40
1.0
176
     1
 90
        0
176
     1
 62
    18
176
     1
 90
       50
176
     1
 90
        3
176
     1
 62
     5
420
      255
176
     1
290
     0
176
     1
 90
       50
176
     1
 90
       50
176
     1
 90
       50
176
     1
290
     0
176
     1
 90
       50
176
     1
 62
   256
176
     0
 40
1.0
176
     0
 90
        2
176
     1
  1
strokes_ogs.tif
176
     1
290
     0
176
     1
 40
1.0
176
     1
 40
1.0
176
     1
  0
VISUALSTYLE
  5
A6
102
{ACAD_REACTORS
330
99
102
}
330
99
100
AcDbVisualStyle
  2
Thicken
 70
    13
177
     3
291
     1
 70
    58
 90
        2
176
     1
 90
        2
176
     1
 90
        1
176
     1
 90
        0
176
     1
 40
0.6
176
     1
 40
30.0
176
     1
 62
     7
176
     1
 90
        1
176
     1
 90
        4
176
     1
 62
     7
176
     1
 62
   257
176
     1
 90
        1
176
     1
 90
        1
176
     1
 40
1.0
176
     1
 90
       12
176
     1
 62
     7
176
     1
 40
1.0
176
     1
 90
        1
176
     1
 90
        6
176
     1
 90
        2
176
     1
 62
     7
176
     1
 90
        5
176
     1
 90
        0
176
     1
 90
        0
176
     1
290
     0
176
     1
 90
        1
176
     1
 40
0.0
176
     1
 90
        0
176
     1
290
     0
176
     1
290
     1
176
     1
290
     1
176
     1
290
     0
176
     1
290
     0
176
     1
290
     0
176
     1
290
     0
176
     1
290
     0
176
     1
290
     0
176
     1
 90
       50
176
     1
 40
0.0
176
     1
 40
1.0
176
     1
 90
        0
176
     1
 62
    18
176
     1
 90
       50
176
     1
 90
        3
176
     1
 62
     5
420
      255
176
     1
290
     0
176
     1
 90
       50
176
     1
 90
       50
176
     1
 90
       50
176
     1
290
     0
176
     1
 90
       50
176
     1
 62
   256
176
     0
 40
1.0
176
     0
 90
        2
176
     1
  1
strokes_ogs.tif
176
     1
290
     0
176
     1
 40
1.0
176
     1
 40
1.0
176
     1
  0
VISUALSTYLE
  5
A0
102
{ACAD_REACTORS
330
99
102
}
330
99
100
AcDbVisualStyle
  2
Wireframe
 70
     5
177
     3
291
     0
 70
    58
 90
        0
176
     1
 90
        2
176
     1
 90
        0
176
     1
 90
        0
176
     1
 40
0.6
176
     1
 40
30.0
176
     1
 62
     7
176
     1
 90
        1
176
     1
 90
        4
176
     1
 62
     7
176
     1
 62
   257
176
     1
 90
        1
176
     1
 90
        1
176
     1
 40
1.0
176
     1
 90
        0
176
     1
 62
   257
176
     1
 40
1.0
176
     1
 90
        1
176
     1
 90
        6
176
     1
 90
        2
176
     1
 62
     7
176
     1
 90
        3
176
     1
 90
        0
176
     1
 90
        0
176
     1
290
     0
176
     1
 90
        1
176
     1
 40
0.0
176
     1
 90
        0
176
     1
290
     0
176
     1
290
     1
176
     1
290
     1
176
     1
290
     0
176
     1
290
     0
176
     1
290
     0
176
     1
290
     0
176
     1
290
     0
176
     1
290
     0
176
     1
 90
       50
176
     1
 40
0.0
176
     1
 40
1.0
176
     1
 90
        0
176
     1
 62
    18
176
     1
 90
       50
176
     1
 90
        3
176
     1
 62
     5
420
      255
176
     1
290
     0
176
     1
 90
       50
176
     1
 90
       50
176
     1
 90
       50
176
     1
290
     0
176
     1
 90
       50
176
     1
 62
   256
176
     0
 40
1.0
176
     0
 90
        2
176
     1
  1
strokes_ogs.tif
176
     1
290
     0
176
     1
 40
1.0
176
     1
 40
1.0
176
     1
  0
VISUALSTYLE
  5
180
102
{ACAD_REACTORS
330
99
102
}
330
99
100
AcDbVisualStyle
  2
X-Ray
 70
    25
177
     3
291
     0
 70
    58
 90
        2
176
     1
 90
        2
176
     1
 90
        1
176
     1
 90
        1
176
     1
 40
0.5
176
     1
 40
30.0
176
     1
 62
     7
176
     1
 90
        1
176
     1
 90
        0
176
     1
 62
     7
176
     1
 62
   257
176
     1
 90
        1
176
     1
 90
        1
176
     1
 40
1.0
176
     1
 90
        8
176
     1
 62
     7
176
     1
 40
1.0
176
     1
 90
        1
176
     1
 90
        6
176
     1
 90
        2
176
     1
 62
     7
176
     1
 90
        3
176
     1
 90
        0
176
     1
 90
        0
176
     1
290
     0
176
     1
 90
       13
176
     1
 40
0.0
176
     1
 90
        0
176
     1
290
     0
176
     1
290
     1
176
     1
290
     1
176
     1
290
     0
176
     1
290
     0
176
     1
290
     0
176
     1
290
     0
176
     1
290
     0
176
     1
290
     0
176
     1
 90
       50
176
     1
 40
0.0
176
     1
 40
1.0
176
     1
 90
        0
176
     1
 62
    18
176
     1
 90
       50
176
     1
 90
        3
176
     1
 62
     5
420
      255
176
     1
290
     0
176
     1
 90
       50
176
     1
 90
       50
176
     1
 90
       50
176
     1
290
     0
176
     1
 90
       50
176
     1
 62
   256
176
     0
 40
1.0
176
     0
 90
        2
176
     1
  1
strokes_ogs.tif
176
     1
290
     0
176
     1
 40
1.0
176
     1
 40
1.0
176
     1
  0
DICTIONARYVAR
  5
F0
102
{ACAD_REACTORS
330
66
102
}
330
66
100
DictionaryVariables
280
     0
  1
1:1
  0
DICTIONARYVAR
  5
EF
102
{ACAD_REACTORS
330
66
102
}
330
66
100
DictionaryVariables
280
     0
  1
STANDARD
  0
DICTIONARYVAR
  5
89
102
{ACAD_REACTORS
330
66
102
}
330
66
100
DictionaryVariables
280
     0
  1
STANDARD
  0
DICTIONARYVAR
  5
1B7
102
{ACAD_REACTORS
330
66
102
}
330
66
100
DictionaryVariables
280
     0
  1
Imperial24
  0
DICTIONARYVAR
  5
1B8
102
{ACAD_REACTORS
330
66
102
}
330
66
100
DictionaryVariables
280
     0
  1
Imperial24
  0
DICTIONARYVAR
  5
67
102
{ACAD_REACTORS
330
66
102
}
330
66
100
DictionaryVariables
280
     0
  1
2
  0
DICTIONARYVAR
  5
6B
102
{ACAD_REACTORS
330
66
102
}
330
66
100
DictionaryVariables
280
     0
  1
1
  0
DICTIONARYVAR
  5
1DAB
102
{ACAD_REACTORS
330
66
102
}
330
66
100
DictionaryVariables
280
     0
  1
0
  0
DICTIONARYVAR
  5
14D
102
{ACAD_REACTORS
330
66
102
}
330
66
100
DictionaryVariables
280
     0
  1
0
  0
DICTIONARYVAR
  5
14E
102
{ACAD_REACTORS
330
66
102
}
330
66
100
DictionaryVariables
280
     0
  1
0
  0
DICTIONARYVAR
  5
1DA9
102
{ACAD_REACTORS
330
66
102
}
330
66
100
DictionaryVariables
280
     0
  1
2
  0
DICTIONARYVAR
  5
1DA8
102
{ACAD_REACTORS
330
66
102
}
330
66
100
DictionaryVariables
280
     0
  1
1
  0
DICTIONARYVAR
  5
1DAA
102
{ACAD_REACTORS
330
66
102
}
330
66
100
DictionaryVariables
280
     0
  1
127
  0
DICTIONARYVAR
  5
1DAC
102
{ACAD_REACTORS
330
66
102
}
330
66
100
DictionaryVariables
280
     0
  1
100.000000
  0
XRECORD
  5
1F64C
102
{ACAD_REACTORS
330
21B
102
}
330
21B
100
AcDbXrecord
280
     1
1000
ADE02C001
1070
     1
1070
     0
1002
{
1002
}
1002
{
1002
}
1002
{
1002
}
1000

  0
XRECORD
  5
220
102
{ACAD_REACTORS
330
21E
102
}
330
21E
100
AcDbXrecord
280
     1
330
1EABD
330
1EAA1
330
1EAA2
330
1EAA5
330
1EAA6
330
1EAEC
330
1EAED
330
1EAEE
330
1EB12
330
1EB13
330
1EB04
330
1EE4D
330
1EA9A
  0
DMSTYLIZEDENTITIESTABLE
  5
215
102
{ACAD_REACTORS
330
204
102
}
330
204
100
AcMapDMStylizedEntitiesTable
 70
     1
  0
MAPRESOURCEMANAGEROBJECT
  5
1F637
102
{ACAD_REACTORS
330
204
102
}
330
204
100
AcMapResourceManager
 70
     1
 90
        0
  0
DATATABLE
  5
208
102
{ACAD_REACTORS
330
204
102
}
330
204
100
AcDbDataTable
 70
     2
 90
        4
 91
       15
  1

 92
        3
  2
OriginalClassName
  3
AcMapDMDefaultStyle
  3
AcMapDMEntityStyle
  3
AcMapDMRasterStyle
  3
AcMapDMSEAnnotationStyle
  3
AcMapDMSEHatchStyle
  3
AcMapDMSETextStyle
  3
AcMapDMThematicStyle
  3
AcMapDMBaseElement
  3
AcMapDMAttachedDwgsQueryElement
  3
AcMapDMFeatureElement
  3
AcMapDMLayerElement
  3
AcMapDMCurrentDwgQueryElement
  3
AcMapDMRasterElement
  3
AcMapDMTopoElement
  3
AcMapDMTopoQueryElement
 92
        3
  2
ProxyDisplayName
  3
Default
  3
Entity
  3
Raster
  3
Annotation
  3
Hatch
  3
Text
  3
Thematic
  3
Map Base
  3
Ade Query
  3
Feature Class
  3
Layer
  3
Ade Project Query
  3
Raster
  3
Topology
  3
Topology Query
 92
        1
  2
CustomObjectType
 93
        2
 93
        2
 93
        2
 93
        2
 93
        2
 93
        2
 93
        2
 93
        1
 93
        1
 93
        1
 93
        1
 93
        1
 93
        1
 93
        1
 93
        1
 92
        1
  2
StyleCoExistanceType
 93
        1
 93
        1
 93
        1
 93
        1
 93
        1
 93
        1
 93
        2
 93
        0
 93
        0
 93
        0
 93
        0
 93
        0
 93
        0
 93
        0
 93
        0
  0
DMMAPMANAGER
  5
205
102
{ACAD_REACTORS
330
204
102
}
330
204
100
AcDbDictionary
281
     1
  3
DisplayMap1
350
20B
100
AcDbDictionaryWithDefault
340
20B
100
AcMapDMMapManager
 70
     1
340
20B
  0
DMSTYLELIBRARY
  5
206
102
{ACAD_REACTORS
330
204
102
}
330
204
100
AcMapDMStyleLibrary
 70
     1
 70
     1
360
207
  0
DICTIONARY
  5
216
102
{ACAD_REACTORS
330
204
102
}
330
204
100
AcDbDictionary
281
     1
  0
DICTIONARY
  5
194
330
22
100
AcDbDictionary
280
     1
281
     1
  0
DICTIONARY
  5
188
330
97
100
AcDbDictionary
280
     1
281
     1
  3
FBXASSET
360
189
  0
DICTIONARY
  5
186
330
96
100
AcDbDictionary
280
     1
281
     1
  3
FBXASSET
360
187
  0
DICTIONARY
  5
110
330
98
100
AcDbDictionary
280
     1
281
     1
  3
BUMPTILE
360
112
  3
DIFFUSETILE
360
111
  3
FBXASSET
360
18A
  3
OPACITYTILE
360
113
  3
REFLECTIONTILE
360
114
  0
DICTIONARY
  5
1D57
330
20D
100
AcDbDictionary
280
     1
281
     1
  3
ACAD_ROUNDTRIP_2008_TABLESTYLE_CELLSTYLEMAP
360
1F64E
  0
DICTIONARY
  5
104
330
87
100
AcDbDictionary
280
     1
281
     1
  3
ACAD_ROUNDTRIP_2008_TABLESTYLE_CELLSTYLEMAP
360
1F64D
  0
DMMAP
  5
20B
102
{ACAD_REACTORS
330
205
330
20E
102
}
330
205
100
AcMapDMMap
 70
     1
  1
기본값
 70
     1
330
0
100
AcMapDMMap
 70
     1
 90
        1
360
20E
 90
        1
 40
1.797693134862314E+99
 70
     1
100
AcMapDMMap
 70
     6
 70
     0
 40
1.797693134862314E+99
290
     1
290
     1
 40
1.0
 40
3.0
  1
Legend
 90
        1
 40
1.797693134862314E+99
  1

 70
     0
 40
1.0
 70
     1
 90
        0
 90
        1
360
20F
 40
1033.897357934418
290
     0
290
     1
 40
1.0
 90
       40
290
     0
290
     1
 40
194966.6190862272
 40
493155.9307481631
 40
196196.873661617
 40
493844.2981731072
  1

290
     1
 40
45.0
 40
45.0
1001
MapManagementAppName
1070
     1
1070
     0
1040
0.0
1040
0.0
1040
1000.0
1040
1000.0
1000

  0
DMSTYLECATEGORY
  5
207
102
{ACAD_REACTORS
330
206
102
}
330
206
100
AcMapDMStyleCategory
 70
     1
  1
화면표시 스타일
 70
     0
  0
XRECORD
  5
189
102
{ACAD_REACTORS
330
188
102
}
330
188
100
AcDbXrecord
280
     1
 70
     1
 90
429727718
  1
508B35C9-AEE7-456F-BE74-D52651303AC6
310
504B03040A0000080000B670623B3DEE336E79000000790000001B0000006175746F6465736B2D64657369676E2D7061636B6167652E786D6C3C3F786D6C2076657273696F6E3D22312E302220656E636F64696E673D227574662D3822203F3E3C666F726D6174733E3C666F726D61743E687474703A2F2F736368656D612E
310
6175746F6465736B2E636F6D2F64657369676E2D7061636B6167652F323030393C2F666F726D61743E3C2F666F726D6174733E504B0304140006080800B670623BD486FD9CA0000000F4000000130000005B436F6E74656E745F54797065735D2E786D6C7D8EC10E82300C865F65E91D8A1E8C310C0EEA1BF002731658846E
310
D98AC1B77784ABF1D8FE5FBFBF75BBCE937A534CCEB38643598122B6FEE978D0B0485F9C41B54DDD7D022595594E1A469170414C76A4D9A4D207E29CF43ECE46F218070CC6BECC4078ACAA135ACF422C856C0E68EA1BF5669944DDD7BCDE7B1F8E415D77AECB980613C2E4AC91FC167A2B244592486606FC29C8FD7F045B9A
310
EF7053A7E60B504B0304140006080800B670623B28ED286BEB0000007C01000008000000636F72652E786D6C8D90416EC3201045AF82665B6183218D6D61A254764FD00B204C5C94182C03558F5F9C3852BBEB6A467FFE9B197D71FA9E6FE8CBACC17AD7012D0820E3B41FAD9B3A48F1826B40272956EFE32F1B20A766D3C1
310
268314D3EAD3B24BDABB685CCCAAF3A3D94515828980F42D371D04FD696655A814B3235C8B45E9AB9A4C419F5D8653B2237A1CB163DE672FD6AC209BF3C08E0D1B30EB19C3FC9D72FCC6EB231EFA33EDE96BDD341517E5064B11EDFCBCAF57A3A2194156843498524CAA0FCA5B7268F9E185D42D21A2DCEC7FA0B48CFF8492
310
759155FBBB0F2C80A4F991FB408A72CB22977B50B96EB9C91F504B0304140006080800B670623B55019EA25F0000007C00000007000000636E782E786D6C4DCB3B0E80201045D1AD90E915ED2CF8AC45050C11660C8261F98AB1B07AC9C97D42D718D865D3E909258CFD00CCE24AC6E326A164D74DC0B4128928FF32603847
310
2BA13128B1252AC747C6BAB984FC68F0B87FE8960A5C09FE86CFB69FBA01504B0304140006080800B670623B7BC41AC871010000D40300000C0000006662782F636F72652E786D6CC553ED6E8320147D15C2DF4501B56B6D90A64BBB27D80B50A5CE54C120983EFEAE1F4DD7A56BBA5FF3879273EEE59E7310BE393735EA95
310
ED2AA333CC428A91D2B9292A5D66D8BB63B0C26823B835C67D2BC348CB46657880B1E0A535BE9DA1DC68A7B403549B42CDA0EC3AE530CA6B5864B8CB3F552343E91D5474A7B095F949962A6421D0502778E72C0840D390E18DC5F170E664C205F7BE2A66B62A605A75AC94C522DDEEE3651AEF837817C741F2CE92E02D592D
310
83FD6ECB76EC7595A651C2C9D02CB8AB9A8BBADC2AE954814544691A3016D0E883256BBA58278B17BA5A53CAC9507ED3E4DBE2C9265F691747B3DCA9ADC382819091F8E1162272A8933DE82182932144F88C09DF060D8140C84E1EEA8B8F1340BDCA9DB1093085F157AA97B557309586747CD0EF0B4EA64E983A6E0EAEEFCE
310
889E9EF17847386AA94B30211D2C0FDE0D3AF9A4610EAD5536E8DD1969631B593F67E381C33F5157F17725E5A636F6BF1491F980C8FC7B90E13E8A2F504B0304140006080800B670623B70102A487D0000009D0000000B0000006662782F636E782E786D6C4DCCD10A83201886E15B91FFDC95A5C30335ACCDFB886521330D
310
A76397BF1A1DECE883878F57749FD5A3B74D2F17830472A901D9F088930B8B849267CC01754AA418F3DF0D5018572BE160506249B16C274D761E8BCFBB7A179E27F65CB39A0F14D396184C9921B81F34C3ACA1B4B99ABB6E6F062A25AA5F69DF23ACBE504B0304140006080800B670623B3610CA3329010000120200003100
310
00006662782F42384135303843342D343331462D343546312D424341352D3532343432364645413344462F636F72652E786D6C8D515B6EC32010BC0AE22B55850D0E446E848992B43E412FE000495162B07854397EA176A4F62F3F2C9A9D991D58BEBB8F37F0AD7D30CE76905418026DA553C65E3A98E219B510EC04F7CEC5
310
3F3408EC30EA0E16180A7EF12E4D0B249D8DDAC68C5AA7F4020E21E80881BCE54B0783FCD2E3500D296646B856D320AFC34557A4CAEDCC133C449F0380794839A138B47B86DB2345744D7A44594FD0E1B867883594369BFE63BF7EEF793D0B054FC9A8456E548E63CE46FB674D8A58F068C6477CE9F510B582A2C1F80D1182
310
70F349E816B32D65AFB8DD62CCEB42FF274A937A52948C8DEB66893BCB021484D7734370E5D2E9F608A3EF93F3119479ABA0E50B14B8C298119A43CCC4FCFCECB8A18B6388CEE7EF5D5D4F994BD86CBBA182D76543B9FCAE2FD7B24DF103504B0304140006080800B670623B1B8617914E0100003303000030000000666278
310
2F42384135303843342D343331462D343546312D424341352D3532343432364645413344462F636E782E786D6CD593C16EC32010447F0571AD6CE3D489D20813A9877E410FBD62D82434182CC055F3F75D1292E692438FBD206B7698593D61BEFD1E2DF982108D773D6D6B460938E5B571FB9ECE6957AD29D90A1EBC4F7736
310
4A9C1CA1A759A682EF839FA72269D8C9D92654AD71C72206887E0E0A22CAF926B15E498B01E0AA19451807D01A34B919F16B070157417138917400F2F6FA41FCF0092A45DEE414C19BDC21783E4BD39D891265658C3D8DEA00A3ACE59CBC8678ACB54CB26EEB6BD7839D7E9348BE70AD9C8321B9BCA7F9A4A26C542347DEE0
310
50F09802D22BA6749A800A394DD62899107273365E3C82CFC6A55557BC06C10774B7ABE7AEC3B0F34CF06446280E154026D0542C187BA9DAB6628BF7B6DBB0E5A65B3EB1F58631DE64BBE083F7B65CC218087E22CABB042E51D1F2268F1FE12B3EA24D40D63E9CFE00120194D60B9D5BC67FE6D39CDF37E20AF817881F504B
310
0304140006080800B670623BBFEF2E3B690500003C100000340000006662782F42384135303843342D343331462D343546312D424341352D3532343432364645413344462F6F626A656374732E786D6CAD575D739B3814FD2B0CFB0C98D84E931D4227B6938EA793B6534F3BFB90198F0099B001899144EAECAFDF231018B0
310
D37A3FFC609090EEE7B94757C1FB7D915B2F54C88CB31BDB7727B64559CC938CA53776A576CE956DBD0F03C1B9EA2DB32D460A7A63EB693B0C52C1ABD24C257447AA5C8D66EF177F5832A68CDA569C13296F6C193FD182B8A4523CA1F2D94D88226EBADBBBBEDB2C1C8A4D05299F46424B222853B014F30C52ACC6287F389C
310
D85E1878FA7B18E87FB36AFAF62AAFF667A83F635211161F291B8999FAB3D5DDC5FCDA99CF6653677679E13B8BFBC5CAF1DF4D27CBCBE5F2FAF6EE1A8AA51290642C117467871F101B91C581D77CEA2C36869F3229E68CD1B8F61F1ED6361B89092D294B90C78C4A68EB793D190E7D1D9BDEE7A91E1B95FDE9F3BCEAEFE809
310
6A6D6F9F7D4B79F4275C90E7A04248AA51D5C4C738DAE06F72885AC4796EBE65D22A88A22223B995679120E2D50EB1542F098381188D4EA111AE3DB043FF20AF6F2B4AE3D7D83D65E5AECA730D4D3BAC91BD05FEA992B565D95F549CD6069B90AB2A63EACA38A45E4B6A87D781574F86817E4C2FCCC72690D62E2729520E37
310
9BAF234797BAF6D62B3BFC781FED37BA1E4F2B2F052FA9501A3E80569BB8F6A9A364D4FA67654E6F803383981F82F21591FF84F23D9882BC896C3FDBCF8C162508933B2E0AE4C69DD43F6BD2BE38DDDBF10BF86CB4FA784D37F3AF16075E67EC9030DECA1FC0A55373F5DFF3378C591FA9BDF485C10B0A8C8BA909E5262639
310
A8E72163488806A595734C81CB77D1DE0ED7604A303B76913CEC0272F412782FF88EFF4636D8AA56DF7B322474C4B767303F625997056C7B032C473C592B36CEBD15F3F9FF5233B7ABCDC74D257624A60F8658567497B14CE1EC3C80B76FD02011038F9EE9EB0F2E12387A9C844D3F09855125116D1D731DF8B43D2CF4E0A0
310
79A020C6BE946BCE0B7EA1E1219331CD73C228AF5A2DDD31A4B1DA918CE91350854D40A71723140BFA92E94E62B0626016CEFA5864A50E5977E8753CEDBEE1CBB7F52780D20E17AF0BA0F5F9B02A3AD07DCC732EB6D1EBB661421BE0C39E21BABF0FE16D22EA6929407C8DE596724C88B749B6DB5512BC7B228ADFD7CB7EA6
310
3A22397E690BA8D5D8D4E40CEC8CDA23C2C0B7D5898640101CEC9C6D331CE328CB93CAFBBAC70A642DF70DF95155945B52F08AA973C23469FD69ADEF84F7BB18F983A8F8C90E37F5D35980B2139A1C523540813E824EF83448CF7C72B598CE97D7CEEDDDDD3B6736BFBC771677EF66CE6A7E7139F7A793E9EDF2B2B3A8B624
310
0CDA13AA5F8388264EC4A0129909F3B7F5A16CEDF08128E97D680ACA4B9BE7B7B58BB638F0B00700EF36AE8B32A705658A68F83EE897FC2B41573190D1CCAF0B92D233A47CFEB019D9809933F67DD1A5467F8CF69AD9A5AE859342D45355448C64F968A371DC2D596ADC6E43D93D1B466F877A64E2893E54F23C4B40388995
310
525E5005DA3983ED45412510D3EFCA13737B3863F74BD30F2A12E5B4B5E489A025CE25500DB855B11ACE5BBFA185D35DD48D8DC3CE7DC69F2944DB42AA6F6CF09BCA622ADD08C7A36E7C6AE18000BAB08E040135C2D21C9D75B3A91B77BB746C403F38018DFE6EC939DD92F16B40BC05294B9CDA035AAD6D330AE27FE4786B
310
8E45145EA34A75BE1C263A676A35A8ACC6297337400BF16C54EF515F3F77CB77EB3583889C754FFA29081AA98E2222ADEF05DA3E63D2EDEA8B8756C05A7FB6CABC4A91CBF325398202CC952E70A008A830324BA200D5E5EF8F5F04C75DB4B0EE3340E071C98B823333B83577596BF3849B69F2085AA0FAFA212F26BEFF5877
310
FDE622B28D88A42E49E43326DA82D31E8CB006401E1DA726059ECEC168F97A6599036306A135688F9AD2E61A6EA178F4CD51974A9F2CCB9F36FE5EBD14601068D9C3BF01504B0304140006080000B670623B000000000000000000000000350000006662782F42384135303843342D343331462D343546312D424341352D35
310
32343432364645413344462F76657274696365732E62696E504B0304140006080800B670623BF270F1330600000004000000360000006662782F42384135303843342D343331462D343546312D424341352D3532343432364645413344462F747269616E676C65732E62696E636660600000504B0304140006080000B67062
310
3B000000000000000000000000370000006662782F42384135303843342D343331462D343546312D424341352D3532343432364645413344462F617474726962757465732E62696E504B0304140006080800B670623B08DA0BD19000000041010000360000006662782F42384135303843342D343331462D343546312D4243
310
41352D3532343432364645413344462F6469726563746F72792E786D6C858F410AC3201045AF22B36F53E9A60B35CBEEBAE80D244E44489C6234F4F835464A48035D0DF398FF9F8AF63D0E6CC63039F212F8F9020C7D47C6792B21C5FE7403D62A1188E2E60C98D7234A5830286103A55745067B9D86B8A3CF9C7F90C11DE6
310
07FB144396D7B6A82D282E9A152AD114D5EF2CB866EEE831B8EEA07A7BB5A8D7D61A2BAAEB7FD5F70921FF497D00504B0304140006080800B670623B3B4606F3FE000000A00100003B0000006662782F42384135303843342D343331462D343546312D424341352D3532343432364645413344462F7265736F75726365732F
310
636F72652E786D6C8D504B6E833010BD0A9A6D65B08134808CA354A427E8052C332156828DFCA97AFC9A40A576D7CDCCE87D344F8F9FBEE647F689CE6B6B7A6039850C8DB2A336530F315C4903D94970676DF82583CCC8197B5861107C72362E3BA4AC096842428D1D7107A5F71820538F74F4E0D50D6799CB1892C2DFF345
310
AABB9C306779A2934E701F5C0A906D4FD609C2A1B7D129F4BCD858C163D4E3AED163FAA9AF1A1D88F67CA98E6D35906AA82A52BFB39ABCD5CD915C86331BD86BD3B665CD8BD52C78D0F34F46E550061C419494B6843142CB0F5677F4D0D58717DA7494F26295FF31C565FCA7296A13AA728FBBD93C0896823C09C18BB5AFB4
310
9E65A6BD762BBE01504B010214000A0000080000B670623B3DEE336E79000000790000001B00000000000000000000000000000000006175746F6465736B2D64657369676E2D7061636B6167652E786D6C504B01021400140006080800B670623BD486FD9CA0000000F40000001300000000000000000000000000B2000000
310
5B436F6E74656E745F54797065735D2E786D6C504B01021400140006080800B670623B28ED286BEB0000007C010000080000000000000000000000000083010000636F72652E786D6C504B01021400140006080800B670623B55019EA25F0000007C000000070000000000000000000000000094020000636E782E786D6C50
310
4B01021400140006080800B670623B7BC41AC871010000D40300000C00000000000000000000000000180300006662782F636F72652E786D6C504B01021400140006080800B670623B70102A487D0000009D0000000B00000000000000000000000000B30400006662782F636E782E786D6C504B01021400140006080800B6
310
70623B3610CA3329010000120200003100000000000000000000000000590500006662782F42384135303843342D343331462D343546312D424341352D3532343432364645413344462F636F72652E786D6C504B01021400140006080800B670623B1B8617914E010000330300003000000000000000000000000000D10600
310
006662782F42384135303843342D343331462D343546312D424341352D3532343432364645413344462F636E782E786D6C504B01021400140006080800B670623BBFEF2E3B690500003C10000034000000000000000000000000006D0800006662782F42384135303843342D343331462D343546312D424341352D35323434
310
32364645413344462F6F626A656374732E786D6C504B01021400140006080000B670623B0000000000000000000000003500000000000000000000000000280E00006662782F42384135303843342D343331462D343546312D424341352D3532343432364645413344462F76657274696365732E62696E504B010214001400
310
06080800B670623BF270F133060000000400000036000000000000000000000000007B0E00006662782F42384135303843342D343331462D343546312D424341352D3532343432364645413344462F747269616E676C65732E62696E504B01021400140006080000B670623B00000000000000000000000037000000000000
310
00000000000000D50E00006662782F42384135303843342D343331462D343546312D424341352D3532343432364645413344462F617474726962757465732E62696E504B01021400140006080800B670623B08DA0BD1900000004101000036000000000000000000000000002A0F00006662782F42384135303843342D3433
310
31462D343546312D424341352D3532343432364645413344462F6469726563746F72792E786D6C504B01021400140006080800B670623B3B4606F3FE000000A00100003B000000000000000000000000000E1000006662782F42384135303843342D343331462D343546312D424341352D3532343432364645413344462F72
310
65736F75726365732F636F72652E786D6C504B0506000000000E000E0080040000651100000000
  0
XRECORD
  5
187
102
{ACAD_REACTORS
330
186
102
}
330
186
100
AcDbXrecord
280
     1
 70
     1
 90
429727718
  1
887D55A9-D0DD-414E-B741-A7DCD4DA2B4C
310
504B03040A0000080000B670623B3DEE336E79000000790000001B0000006175746F6465736B2D64657369676E2D7061636B6167652E786D6C3C3F786D6C2076657273696F6E3D22312E302220656E636F64696E673D227574662D3822203F3E3C666F726D6174733E3C666F726D61743E687474703A2F2F736368656D612E
310
6175746F6465736B2E636F6D2F64657369676E2D7061636B6167652F323030393C2F666F726D61743E3C2F666F726D6174733E504B0304140006080800B670623BD486FD9CA0000000F4000000130000005B436F6E74656E745F54797065735D2E786D6C7D8EC10E82300C865F65E91D8A1E8C310C0EEA1BF002731658846E
310
D98AC1B77784ABF1D8FE5FBFBF75BBCE937A534CCEB38643598122B6FEE978D0B0485F9C41B54DDD7D022595594E1A469170414C76A4D9A4D207E29CF43ECE46F218070CC6BECC4078ACAA135ACF422C856C0E68EA1BF5669944DDD7BCDE7B1F8E415D77AECB980613C2E4AC91FC167A2B244592486606FC29C8FD7F045B9A
310
EF7053A7E60B504B0304140006080800B670623BBC1638F5EC0000007C01000008000000636F72652E786D6C8D90416EC3201045AF82665B61836BE2D8C24471DB9CA01740401C94182C03558F5F9C3852BBEB6A467FFE9B197D7EF89E6EE8CB2CC17AD7032D0820E394D7D68D3DA478C67B4007C117EFE32F1B202727D3C3
310
2A83E0E3E2D3BC49CABB685CCCAAF3DA6CA20CC14440EA969B1E82BA98491632C5EC08D76296EA2A4753D06797E194AC468F2356E77DF66CCD02825543D50CACC62D39ED70FDC68EB8FD68F6F8787A6784342D1DDA1D2F5758F068A7E77DB518198D065111D2624A31A93E69DD11D6D5EC85EC3B4278B9DAFF4069D6FF8492
310
75F1B5DADE7D600104CD8FDC0782976B16B9DC83CA75CD4DFC00504B0304140006080800B670623B55019EA25F0000007C00000007000000636E782E786D6C4DCB3B0E80201045D1AD90E915ED2CF8AC45050C11660C8261F98AB1B07AC9C97D42D718D865D3E909258CFD00CCE24AC6E326A164D74DC0B4128928FF326038
310
472BA13128B1252AC747C6BAB984FC68F0B87FE8960A5C09FE86CFB69FBA01504B0304140006080800B670623B3586FFB671010000D40300000C0000006662782F636F72652E786D6CC553ED6E8320147D15C2DF4541A76D6D90A6DDD627D80B50A4CE54C120983EFEAE1F4DD7A55BBA5FF3879273EEE59E7310B6393735EA
310
95ED2AA3731C851423A5A5292A5DE6D8BB63B0C268C39935C67D29C3488B46E578803167A535BE9D2169B453DA01AA4DA16650749D7218C91A1639EEE4876A4428BC838AEE14B6429E44A9C228041AEA38EB9C0501681A32BC313F1ECE8C4C3867DE57C5CC56054CAB8E95B298A7F12E5EEED224C8E87E11242FE936C8DE96
310
AB60BB7F4D295D66D12E5B30323473E6AAE6A24E5A259C2A308F29CD82280A68FC1E256B9AAE93F489AED694323294DF34F9B678B0C957DA3DC7B3DCA9ADC33C022123F1CD2D44E450277AD04338234388F01913BE0D1A0281909D38D4171F27807A259DB1093085F157AA17B557309586747CD0CF0B46A64E983A6E0EAEEF
310
CE881F9EF1FB8E70D44297604238581EBC1B74B249C31C5AAB6CD0BB33D2C636A27ECCC62F0EFF445DC5DF95244D6DEC7F2922F30191F9F720C37DE49F504B0304140006080800B670623B4220A0FF7D0000009D0000000B0000006662782F636E782E786D6C4DCCD10A83201886E15B91FFDCE542CB0335D0EC3E6259C84A
310
C3E9D8E5AF46073BFAE0E1E315DD675BD1DBA5978F41C2FD4600B9F088930F8B849267CC01754AA418F3DF0D50183727E164506249B1EC174D6E1ECB9A0F5D7D785E68DB8151CD286E5A5363CA6B8A39E90D36D40E96B086F55A43A544F52B1D7B86D517504B0304140006080800B670623B2FA3FEDE290100001202000031
310
0000006662782F45374635344235342D363743322D343832342D383044432D4334454645303536354442422F636F72652E786D6C8D515B6EC32010BC0AE22B55850D2E386E848994D7097A0117488A1283C5A3CAF10BB523B57FF961D1ECCCECC0F2ED7DBC816FED8371B687A4C210682B9D32F6D2C314CFA883602BB8772E
310
FEA141608751F7B0C050F08B77695A20E96CD43666D43AA5177008414708E42D5F7A18E4971E876A483133C2B59A06791D2EBA22556E679EE021FA1C00CC43CA09C5717D6274C7286AD7FB06D1AEA1A8C3873DDAD3E3E98859CB0EBB1DAF67A1E02919B5C88DCA71CCD968FFAC49110B1ECDF8882FBD1EA256503418BF2342
310
106E3E08DD60B6A1EC15771B8C795DE8FF4469524F8A92B1F1AD59E2CEB20005E1F5DC105CB9F4797B84D1F7C9F908CABC55D0F2050A5C61CC1AD2F27A26E6E767C7962E8E213A9FBF7775FDCC5CC266DB960A5E970DE5F2BBBE5CCB36C50F504B0304140006080800B670623B1B8617914E01000033030000300000006662
310
782F45374635344235342D363743322D343832342D383044432D4334454645303536354442422F636E782E786D6CD593C16EC32010447F0571AD6CE3D489D20813A9877E410FBD62D82434182CC055F3F75D1292E692438FBD206B7698593D61BEFD1E2DF982108D773D6D6B460938E5B571FB9ECE6957AD29D90A1EBC4F77
310
364A9C1CA1A759A682EF839FA72269D8C9D92654AD71C72206887E0E0A22CAF926B15E498B01E0AA19451807D01A34B919F16B070157417138917400F2F6FA41FCF0092A45DEE414C19BDC21783E4BD39D891265658C3D8DEA00A3ACE59CBC8678ACB54CB26EEB6BD7839D7E9348BE70AD9C8321B9BCA7F9A4A26C542347DE
310
E050F09802D22BA6749A800A394DD62899107273365E3C82CFC6A55557BC06C10774B7ABE7AEC3B0F34CF06446280E154026D0542C187BA9DAB6628BF7B6DBB0E5A65B3EB1F58631DE64BBE083F7B65CC218087E22CABB042E51D1F2268F1FE12B3EA24D40D63E9CFE00120194D60B9D5BC67FE6D39CDF37E20AF817881F50
310
4B0304140006080800B670623B29652116630500003C100000340000006662782F45374635344235342D363743322D343832342D383044432D4334454645303536354442422F6F626A656374732E786D6CAD575D739B3814FD2B0CFB0C989834C90EA1639B24E3E9A6EDD4D3CE3E64C623834CD8006224913AFDF57B040203
310
B65BEF871F0C12D2FD3CF7E8CA7FBFCB33E3957291B2E2D674ED8969D02262715A24B76625B7D6B569BC0F7CCE98EC2D338D82E4F4D654D366E0279C55A59E8AE99654991CCDDECFFF3444440B6A1A514684B83545F44C7362934AB2988A173B2692D8C97667BB76B3702836E1A47C1E092D09A78584A5982F20C5688C7287
310
C389E904BEA3BE07BEFAD7ABA6A75739B53F43FD69212429A20365233153D70BEF2E2E6FAC4BCF9B5ADEBB0BD79ADFCF43CBBD9A4E16EF168B9BD9DD0D140BC921495BC2E9D60C1E101B9E46BED37CEA2CD6861F3329624541A3DA7F7858DBAC25C6B4A4458C3CA654405BCFEBC970E8AAD8F43E4FD558ABEC4F9FE7557F47
310
4F506B7BFBEC5BCA367FC105710E2AB8A00A554D7CB4A30DFE26FBA86D18CBF4B75418399194A72433B274C3097F33032C554B027F2046A1932B842B0FCCC0DDCBEBDB8AD2F835768F59B9ADB24C41D30C6A64AF817F2A456D59FA83F2E3DA60137255A585BCD60EC9B7929AC18DEFD49381AF1ED30BFDB109A4B1CD488294
310
C3CDE6EBC8D185AABD6568061FEE37BB95AAC7E3CA4BCE4ACAA5820FA0D526AE7DAA2869B5EE5999531BE0CC20E6FBA07C41E43FA27CF7A6206F3CDD793B4F6B919C1462CB788EDCD893FA674CDA17AB7B3B7C019F8D561FAEE966FED562DFE98C1D12C6A9FC015C2A35D7FF3D7FC398F591DA4B5FE0BFA2C0189FEA50AE22
310
92817A1ED3020951A03432862970F976B33383259812CC8E5D240BBA801CBCF8CE2BBEE3BF910DB6AAD5F79E05123AE2DB33981FB1ACCB02B69D00CB014FD68AB573A7627EF9BFD4CC2C5C7D58557C4B22FAA88925A4DBB44825CECE3D78FB060D1231F0E885BE7D673C86A3874958F593906B5502D1563157814FDAC3420D
310
F69A070A22EC4B98E23CFF171A1E5311D12C23056555ABA53B8614563B92D17D02AAB009E8F46284624E5F53D5490C560CCCC2591FF1B45421EB0EBD8EA7ED13BE7C5D7E0428CD60FEF60779EB13E6664FF711CB185F6FDED60D139A001FF60CD1FD6D086F1D51474901E26B2CB794A343BC8ED3EDB612E0DD2351FCB65CF4
310
33D511C9E14B5B40ADC6A6263DB0336A8F700DDF56271A024E70B0B3629DE21847591E55DED73D56206AB927E46FAABC5C939C55853C274C93D69FD6FA4E78BF8B11DF898C9ECD60553FAD39283BA6F18984AA23E8884F83F45C5F5F859797B31B2B9C84A1E5B9DE9D35BFF25C6B76152E422F9C5DCC3D847F5801ED09D5AF
310
41441327A25FF15487F9EB725FB666F048A4701E9A827292E6F97569A32DF61DEC01C0BB8DCBBCCC684E0B49147C1FD54BF685A0AB18C868E6973949E819523E3DAC463660E68C7D9F55A9D1EFA3BD7A76A16AE1A810F95CE59B82A4D968A376DC2E8B44BBDD86B27B368CDE0ED548C7137DA860591A83706223A12CA712B4
310
7306DBF39C0A20A6DF95C7FAF670C6EED7A61F946493D1D6926782963813403548A78AE470DEF80D2D9CEAA26E4D1C76F60BFE74219A06527D6B82DF641A51616F703CAAC6A7160E08A00BEB4810A0274592A1B36E3675E36E978A0DE80727A0D6DF2D39A75BD27E0D8837276589537B40ABB56D5A41F48F1C6FCD3188C4EB
310
A6929D2FFB89CE995A4D00AE813BDD032DC48B56BD437DFDDC2DD7AED70C2272D63DE9A72068A45A92F0A4BE17A8A06B9366E16707AD80B1FC649459952097E74BB23805982B55E0401150A165964402AA8BDF9F3E7386BB686EDCA780C0D382E5392BF460A6EFB2C6EA1937D3F809B440D5F5435C4C5CF7A9EEFAF54564BD
310
2182DA24162F98680B4E7930C21A0079709CEAEB99A372305ABE0C0D7D6078105A83F6A0296DAEE1068A47DD1C55A9F4C9B2FC69E3EFD44B81028E963DF81B504B0304140006080000B670623B000000000000000000000000350000006662782F45374635344235342D363743322D343832342D383044432D433445464530
310
3536354442422F76657274696365732E62696E504B0304140006080800B670623BF270F1330600000004000000360000006662782F45374635344235342D363743322D343832342D383044432D4334454645303536354442422F747269616E676C65732E62696E636660600000504B0304140006080000B670623B00000000
310
0000000000000000370000006662782F45374635344235342D363743322D343832342D383044432D4334454645303536354442422F617474726962757465732E62696E504B0304140006080800B670623B08DA0BD19000000041010000360000006662782F45374635344235342D363743322D343832342D383044432D4334
310
454645303536354442422F6469726563746F72792E786D6C858F410AC3201045AF22B36F53E9A60B35CBEEBAE80D244E44489C6234F4F835464A48035D0DF398FF9F8AF63D0E6CC63039F212F8F9020C7D47C6792B21C5FE7403D62A1188E2E60C98D7234A5830286103A55745067B9D86B8A3CF9C7F90C11DE607FB144396
310
D7B6A82D282E9A152AD114D5EF2CB866EEE831B8EEA07A7BB5A8D7D61A2BAAEB7FD5F70921FF497D00504B0304140006080800B670623B6378F24DFF000000A00100003B0000006662782F45374635344235342D363743322D343832342D383044432D4334454645303536354442422F7265736F75726365732F636F72652E
310
786D6C8D504B6E833010BD0A9A6D65B0094E42641C85B639412F6099496225D8C89FAAC7AF09546A77DDCC8CDE47F3F4C4F16B7C149FE88371B603565228D06A37187BED20C50BD9437194C23B177FC9A0B06AC40E6618A4B87A97A615D2CE46B431A3D60DB8822A048C50E8473E3A08FA86A32A558A5911EEE5A4F45D5DB1
310
6465A6B34E8A107D0E502C4FE609D26370C96B0CA25A58295232C3AA3143FE692E063D485EF7F5AEE71BD2D2F39634AFFC44DAF7DD9E9CCE6F9CD25DCBFA762BAAD92C4534E34F46ED51451C40D694B6843142EB0FD61C283F34FC85EE0F948A6A96FF31A569F8A729191B37F51A77B105902C0779125254735F793DCBCC7B
310
EE567E03504B010214000A0000080000B670623B3DEE336E79000000790000001B00000000000000000000000000000000006175746F6465736B2D64657369676E2D7061636B6167652E786D6C504B01021400140006080800B670623BD486FD9CA0000000F40000001300000000000000000000000000B20000005B436F6E
310
74656E745F54797065735D2E786D6C504B01021400140006080800B670623BBC1638F5EC0000007C010000080000000000000000000000000083010000636F72652E786D6C504B01021400140006080800B670623B55019EA25F0000007C000000070000000000000000000000000095020000636E782E786D6C504B010214
310
00140006080800B670623B3586FFB671010000D40300000C00000000000000000000000000190300006662782F636F72652E786D6C504B01021400140006080800B670623B4220A0FF7D0000009D0000000B00000000000000000000000000B40400006662782F636E782E786D6C504B01021400140006080800B670623B2F
310
A3FEDE290100001202000031000000000000000000000000005A0500006662782F45374635344235342D363743322D343832342D383044432D4334454645303536354442422F636F72652E786D6C504B01021400140006080800B670623B1B8617914E010000330300003000000000000000000000000000D2060000666278
310
2F45374635344235342D363743322D343832342D383044432D4334454645303536354442422F636E782E786D6C504B01021400140006080800B670623B29652116630500003C10000034000000000000000000000000006E0800006662782F45374635344235342D363743322D343832342D383044432D4334454645303536
310
354442422F6F626A656374732E786D6C504B01021400140006080000B670623B0000000000000000000000003500000000000000000000000000230E00006662782F45374635344235342D363743322D343832342D383044432D4334454645303536354442422F76657274696365732E62696E504B01021400140006080800
310
B670623BF270F13306000000040000003600000000000000000000000000760E00006662782F45374635344235342D363743322D343832342D383044432D4334454645303536354442422F747269616E676C65732E62696E504B01021400140006080000B670623B0000000000000000000000003700000000000000000000
310
000000D00E00006662782F45374635344235342D363743322D343832342D383044432D4334454645303536354442422F617474726962757465732E62696E504B01021400140006080800B670623B08DA0BD190000000410100003600000000000000000000000000250F00006662782F45374635344235342D363743322D34
310
3832342D383044432D4334454645303536354442422F6469726563746F72792E786D6C504B01021400140006080800B670623B6378F24DFF000000A00100003B00000000000000000000000000091000006662782F45374635344235342D363743322D343832342D383044432D4334454645303536354442422F7265736F75
310
726365732F636F72652E786D6C504B0506000000000E000E0080040000611100000000
  0
XRECORD
  5
112
102
{ACAD_REACTORS
330
110
102
}
330
110
100
AcDbXrecord
280
     1
270
     1
271
     1
  0
XRECORD
  5
111
102
{ACAD_REACTORS
330
110
102
}
330
110
100
AcDbXrecord
280
     1
270
     1
271
     1
  0
XRECORD
  5
18A
102
{ACAD_REACTORS
330
110
102
}
330
110
100
AcDbXrecord
280
     1
 70
     0
 90
1778669749
  1
9BF507EE-FAF7-4A99-A33D-4EE51894BC40
310
504B03040A0000080000B670623B3DEE336E79000000790000001B0000006175746F6465736B2D64657369676E2D7061636B6167652E786D6C3C3F786D6C2076657273696F6E3D22312E302220656E636F64696E673D227574662D3822203F3E3C666F726D6174733E3C666F726D61743E687474703A2F2F736368656D612E
310
6175746F6465736B2E636F6D2F64657369676E2D7061636B6167652F323030393C2F666F726D61743E3C2F666F726D6174733E504B0304140006080800B670623BD486FD9CA0000000F4000000130000005B436F6E74656E745F54797065735D2E786D6C7D8EC10E82300C865F65E91D8A1E8C310C0EEA1BF002731658846E
310
D98AC1B77784ABF1D8FE5FBFBF75BBCE937A534CCEB38643598122B6FEE978D0B0485F9C41B54DDD7D022595594E1A469170414C76A4D9A4D207E29CF43ECE46F218070CC6BECC4078ACAA135ACF422C856C0E68EA1BF5669944DDD7BCDE7B1F8E415D77AECB980613C2E4AC91FC167A2B244592486606FC29C8FD7F045B9A
310
EF7053A7E60B504B0304140006080800B670623BCA089DFFEC0000007C01000008000000636F72652E786D6C8D90416E83301045AF62CDB632D8402020E32882F604BD80653BC44AB011B6AB1EBF262152BBEB6A467FFE9B197D76FA9EEFE84BAFDE38DB03CD08206DA553C64E3DC470C1474027CE56E7C22F1B202B66DDC3
310
260367D3EAE2B24BD2D9A06D48AA754AEFA2F05E0740F29E9A1EBCBCEA59642286E4F0B76C11F226269DD15797E0188D42CF2346A57DE662F40ABCAEC77628C6120F654571D50C04B7F5B9C1E3997CD4F550BE3745C3F20DE62C98F9755FAE5A04AD801784B498524C8A4F5A75E4D055873772EC0861F966FF03C545FD138A
310
C686B2D8DF7D621E384D8F3C069CE55B16A93C824A75CB8DFF00504B0304140006080800B670623B55019EA25F0000007C00000007000000636E782E786D6C4DCB3B0E80201045D1AD90E915ED2CF8AC45050C11660C8261F98AB1B07AC9C97D42D718D865D3E909258CFD00CCE24AC6E326A164D74DC0B4128928FF326038
310
472BA13128B1252AC747C6BAB984FC68F0B87FE8960A5C09FE86CFB69FBA01504B0304140006080800B670623B68FC0B7272010000D40300000C0000006662782F636F72652E786D6CC5535B6E833010BC8AE5DF0A6C1E8124328E22D29EA01770C0A128602363A31CBFCB234A53A555FA553EC09AD9F5CE8C31DB5DDA060D
310
D2F4B556190E7C8A9154852E6B5565D8D993B7C668C799D1DA7E29C3488956667884316795D1AE5BA0422B2B950554E9522EA0E87B69312A1A5864B82F3E642B7CE12C54F467BF13C55954D20F7CA0A18EB3DE1A1080E621E31BF3D3F1C2C88C73E65C5D2E6C5DC2B4FA544B8379921C36797888BC3C8A032F4E73EA6D927D
310
EA1DF6F42D49F2E8350D5346C666CE6CDD5ED515460A2B4BCC434A375E1078347C0FE22D5D6DE3D50B5D6F2965642CBF6B725DF96493AB958DC245EEDCD6631E809089F8E61622B2A81703E8219C913144F84C09DF070D8140C8561C9BAB8F3340832CAC363130A576376A108D933095FA747AD0CF0B46E64E983A6D0EAE1F
310
CE089F9EF1FB8E70D44255604258581E9D1D75B259C3125A278D37D80B52DAB4A279CEC62F0EFF44DDC43F9454E8469BFF5244960322CBEF41C6FBC83F01504B0304140006080800B670623B0F71DDB67E0000009D0000000B0000006662782F636E782E786D6C4DCCD10A83201886E15B91FFDCA54DB73F502386BB8F5816
310
32D3703976F9ABD1C18E3E78F87855FB990379BBFCF2296AE02706C4C5471A7C9C349475A408A4352AA7B4FEDD80C47E761A7606A3A69CCA72D0E0C6BE8475D3E0E3F3409428EA6B27A84079A782899AA2EC1A7AE3ECCC2FD858CB2D544655BFD2B67BD87C01504B0304140006080800B670623BE134B4FB28010000120200
310
00310000006662782F38353834323741342D343835462D343034322D383541392D4331303331363839454531452F636F72652E786D6C8D515B6EC32010BC0AE22B55850D0EA424C24451959EA0172086A42831583CAA1CBF503B52FB971F16CDCECC0EACD8DFC71BF836215AEF7A481A0C817183D7D65D7A98D3197108F652
310
04EFD31F1A044E8DA6871586525C82CFD3020DDE25E352419DD76601558C264130DCCAA58771F832A36A544E8511AFCDA486ABBA988634A55D7852C4144A00300FA927949C71DABD1D28A29C7D208A6987383B6CD13BC16BB2E1DBE3911C453B0BA5C8D9EA456E758963CFD684674DAA588A64C747FC2118958C86B2C3788B
310
0841B8FB247487D98EB257CC77188BB6D2FF89F2A49F1465EBD2BA5BE2CEB2082511EDDC9042FB7CBA3DC298FBE4430275DE2A9AE1054ADC60CC08E3A29D89E5F9C5714317C7987C28DFBBBA9E0A97B0D97643A568EB864AF95D5FA9759BF207504B0304140006080800B670623B1B8617914E010000330300003000000066
310
62782F38353834323741342D343835462D343034322D383541392D4331303331363839454531452F636E782E786D6CD593C16EC32010447F0571AD6CE3D489D20813A9877E410FBD62D82434182CC055F3F75D1292E692438FBD206B7698593D61BEFD1E2DF982108D773D6D6B460938E5B571FB9ECE6957AD29D90A1EBC4F
310
77364A9C1CA1A759A682EF839FA72269D8C9D92654AD71C72206887E0E0A22CAF926B15E498B01E0AA19451807D01A34B919F16B070157417138917400F2F6FA41FCF0092A45DEE414C19BDC21783E4BD39D891265658C3D8DEA00A3ACE59CBC8678ACB54CB26EEB6BD7839D7E9348BE70AD9C8321B9BCA7F9A4A26C542347
310
DEE050F09802D22BA6749A800A394DD62899107273365E3C82CFC6A55557BC06C10774B7ABE7AEC3B0F34CF06446280E154026D0542C187BA9DAB6628BF7B6DBB0E5A65B3EB1F58631DE64BBE083F7B65CC218087E22CABB042E51D1F2268F1FE12B3EA24D40D63E9CFE00120194D60B9D5BC67FE6D39CDF37E20AF817881F
310
504B0304140006080800B670623B5933D422630500003B100000340000006662782F38353834323741342D343835462D343034322D383541392D4331303331363839454531452F6F626A656374732E786D6CAD575B6FA33814FE2B887D0642934E9B156594264D158D3A534DD4D13E548A0C38942D60649B4EBABF7E3F8321
310
40924EF6928780CDF1B97EE762EFF32E4B8D37CA45C2F21BD3B547A641F39045491EDF98A5DC5AD7A6F1D9F73863B243661A39C9E88DA9B64DDF8B392B0BBD15D12D295339D85DDEFE618890E6D434C2940871638AF08566C426A5641115AF764424B1E3EDCE76ED9AB0CF36E6A47819302D08A7B984A6D8CFC1C5A89572FB
310
CB91E9F89EA3BEFB9EFAD754E3D3544E654F5F7E920B49F2F040D880CDD89D2CEE2E2EA7D6E56432B6269F2E5CEB7679BBB0DCABF168FE693E9FCEEEA6102C240727AD09A75BD3BF876F78127A4EFDA9D5582B7E4CA590E5390D2BFB6161A5B3E618D182E611E2985001691DAB47FDA5AB7CD3F93C566B2DB2BB7D9E55DD13
310
1D468DEECDB3AB290BFE8409E21C54704115AA6AFF68436BFC8DF65E0B184BF5B74418199194272435D224E084BF9B3E481589EFF5D828747285706581E9BB7B7E5D5D911ABFC6EE312DB7659A2A689A7E85EC0DF04FA5A8344BFEA2FCB834E8845895492EAFB541F2BDA0A63FF59C6AD3F7D4637CA13FD68E34B629891172
310
98597F1D183A57B9B75A98FE9765B05BAB7C3C2EBCE0ACA05C2AF8005A4DE09AA7F29216EB9E15397500C6F47CBE77CA7778FE2BD277AF0AE2C693DD6437D1522427B9D8329E2136F6A8FA19A3E6C56ADF0E5F50CF06D48734EDCEBF22F69C56D97EC138153F804B85E6FABFC7AFEFB32E523BE1F3BD372418E363EDCA7548
310
52949E8724474014288D94610BB57C1BEC4C7F854A89CA8E5324F55B871CBC78CE1BBEE3BFE68D6A5589EF3C730474506FCFA8FCF0659516D0ED04580EEA6425581B77CAE797FF4BCECC16EB2FEB926F49481F746159D06D922712BD730FDEAE42BD40F42C7AA5EF3F198F60E86110D6DD20645A9480B795CF95E3E3A659A8
310
C55E724F408873315335CFFB8584874484344D494E59D94869DB90C26A5B64F49C802CAC1D3ABE18A098D3B7444D123D8A9E5AE8F5214F0AE5B2B6E9B575DA3E61CBD3EA2B4009FA940524DD1305FB6A1FB294F14DF0BEA90BA109ECE1481FDC3FFAE8D60E75141700BE82725371B4873751B2DD960265F788137FACE6DD40
310
B575E4F0A5C99F46629D92131467A41EE11ABD8D4CCC039CA0AFB37C93A08B232B8F0AEFCA1E0A1015DF13FC83322B362463652ECF71D3A8B1A7D1BE65DE1D62C44F22C317D35F574FEB16153BA2D13E543D10A80E74C4A65E78A6B7CBCBD1D5DD9DB59C2DAFACC96C3AB566E3F1C29ADCDD5DBAD7D3C9ED7C822ED74F80A6
310
41755310DE4443F44A9E68373FADF6596BFA0F440AE7BECE2727AE9F4F2B1B53B1E7E00CF0DD1E5C65454A339A4BA2D0FBA05ED2EF0443458F47BDBFCA484CCFE0F2ED7E3DD0013B679C7B5499467F0ECEEADDB9CA85A34CE44B99053949D2C1416DB85DE4B136BB7165FBAC0B7AB3542BED4F8CA182A549847A1319316519
310
95A83A67147B9E5101C47487F2485F1ECE38FD568F839204296D3479219888530154036E6528FBFBC66F98E0D4107563A2D7D9AFF8D389681A08F58D89F22693900A3B407754734FC51C10C010D6D640809EE4718AC1BA3ED4AEDB53CA37283F68805A7E4B72CEB0A4EDEAD5DD8C14059A76AFAA56BA6901E13F32BC51C720
310
12AF41295B5BF61BAD3195181FB506E6B40F4C10AF5AF40EF9F5B159AE5DD1F43C72D635E94310D45C2D49785C5D0B94D3B54AB3C5A38349C0587D338AB48C11CBF339599C02CCA54A70A008A8D03C0B2201D5F9EFCF8F9CE12A9A19CB0410789EB32C63B95ECCF455D658BFE0621A3DA32C5075FB101723D77DAE867E7D0F
310
D90444509B44E2151B4DC2290B065803200FBAA9BE9D392A0603F2D5C2D00D6302A615680F66D2FA166E2079D4C551A54AB758161FCEFD4E450A14704CECFEDF504B0304140006080000B670623B000000000000000000000000350000006662782F38353834323741342D343835462D343034322D383541392D4331303331
310
363839454531452F76657274696365732E62696E504B0304140006080800B670623BF270F1330600000004000000360000006662782F38353834323741342D343835462D343034322D383541392D4331303331363839454531452F747269616E676C65732E62696E636660600000504B0304140006080000B670623B000000
310
000000000000000000370000006662782F38353834323741342D343835462D343034322D383541392D4331303331363839454531452F617474726962757465732E62696E504B0304140006080800B670623B08DA0BD19000000041010000360000006662782F38353834323741342D343835462D343034322D383541392D43
310
31303331363839454531452F6469726563746F72792E786D6C858F410AC3201045AF22B36F53E9A60B35CBEEBAE80D244E44489C6234F4F835464A48035D0DF398FF9F8AF63D0E6CC63039F212F8F9020C7D47C6792B21C5FE7403D62A1188E2E60C98D7234A5830286103A55745067B9D86B8A3CF9C7F90C11DE607FB1443
310
96D7B6A82D282E9A152AD114D5EF2CB866EEE831B8EEA07A7BB5A8D7D61A2BAAEB7FD5F70921FF497D00504B0304140006080800B670623BD9A3B367FE000000A00100003B0000006662782F38353834323741342D343835462D343034322D383541392D4331303331363839454531452F7265736F75726365732F636F7265
310
2E786D6C8D504B6E833010BD0A9A6D65B01D0201194711694FD00B586642AD043BF2A7EAF16B122AB5BB6E6646EFA3797AE2F8B5DC8A4FF4C1383B002B291468B59B8C9D0748F1420E501CA5F0CEC55F3228AC5A708015062966EFD27D83B4B3116DCCA875136EA00A012314FA968F0182FEC045952AC5AC08D7F2AEF455CD
310
58B232D3592745883E07289E4FD609D26370C96B0CA27AB252A464A64D63A6FCD35C0C7A904D73EE467EE664DCD58CD4ED4849D79C5A723ED1B7A61977AF2D6F45B59AA58866F9C9A83DAA8813484E6947182394BFB3BAA7FBBEDEBFD0434FA9A856F91F53BA4FFF342563E38E6F719FB60092E5200F428A6AED2BAF479979
310
AFDDCA6F504B010214000A0000080000B670623B3DEE336E79000000790000001B00000000000000000000000000000000006175746F6465736B2D64657369676E2D7061636B6167652E786D6C504B01021400140006080800B670623BD486FD9CA0000000F40000001300000000000000000000000000B20000005B436F6E
310
74656E745F54797065735D2E786D6C504B01021400140006080800B670623BCA089DFFEC0000007C010000080000000000000000000000000083010000636F72652E786D6C504B01021400140006080800B670623B55019EA25F0000007C000000070000000000000000000000000095020000636E782E786D6C504B010214
310
00140006080800B670623B68FC0B7272010000D40300000C00000000000000000000000000190300006662782F636F72652E786D6C504B01021400140006080800B670623B0F71DDB67E0000009D0000000B00000000000000000000000000B50400006662782F636E782E786D6C504B01021400140006080800B670623BE1
310
34B4FB280100001202000031000000000000000000000000005C0500006662782F38353834323741342D343835462D343034322D383541392D4331303331363839454531452F636F72652E786D6C504B01021400140006080800B670623B1B8617914E010000330300003000000000000000000000000000D3060000666278
310
2F38353834323741342D343835462D343034322D383541392D4331303331363839454531452F636E782E786D6C504B01021400140006080800B670623B5933D422630500003B10000034000000000000000000000000006F0800006662782F38353834323741342D343835462D343034322D383541392D4331303331363839
310
454531452F6F626A656374732E786D6C504B01021400140006080000B670623B0000000000000000000000003500000000000000000000000000240E00006662782F38353834323741342D343835462D343034322D383541392D4331303331363839454531452F76657274696365732E62696E504B01021400140006080800
310
B670623BF270F13306000000040000003600000000000000000000000000770E00006662782F38353834323741342D343835462D343034322D383541392D4331303331363839454531452F747269616E676C65732E62696E504B01021400140006080000B670623B0000000000000000000000003700000000000000000000
310
000000D10E00006662782F38353834323741342D343835462D343034322D383541392D4331303331363839454531452F617474726962757465732E62696E504B01021400140006080800B670623B08DA0BD190000000410100003600000000000000000000000000260F00006662782F38353834323741342D343835462D34
310
3034322D383541392D4331303331363839454531452F6469726563746F72792E786D6C504B01021400140006080800B670623BD9A3B367FE000000A00100003B000000000000000000000000000A1000006662782F38353834323741342D343835462D343034322D383541392D4331303331363839454531452F7265736F75
310
726365732F636F72652E786D6C504B0506000000000E000E0080040000611100000000
  0
XRECORD
  5
113
102
{ACAD_REACTORS
330
110
102
}
330
110
100
AcDbXrecord
280
     1
270
     1
271
     1
  0
XRECORD
  5
114
102
{ACAD_REACTORS
330
110
102
}
330
110
100
AcDbXrecord
280
     1
270
     1
271
     1
  0
CELLSTYLEMAP
  5
1F64E
102
{ACAD_REACTORS
330
1D57
102
}
330
1D57
100
AcDbCellStyleMap
 90
        3
300
CELLSTYLE
  1
TABLEFORMAT_BEGIN
 90
        5
170
     1
 91
        0
 92
    32768
 62
   257
 93
        1
300
CONTENTFORMAT
  1
CONTENTFORMAT_BEGIN
 90
        0
 91
        0
 92
      512
 93
        0
300

 40
0.0
140
1.0
 94
        5
 62
     0
340
20C
144
0.25
309
CONTENTFORMAT_END
171
     1
301
MARGIN
  1
CELLMARGIN_BEGIN
 40
0.06
 40
0.06
 40
0.06
 40
0.06
 40
0.18
 40
0.18
309
CELLMARGIN_END
 94
        6
 95
        1
302
GRIDFORMAT
  1
GRIDFORMAT_BEGIN
 90
        0
 91
        1
 62
     0
 92
       -2
340
0
 93
        1
 40
0.045
309
GRIDFORMAT_END
 95
        2
302
GRIDFORMAT
  1
GRIDFORMAT_BEGIN
 90
        0
 91
        1
 62
     0
 92
       -2
340
0
 93
        1
 40
0.045
309
GRIDFORMAT_END
 95
        4
302
GRIDFORMAT
  1
GRIDFORMAT_BEGIN
 90
        0
 91
        1
 62
     0
 92
       -2
340
0
 93
        1
 40
0.045
309
GRIDFORMAT_END
 95
        8
302
GRIDFORMAT
  1
GRIDFORMAT_BEGIN
 90
        0
 91
        1
 62
     0
 92
       -2
340
0
 93
        1
 40
0.045
309
GRIDFORMAT_END
 95
       16
302
GRIDFORMAT
  1
GRIDFORMAT_BEGIN
 90
        0
 91
        1
 62
     0
 92
       -2
340
0
 93
        1
 40
0.045
309
GRIDFORMAT_END
 95
       32
302
GRIDFORMAT
  1
GRIDFORMAT_BEGIN
 90
        0
 91
        1
 62
     0
 92
       -2
340
0
 93
        1
 40
0.045
309
GRIDFORMAT_END
309
TABLEFORMAT_END
  1
CELLSTYLE_BEGIN
 90
        1
 91
        1
300
_TITLE
309
CELLSTYLE_END
300
CELLSTYLE
  1
TABLEFORMAT_BEGIN
 90
        5
170
     1
 91
        0
 92
        0
 62
   257
 93
        1
300
CONTENTFORMAT
  1
CONTENTFORMAT_BEGIN
 90
        0
 91
        0
 92
      512
 93
        0
300

 40
0.0
140
1.0
 94
        4
 62
     0
340
20C
144
0.18
309
CONTENTFORMAT_END
171
     1
301
MARGIN
  1
CELLMARGIN_BEGIN
 40
0.06
 40
0.06
 40
0.06
 40
0.06
 40
0.18
 40
0.18
309
CELLMARGIN_END
 94
        6
 95
        1
302
GRIDFORMAT
  1
GRIDFORMAT_BEGIN
 90
        0
 91
        1
 62
     0
 92
       -2
340
0
 93
        1
 40
0.045
309
GRIDFORMAT_END
 95
        2
302
GRIDFORMAT
  1
GRIDFORMAT_BEGIN
 90
        0
 91
        1
 62
     0
 92
       -2
340
0
 93
        1
 40
0.045
309
GRIDFORMAT_END
 95
        4
302
GRIDFORMAT
  1
GRIDFORMAT_BEGIN
 90
        0
 91
        1
 62
     0
 92
       -2
340
0
 93
        1
 40
0.045
309
GRIDFORMAT_END
 95
        8
302
GRIDFORMAT
  1
GRIDFORMAT_BEGIN
 90
        0
 91
        1
 62
     0
 92
       -2
340
0
 93
        1
 40
0.045
309
GRIDFORMAT_END
 95
       16
302
GRIDFORMAT
  1
GRIDFORMAT_BEGIN
 90
        0
 91
        1
 62
     0
 92
       -2
340
0
 93
        1
 40
0.045
309
GRIDFORMAT_END
 95
       32
302
GRIDFORMAT
  1
GRIDFORMAT_BEGIN
 90
        0
 91
        1
 62
     0
 92
       -2
340
0
 93
        1
 40
0.045
309
GRIDFORMAT_END
309
TABLEFORMAT_END
  1
CELLSTYLE_BEGIN
 90
        2
 91
        1
300
_HEADER
309
CELLSTYLE_END
300
CELLSTYLE
  1
TABLEFORMAT_BEGIN
 90
        5
170
     1
 91
        0
 92
        0
 62
   257
 93
        1
300
CONTENTFORMAT
  1
CONTENTFORMAT_BEGIN
 90
        0
 91
        0
 92
      512
 93
        0
300

 40
0.0
140
1.0
 94
        4
 62
     0
340
20C
144
0.18
309
CONTENTFORMAT_END
171
     1
301
MARGIN
  1
CELLMARGIN_BEGIN
 40
0.06
 40
0.06
 40
0.06
 40
0.06
 40
0.18
 40
0.18
309
CELLMARGIN_END
 94
        6
 95
        1
302
GRIDFORMAT
  1
GRIDFORMAT_BEGIN
 90
        0
 91
        1
 62
     0
 92
       -2
340
0
 93
        1
 40
0.045
309
GRIDFORMAT_END
 95
        2
302
GRIDFORMAT
  1
GRIDFORMAT_BEGIN
 90
        0
 91
        1
 62
     0
 92
       -2
340
0
 93
        1
 40
0.045
309
GRIDFORMAT_END
 95
        4
302
GRIDFORMAT
  1
GRIDFORMAT_BEGIN
 90
        0
 91
        1
 62
     0
 92
       -2
340
0
 93
        1
 40
0.045
309
GRIDFORMAT_END
 95
        8
302
GRIDFORMAT
  1
GRIDFORMAT_BEGIN
 90
        0
 91
        1
 62
     0
 92
       -2
340
0
 93
        1
 40
0.045
309
GRIDFORMAT_END
 95
       16
302
GRIDFORMAT
  1
GRIDFORMAT_BEGIN
 90
        0
 91
        1
 62
     0
 92
       -2
340
0
 93
        1
 40
0.045
309
GRIDFORMAT_END
 95
       32
302
GRIDFORMAT
  1
GRIDFORMAT_BEGIN
 90
        0
 91
        1
 62
     0
 92
       -2
340
0
 93
        1
 40
0.045
309
GRIDFORMAT_END
309
TABLEFORMAT_END
  1
CELLSTYLE_BEGIN
 90
        3
 91
        2
300
_DATA
309
CELLSTYLE_END
  0
CELLSTYLEMAP
  5
1F64D
102
{ACAD_REACTORS
330
104
102
}
330
104
100
AcDbCellStyleMap
 90
        3
300
CELLSTYLE
  1
TABLEFORMAT_BEGIN
 90
        5
170
     1
 91
        0
 92
    32768
 62
   257
 93
        1
300
CONTENTFORMAT
  1
CONTENTFORMAT_BEGIN
 90
        0
 91
        0
 92
      512
 93
        0
300

 40
0.0
140
1.0
 94
        5
 62
     0
340
11
144
0.25
309
CONTENTFORMAT_END
171
     1
301
MARGIN
  1
CELLMARGIN_BEGIN
 40
0.06
 40
0.06
 40
0.06
 40
0.06
 40
0.18
 40
0.18
309
CELLMARGIN_END
 94
        6
 95
        1
302
GRIDFORMAT
  1
GRIDFORMAT_BEGIN
 90
        0
 91
        1
 62
     0
 92
       -2
340
0
 93
        0
 40
0.045
309
GRIDFORMAT_END
 95
        2
302
GRIDFORMAT
  1
GRIDFORMAT_BEGIN
 90
        0
 91
        1
 62
     0
 92
       -2
340
0
 93
        0
 40
0.045
309
GRIDFORMAT_END
 95
        4
302
GRIDFORMAT
  1
GRIDFORMAT_BEGIN
 90
        0
 91
        1
 62
     0
 92
       -2
340
0
 93
        0
 40
0.045
309
GRIDFORMAT_END
 95
        8
302
GRIDFORMAT
  1
GRIDFORMAT_BEGIN
 90
        0
 91
        1
 62
     0
 92
       -2
340
0
 93
        0
 40
0.045
309
GRIDFORMAT_END
 95
       16
302
GRIDFORMAT
  1
GRIDFORMAT_BEGIN
 90
        0
 91
        1
 62
     0
 92
       -2
340
0
 93
        0
 40
0.045
309
GRIDFORMAT_END
 95
       32
302
GRIDFORMAT
  1
GRIDFORMAT_BEGIN
 90
        0
 91
        1
 62
     0
 92
       -2
340
0
 93
        0
 40
0.045
309
GRIDFORMAT_END
309
TABLEFORMAT_END
  1
CELLSTYLE_BEGIN
 90
        1
 91
        1
300
_TITLE
309
CELLSTYLE_END
300
CELLSTYLE
  1
TABLEFORMAT_BEGIN
 90
        5
170
     1
 91
        0
 92
        0
 62
   257
 93
        1
300
CONTENTFORMAT
  1
CONTENTFORMAT_BEGIN
 90
        0
 91
        0
 92
      512
 93
        0
300

 40
0.0
140
1.0
 94
        5
 62
     0
340
11
144
0.18
309
CONTENTFORMAT_END
171
     1
301
MARGIN
  1
CELLMARGIN_BEGIN
 40
0.06
 40
0.06
 40
0.06
 40
0.06
 40
0.18
 40
0.18
309
CELLMARGIN_END
 94
        6
 95
        1
302
GRIDFORMAT
  1
GRIDFORMAT_BEGIN
 90
        0
 91
        1
 62
     0
 92
       -2
340
0
 93
        0
 40
0.045
309
GRIDFORMAT_END
 95
        2
302
GRIDFORMAT
  1
GRIDFORMAT_BEGIN
 90
        0
 91
        1
 62
     0
 92
       -2
340
0
 93
        0
 40
0.045
309
GRIDFORMAT_END
 95
        4
302
GRIDFORMAT
  1
GRIDFORMAT_BEGIN
 90
        0
 91
        1
 62
     0
 92
       -2
340
0
 93
        0
 40
0.045
309
GRIDFORMAT_END
 95
        8
302
GRIDFORMAT
  1
GRIDFORMAT_BEGIN
 90
        0
 91
        1
 62
     0
 92
       -2
340
0
 93
        0
 40
0.045
309
GRIDFORMAT_END
 95
       16
302
GRIDFORMAT
  1
GRIDFORMAT_BEGIN
 90
        0
 91
        1
 62
     0
 92
       -2
340
0
 93
        0
 40
0.045
309
GRIDFORMAT_END
 95
       32
302
GRIDFORMAT
  1
GRIDFORMAT_BEGIN
 90
        0
 91
        1
 62
     0
 92
       -2
340
0
 93
        0
 40
0.045
309
GRIDFORMAT_END
309
TABLEFORMAT_END
  1
CELLSTYLE_BEGIN
 90
        2
 91
        1
300
_HEADER
309
CELLSTYLE_END
300
CELLSTYLE
  1
TABLEFORMAT_BEGIN
 90
        5
170
     1
 91
        0
 92
        0
 62
   257
 93
        1
300
CONTENTFORMAT
  1
CONTENTFORMAT_BEGIN
 90
        0
 91
        0
 92
      512
 93
        0
300

 40
0.0
140
1.0
 94
        2
 62
     0
340
11
144
0.18
309
CONTENTFORMAT_END
171
     1
301
MARGIN
  1
CELLMARGIN_BEGIN
 40
0.06
 40
0.06
 40
0.06
 40
0.06
 40
0.18
 40
0.18
309
CELLMARGIN_END
 94
        6
 95
        1
302
GRIDFORMAT
  1
GRIDFORMAT_BEGIN
 90
        0
 91
        1
 62
     0
 92
       -2
340
0
 93
        0
 40
0.045
309
GRIDFORMAT_END
 95
        2
302
GRIDFORMAT
  1
GRIDFORMAT_BEGIN
 90
        0
 91
        1
 62
     0
 92
       -2
340
0
 93
        0
 40
0.045
309
GRIDFORMAT_END
 95
        4
302
GRIDFORMAT
  1
GRIDFORMAT_BEGIN
 90
        0
 91
        1
 62
     0
 92
       -2
340
0
 93
        0
 40
0.045
309
GRIDFORMAT_END
 95
        8
302
GRIDFORMAT
  1
GRIDFORMAT_BEGIN
 90
        0
 91
        1
 62
     0
 92
       -2
340
0
 93
        0
 40
0.045
309
GRIDFORMAT_END
 95
       16
302
GRIDFORMAT
  1
GRIDFORMAT_BEGIN
 90
        0
 91
        1
 62
     0
 92
       -2
340
0
 93
        0
 40
0.045
309
GRIDFORMAT_END
 95
       32
302
GRIDFORMAT
  1
GRIDFORMAT_BEGIN
 90
        0
 91
        1
 62
     0
 92
       -2
340
0
 93
        0
 40
0.045
309
GRIDFORMAT_END
309
TABLEFORMAT_END
  1
CELLSTYLE_BEGIN
 90
        3
 91
        2
300
_DATA
309
CELLSTYLE_END
  0
DMBASEELEMENT
  5
20E
102
{ACAD_XDICTIONARY
360
212
102
}
102
{ACAD_REACTORS
330
20B
102
}
330
20B
100
AcMapDMBaseElement
 70
     1
  1
지도 기준
 70
     1
330
20B
100
AcMapDMBaseElement
 70
     2
  1

 70
     2
  1

 70
     1
 40
1.797693134862314E+99
 70
        1
 70
     1
 70
     1
 70
     1
360
211
100
AcMapDMBaseElement
 70
     1
  0
DMDEFAULTSTYLE
  5
20F
102
{ACAD_REACTORS
330
20B
102
}
330
20B
100
AcMapDMDefaultStyle
 70
     1
 90
        1
  1
기본값
100
AcMapDMDefaultStyle
 70
     1
280
   100
 90
        0
1001
AcMapDMDisplayStyleRegapp
1070
     2
1071
        1
1000
기본값
1000

  0
DICTIONARY
  5
212
330
20E
100
AcDbDictionary
280
     1
281
     1
  3
AcMapDMSurrogateStyleSets
360
213
  0
DMSTYLEREFERENCE
  5
211
330
20E
100
AcMapDMStyleReference
 70
     1
 70
     0
340
20F
330
20B
  0
DMSURROGATESTYLESETS
  5
213
102
{ACAD_REACTORS
330
212
102
}
330
212
100
AcMapDMSurrogateStyleSets
 70
     1
  1
지도 기준
 70
     1
 40
1.797693134862314E+99
 70
        1
 70
     1
 70
     1
 70
     1
330
211
 70
     0
  0
ENDSEC
  0
SECTION
  2
ACDSDATA
 70
     2
 71
     8
  0
ACDSSCHEMA
 90
        0
  1
AcDb_Thumbnail_Schema
  2
AcDbDs::ID
280
    10
 91
        8
  2
Thumbnail_Data
280
    15
 91
        0
101
ACDSRECORD
 95
        0
 90
        1
  2
AcDbDs::TreatedAsObjectData
280
     1
291
     1
101
ACDSRECORD
 95
        0
 90
        2
  2
AcDbDs::Legacy
280
     1
291
     1
101
ACDSRECORD
  1
AcDbDs::ID
 90
        3
  2
AcDs:Indexable
280
     1
291
     1
101
ACDSRECORD
  1
AcDbDs::ID
 90
        4
  2
AcDbDs::HandleAttribute
280
     7
282
     1
  0
ACDSSCHEMA
 90
        1
  1
AcDbDs::TreatedAsObjectDataSchema
  2
AcDbDs::TreatedAsObjectData
280
     1
 91
        0
  0
ACDSSCHEMA
 90
        2
  1
AcDbDs::LegacySchema
  2
AcDbDs::Legacy
280
     1
 91
        0
  0
ACDSSCHEMA
 90
        3
  1
AcDbDs::IndexedPropertySchema
  2
AcDs:Indexable
280
     1
 91
        0
  0
ACDSSCHEMA
 90
        4
  1
AcDbDs::HandleAttributeSchema
  2
AcDbDs::HandleAttribute
280
     7
 91
        1
284
     1
  0
ACDSRECORD
 90
        0
  2
AcDbDs::ID
280
    10
320
22
  2
Thumbnail_Data
280
    15
 94
      884
310
89504E470D0A1A0A0000000D49484452000001000000006108030000000E738F1F00000300504C5445D7D7D7FFFFFFD7D7D70000000000000000000000000000000000000000000000000000330000660000990000CC0000FF0033000033330033660033990033CC0033FF0066000066330066660066990066CC0066FF0099
310
000099330099660099990099CC0099FF00CC0000CC3300CC6600CC9900CCCC00CCFF00FF0000FF3300FF6600FF9900FFCC00FFFF3300003300333300663300993300CC3300FF3333003333333333663333993333CC3333FF3366003366333366663366993366CC3366FF3399003399333399663399993399CC3399FF33CC00
310
33CC3333CC6633CC9933CCCC33CCFF33FF0033FF3333FF6633FF9933FFCC33FFFF6600006600336600666600996600CC6600FF6633006633336633666633996633CC6633FF6666006666336666666666996666CC6666FF6699006699336699666699996699CC6699FF66CC0066CC3366CC6666CC9966CCCC66CCFF66FF0066
310
FF3366FF6666FF9966FFCC66FFFF9900009900339900669900999900CC9900FF9933009933339933669933999933CC9933FF9966009966339966669966999966CC9966FF9999009999339999669999999999CC9999FF99CC0099CC3399CC6699CC9999CCCC99CCFF99FF0099FF3399FF6699FF9999FFCC99FFFFCC0000CC00
310
33CC0066CC0099CC00CCCC00FFCC3300CC3333CC3366CC3399CC33CCCC33FFCC6600CC6633CC6666CC6699CC66CCCC66FFCC9900CC9933CC9966CC9999CC99CCCC99FFCCCC00CCCC33CCCC66CCCC99CCCCCCCCCCFFCCFF00CCFF33CCFF66CCFF99CCFFCCCCFFFFFF0000FF0033FF0066FF0099FF00CCFF00FFFF3300FF3333
310
FF3366FF3399FF33CCFF33FFFF6600FF6633FF6666FF6699FF66CCFF66FFFF9900FF9933FF9966FF9999FF99CCFF99FFFFCC00FFCC33FFCC66FFCC99FFCCCCFFCCFFFFFF00FFFF33FFFF66FFFF99FFFFCCFFFFFF0000000D0D0D1A1A1A2828283535354343435050505D5D5D6B6B6B787878868686939393A1A1A1AEAEAEBB
310
BBBBC9C9C9D6D6D6E4E4E4F1F1F1FFFFFF0000000000000000000000000000000000000000000000000000000000004CC952960000002F4944415478DAEDC13101000000C2A0F54F6D0D0FA0000000000000000000000000000000000000000000000000CE0D61610001756F05F80000000049454E44AE426082
  0
ENDSEC
  0
EOF
