  0
SECTION
  2
HEADER
  9
$ACADVER
  1
AC1032
  9
$ACADMAINTVER
 90
      174
  9
$DWGCODEPAGE
  3
ANSI_949
  9
$LASTSAVEDBY
  1
pc
  9
$REQUIREDVERSIONS
160
                 0
  9
$INSBASE
 10
0.0
 20
0.0
 30
0.0
  9
$EXTMIN
 10
260.5766267667699
 20
225.5328002339059
 30
0.0
  9
$EXTMAX
 10
427.7061710577021
 20
602.0656882866436
 30
0.0
  9
$LIMMIN
 10
0.0
 20
0.0
  9
$LIMMAX
 10
500.0
 20
400.0
  9
$ORTHOMODE
 70
     1
  9
$REGENMODE
 70
     1
  9
$FILLMODE
 70
     1
  9
$QTEXTMODE
 70
     0
  9
$MIRRTEXT
 70
     0
  9
$LTSCALE
 40
1.0
  9
$ATTMODE
 70
     1
  9
$TEXTSIZE
 40
0.2
  9
$TRACEWID
 40
0.05
  9
$TEXTSTYLE
  7
STANDARD
  9
$CLAYER
  8
0
  9
$CELTYPE
  6
BYLAYER
  9
$CECOLOR
 62
   256
  9
$CELTSCALE
 40
1.0
  9
$DISPSILH
 70
     0
  9
$DIMSCALE
 40
1.0
  9
$DIMASZ
 40
0.18
  9
$DIMEXO
 40
0.0625
  9
$DIMDLI
 40
0.38
  9
$DIMRND
 40
0.0
  9
$DIMDLE
 40
0.0
  9
$DIMEXE
 40
0.18
  9
$DIMTP
 40
0.0
  9
$DIMTM
 40
0.0
  9
$DIMTXT
 40
1.5
  9
$DIMCEN
 40
0.09
  9
$DIMTSZ
 40
0.0
  9
$DIMTOL
 70
     0
  9
$DIMLIM
 70
     0
  9
$DIMTIH
 70
     1
  9
$DIMTOH
 70
     1
  9
$DIMSE1
 70
     0
  9
$DIMSE2
 70
     0
  9
$DIMTAD
 70
     0
  9
$DIMZIN
 70
     8
  9
$DIMBLK
  1

  9
$DIMASO
 70
     1
  9
$DIMSHO
 70
     1
  9
$DIMPOST
  1

  9
$DIMAPOST
  1

  9
$DIMALT
 70
     0
  9
$DIMALTD
 70
     2
  9
$DIMALTF
 40
25.4
  9
$DIMLFAC
 40
1.0
  9
$DIMTOFL
 70
     0
  9
$DIMTVP
 40
0.0
  9
$DIMTIX
 70
     0
  9
$DIMSOXD
 70
     0
  9
$DIMSAH
 70
     0
  9
$DIMBLK1
  1

  9
$DIMBLK2
  1

  9
$DIMSTYLE
  2
Standard
  9
$DIMCLRD
 70
     0
  9
$DIMCLRE
 70
     0
  9
$DIMCLRT
 70
   256
  9
$DIMTFAC
 40
1.0
  9
$DIMGAP
 40
0.09
  9
$DIMJUST
 70
     0
  9
$DIMSD1
 70
     0
  9
$DIMSD2
 70
     0
  9
$DIMTOLJ
 70
     1
  9
$DIMTZIN
 70
     0
  9
$DIMALTZ
 70
     0
  9
$DIMALTTZ
 70
     0
  9
$DIMUPT
 70
     0
  9
$DIMDEC
 70
     1
  9
$DIMTDEC
 70
     2
  9
$DIMALTU
 70
     2
  9
$DIMALTTD
 70
     2
  9
$DIMTXSTY
  7
GHS
  9
$DIMAUNIT
 70
     0
  9
$DIMADEC
 70
     0
  9
$DIMALTRND
 40
0.0
  9
$DIMAZIN
 70
     0
  9
$DIMDSEP
 70
    46
  9
$DIMATFIT
 70
     3
  9
$DIMFRAC
 70
     0
  9
$DIMLDRBLK
  1

  9
$DIMLUNIT
 70
     2
  9
$DIMLWD
 70
    -2
  9
$DIMLWE
 70
    -2
  9
$DIMTMOVE
 70
     0
  9
$DIMFXL
 40
1.0
  9
$DIMFXLON
 70
     0
  9
$DIMJOGANG
 40
0.7853981633974483
  9
$DIMTFILL
 70
     0
  9
$DIMTFILLCLR
 70
     0
  9
$DIMARCSYM
 70
     0
  9
$DIMLTYPE
  6
BYLAYER
  9
$DIMLTEX1
  6
BYLAYER
  9
$DIMLTEX2
  6
BYLAYER
  9
$DIMTXTDIRECTION
 70
     0
  9
$LUNITS
 70
     2
  9
$LUPREC
 70
     4
  9
$SKETCHINC
 40
0.1
  9
$FILLETRAD
 40
0.0
  9
$AUNITS
 70
     0
  9
$AUPREC
 70
     0
  9
$MENU
  1
ACAD
  9
$ELEVATION
 40
0.0
  9
$PELEVATION
 40
0.0
  9
$THICKNESS
 40
0.0
  9
$LIMCHECK
 70
     0
  9
$CHAMFERA
 40
0.0
  9
$CHAMFERB
 40
0.0
  9
$CHAMFERC
 40
0.0
  9
$CHAMFERD
 40
0.0
  9
$SKPOLY
 70
     0
  9
$TDCREATE
 40
2451037.565509259
  9
$TDUCREATE
 40
2451037.190517014
  9
$TDUPDATE
 40
2461309.464201389
  9
$TDUUPDATE
 40
2461309.089201389
  9
$TDINDWG
 40
0.6598467593
  9
$TDUSRTIMER
 40
0.6598467593
  9
$USRTIMER
 70
     1
  9
$ANGBASE
 50
0.0
  9
$ANGDIR
 70
     0
  9
$PDMODE
 70
     0
  9
$PDSIZE
 40
0.0
  9
$PLINEWID
 40
0.0
  9
$SPLFRAME
 70
     0
  9
$SPLINETYPE
 70
     6
  9
$SPLINESEGS
 70
     8
  9
$HANDSEED
  5
5D7A
  9
$SURFTAB1
 70
     6
  9
$SURFTAB2
 70
     6
  9
$SURFTYPE
 70
     6
  9
$SURFU
 70
     6
  9
$SURFV
 70
     6
  9
$UCSBASE
  2

  9
$UCSNAME
  2

  9
$UCSORG
 10
0.0
 20
0.0
 30
0.0
  9
$UCSXDIR
 10
1.0
 20
0.0
 30
0.0
  9
$UCSYDIR
 10
0.0
 20
1.0
 30
0.0
  9
$UCSORTHOREF
  2

  9
$UCSORTHOVIEW
 70
     0
  9
$UCSORGTOP
 10
0.0
 20
0.0
 30
0.0
  9
$UCSORGBOTTOM
 10
0.0
 20
0.0
 30
0.0
  9
$UCSORGLEFT
 10
0.0
 20
0.0
 30
0.0
  9
$UCSORGRIGHT
 10
0.0
 20
0.0
 30
0.0
  9
$UCSORGFRONT
 10
0.0
 20
0.0
 30
0.0
  9
$UCSORGBACK
 10
0.0
 20
0.0
 30
0.0
  9
$PUCSBASE
  2

  9
$PUCSNAME
  2

  9
$PUCSORG
 10
0.0
 20
0.0
 30
0.0
  9
$PUCSXDIR
 10
1.0
 20
0.0
 30
0.0
  9
$PUCSYDIR
 10
0.0
 20
1.0
 30
0.0
  9
$PUCSORTHOREF
  2

  9
$PUCSORTHOVIEW
 70
     0
  9
$PUCSORGTOP
 10
0.0
 20
0.0
 30
0.0
  9
$PUCSORGBOTTOM
 10
0.0
 20
0.0
 30
0.0
  9
$PUCSORGLEFT
 10
0.0
 20
0.0
 30
0.0
  9
$PUCSORGRIGHT
 10
0.0
 20
0.0
 30
0.0
  9
$PUCSORGFRONT
 10
0.0
 20
0.0
 30
0.0
  9
$PUCSORGBACK
 10
0.0
 20
0.0
 30
0.0
  9
$USERI1
 70
     0
  9
$USERI2
 70
     0
  9
$USERI3
 70
     0
  9
$USERI4
 70
     0
  9
$USERI5
 70
     0
  9
$USERR1
 40
0.0
  9
$USERR2
 40
0.0
  9
$USERR3
 40
0.0
  9
$USERR4
 40
0.0
  9
$USERR5
 40
0.0
  9
$WORLDVIEW
 70
     1
  9
$SHADEDGE
 70
     3
  9
$SHADEDIF
 70
    70
  9
$TILEMODE
 70
     1
  9
$MAXACTVP
 70
    16
  9
$PINSBASE
 10
176.3793889573376
 20
1545.156672031259
 30
311.2939076320237
  9
$PLIMCHECK
 70
     0
  9
$PEXTMIN
 10
1.000000000000000E+20
 20
1.000000000000000E+20
 30
1.000000000000000E+20
  9
$PEXTMAX
 10
-1.000000000000000E+20
 20
-1.000000000000000E+20
 30
-1.000000000000000E+20
  9
$PLIMMIN
 10
0.0
 20
0.0
  9
$PLIMMAX
 10
12.0
 20
9.0
  9
$UNITMODE
 70
     0
  9
$VISRETAIN
 70
     0
  9
$PLINEGEN
 70
     1
  9
$PSLTSCALE
 70
     1
  9
$TREEDEPTH
 70
  3020
  9
$CMLSTYLE
  2
STANDARD
  9
$CMLJUST
 70
     0
  9
$CMLSCALE
 40
1.0
  9
$PROXYGRAPHICS
 70
     1
  9
$MEASUREMENT
 70
     0
  9
$CELWEIGHT
370
    -1
  9
$ENDCAPS
280
     0
  9
$JOINSTYLE
280
     0
  9
$LWDISPLAY
290
     0
  9
$INSUNITS
 70
     0
  9
$HYPERLINKBASE
  1

  9
$STYLESHEET
  1

  9
$XEDIT
290
     1
  9
$CEPSNTYPE
380
     0
  9
$PSTYLEMODE
290
     1
  9
$FINGERPRINTGUID
  2
{ADA7DBBB-5FCA-4CAB-A7A8-E27C85237F9D}
  9
$VERSIONGUID
  2
{E8385C95-25CD-C549-ABC2-1AADB16D0741}
  9
$EXTNAMES
290
     1
  9
$PSVPSCALE
 40
0.0
  9
$OLESTARTUP
290
     0
  9
$SORTENTS
280
   127
  9
$INDEXCTL
280
     0
  9
$HIDETEXT
280
     0
  9
$XCLIPFRAME
280
     2
  9
$HALOGAP
280
     0
  9
$OBSCOLOR
 70
   257
  9
$OBSLTYPE
280
     0
  9
$INTERSECTIONDISPLAY
280
     0
  9
$INTERSECTIONCOLOR
 70
   257
  9
$DIMASSOC
280
     1
  9
$PROJECTNAME
  1

  9
$CAMERADISPLAY
290
     0
  9
$LENSLENGTH
 40
50.0
  9
$CAMERAHEIGHT
 40
0.0
  9
$STEPSPERSEC
 40
2.0
  9
$STEPSIZE
 40
6.0
  9
$3DDWFPREC
 40
2.0
  9
$PSOLWIDTH
 40
0.25
  9
$PSOLHEIGHT
 40
4.0
  9
$LOFTANG1
 40
1.570796326794896
  9
$LOFTANG2
 40
1.570796326794896
  9
$LOFTMAG1
 40
0.0
  9
$LOFTMAG2
 40
0.0
  9
$LOFTPARAM
 70
     7
  9
$LOFTNORMALS
280
     1
  9
$LATITUDE
 40
37.795
  9
$LONGITUDE
 40
-122.394
  9
$NORTHDIRECTION
 40
0.0
  9
$TIMEZONE
 70
 -8000
  9
$LIGHTGLYPHDISPLAY
280
     1
  9
$TILEMODELIGHTSYNCH
280
     1
  9
$CMATERIAL
347
147
  9
$SOLIDHIST
280
     0
  9
$SHOWHIST
280
     1
  9
$DWFFRAME
280
     2
  9
$DGNFRAME
280
     0
  9
$REALWORLDSCALE
290
     1
  9
$INTERFERECOLOR
 62
     1
  9
$INTERFEREOBJVS
345
169
  9
$INTERFEREVPVS
346
4824
  9
$CSHADOW
280
     0
  9
$SHADOWPLANELOCATION
 40
0.0
  0
ENDSEC
  0
SECTION
  2
CLASSES
  0
CLASS
  1
DICTIONARYVAR
  2
AcDbDictionaryVar
  3
ObjectDBX Classes
 90
        0
 91
       13
280
     0
281
     0
  0
CLASS
  1
LWPOLYLINE
  2
AcDbPolyline
  3
ObjectDBX Classes
 90
        0
 91
       74
280
     0
281
     1
  0
CLASS
  1
XRECORD
  2
AcDbXrecord
  3
ObjectDBX Classes
 90
        0
 91
      105
280
     0
281
     0
  0
CLASS
  1
HATCH
  2
AcDbHatch
  3
ObjectDBX Classes
 90
        0
 91
        6
280
     0
281
     1
  0
CLASS
  1
ACDBDICTIONARYWDFLT
  2
AcDbDictionaryWithDefault
  3
ObjectDBX Classes
 90
        0
 91
        1
280
     0
281
     0
  0
CLASS
  1
ACDBPLACEHOLDER
  2
AcDbPlaceHolder
  3
ObjectDBX Classes
 90
        0
 91
        1
280
     0
281
     0
  0
CLASS
  1
LAYOUT
  2
AcDbLayout
  3
ObjectDBX Classes
 90
        0
 91
        2
280
     0
281
     0
  0
CLASS
  1
LONG_TRANSACTION
  2
AcDbLongTransaction
  3
ObjectDBX Classes
 90
        0
 91
        0
280
     0
281
     0
  0
CLASS
  1
LWPOLYLINE
  2
AcDbPolyline
  3
ObjectDBX Classes
 90
        0
 91
       74
280
     0
281
     1
  0
CLASS
  1
HATCH
  2
AcDbHatch
  3
ObjectDBX Classes
 90
        0
 91
        6
280
     0
281
     1
  0
CLASS
  1
XRECORD
  2
AcDbXrecord
  3
ObjectDBX Classes
 90
        0
 91
      105
280
     0
281
     0
  0
CLASS
  1
LONG_TRANSACTION
  2
AcDbLongTransaction
  3
ObjectDBX Classes
 90
        0
 91
        0
280
     0
281
     0
  0
CLASS
  1
LWPOLYLINE
  2
AcDbPolyline
  3
ObjectDBX Classes
 90
        0
 91
       74
280
     0
281
     1
  0
CLASS
  1
HATCH
  2
AcDbHatch
  3
ObjectDBX Classes
 90
        0
 91
        6
280
     0
281
     1
  0
CLASS
  1
XRECORD
  2
AcDbXrecord
  3
ObjectDBX Classes
 90
        0
 91
      105
280
     0
281
     0
  0
CLASS
  1
LONG_TRANSACTION
  2
AcDbLongTransaction
  3
ObjectDBX Classes
 90
        0
 91
        0
280
     0
281
     0
  0
CLASS
  1
LWPOLYLINE
  2
AcDbPolyline
  3
ObjectDBX Classes
 90
        0
 91
       74
280
     0
281
     1
  0
CLASS
  1
HATCH
  2
AcDbHatch
  3
ObjectDBX Classes
 90
        0
 91
        6
280
     0
281
     1
  0
CLASS
  1
XRECORD
  2
AcDbXrecord
  3
ObjectDBX Classes
 90
        0
 91
      105
280
     0
281
     0
  0
CLASS
  1
LONG_TRANSACTION
  2
AcDbLongTransaction
  3
ObjectDBX Classes
 90
        0
 91
        0
280
     0
281
     0
  0
CLASS
  1
LWPOLYLINE
  2
AcDbPolyline
  3
ObjectDBX Classes
 90
        0
 91
       74
280
     0
281
     1
  0
CLASS
  1
HATCH
  2
AcDbHatch
  3
ObjectDBX Classes
 90
        0
 91
        6
280
     0
281
     1
  0
CLASS
  1
XRECORD
  2
AcDbXrecord
  3
ObjectDBX Classes
 90
        0
 91
      105
280
     0
281
     0
  0
CLASS
  1
MATERIAL
  2
AcDbMaterial
  3
ObjectDBX Classes
 90
     1153
 91
        3
280
     0
281
     0
  0
CLASS
  1
VISUALSTYLE
  2
AcDbVisualStyle
  3
ObjectDBX Classes
 90
     4095
 91
       26
280
     0
281
     0
  0
CLASS
  1
TABLESTYLE
  2
AcDbTableStyle
  3
ObjectDBX Classes
 90
     4095
 91
        2
280
     0
281
     0
  0
CLASS
  1
SCALE
  2
AcDbScale
  3
ObjectDBX Classes
 90
     1153
 91
       34
280
     0
281
     0
  0
CLASS
  1
MLEADERSTYLE
  2
AcDbMLeaderStyle
  3
ACDB_MLEADERSTYLE_CLASS
 90
     4095
 91
        1
280
     0
281
     0
  0
CLASS
  1
DMMAPMANAGER
  2
AcMapDMMapManager
  3
AcMapDisplayManagement
 90
     1024
 91
        1
280
     0
281
     0
  0
CLASS
  1
DMSTYLELIBRARY
  2
AcMapDMStyleLibrary
  3
AcMapDisplayManagement
 90
     1024
 91
        1
280
     0
281
     0
  0
CLASS
  1
DMSTYLECATEGORY
  2
AcMapDMStyleCategory
  3
AcMapDisplayManagement
 90
     1024
 91
        1
280
     0
281
     0
  0
CLASS
  1
DATATABLE
  2
AcDbDataTable
  3
ObjectDBX Classes
 90
        0
 91
        1
280
     0
281
     0
  0
CLASS
  1
DMMAP
  2
AcMapDMMap
  3
AcMapDisplayManagement
 90
     1024
 91
        1
280
     0
281
     0
  0
CLASS
  1
DMBASEELEMENT
  2
AcMapDMBaseElement
  3
AcMapDisplayManagement
 90
     1024
 91
        1
280
     0
281
     0
  0
CLASS
  1
DMDEFAULTSTYLE
  2
AcMapDMDefaultStyle
  3
AcMapDisplayManagement
 90
     1024
 91
        1
280
     0
281
     0
  0
CLASS
  1
DMSTYLEREFERENCE
  2
AcMapDMStyleReference
  3
AcMapDisplayManagement
 90
     1024
 91
        1
280
     0
281
     0
  0
CLASS
  1
DMSURROGATESTYLESETS
  2
AcMapDMSurrogateStyleSets
  3
AcMapDisplayManagement
 90
     1153
 91
        1
280
     0
281
     0
  0
CLASS
  1
DMSTYLIZEDENTITIESTABLE
  2
AcMapDMStylizedEntitiesTable
  3
AcMapDisplayManagement
 90
     1024
 91
        1
280
     0
281
     0
  0
CLASS
  1
MAPGWSUNDOOBJECT
  2
AcMapGWSUndoRecorder
  3
AcMapFeatureSourceManager
 90
     1025
 91
        1
280
     0
281
     0
  0
CLASS
  1
AECC_TREE_NODE
  2
AeccDbTreeNode
  3
AeccvBase10|Product Desc: Autodesk Civil 3D |Company: Autodesk,Inc. |WEB Address: www.autodesk.com
 90
     1023
 91
        1
280
     0
281
     0
  0
CLASS
  1
AECC_CLASS_NODE
  2
AeccDbClassNode
  3
AeccLand10|Product Desc: Autodesk Civil 3D |Company: Autodesk,Inc. |WEB Address: www.autodesk.com
 90
     1023
 91
      113
280
     0
281
     0
  0
CLASS
  1
AECC_USER_DEFINED_ATTRIBUTE_CLASSIFICATION
  2
AeccDbUserDefinedAttributeClassification
  3
AeccLand50|Product Desc: AutoCAD Civil 3D |Company: Autodesk,Inc. |WEB Address: www.autodesk.com
 90
     3071
 91
      113
280
     0
281
     0
  0
CLASS
  1
AECC_ROOT_SETTINGS_NODE
  2
AeccDbRootSettingsNode
  3
AeccvBase10|Product Desc: Autodesk Civil 3D |Company: Autodesk,Inc. |WEB Address: www.autodesk.com
 90
     1023
 91
        1
280
     0
281
     0
  0
CLASS
  1
AEC_VARS_DWG_SETUP
  2
AecDbVarsDwgSetup
  3
AecBase80|Product Desc: Autodesk Architectural Desktop 2007 |Company: Autodesk,Inc. |WEB Address: www.autodesk.com
 90
      129
 91
        1
280
     0
281
     0
  0
CLASS
  1
SORTENTSTABLE
  2
AcDbSortentsTable
  3
ObjectDBX Classes
 90
        0
 91
        3
280
     0
281
     0
  0
CLASS
  1
CELLSTYLEMAP
  2
AcDbCellStyleMap
  3
ObjectDBX Classes
 90
     1152
 91
        4
280
     0
281
     0
  0
CLASS
  1
AEC_NOTIFICATION_TRACKER
  2
AecDbNotificationTracker
  3
AecBase80|Product Desc: Autodesk Architectural Desktop 2007 |Company: Autodesk,Inc. |WEB Address: www.autodesk.com
 90
      129
 91
        0
280
     0
281
     0
  0
CLASS
  1
NPOCOLLECTION
  2
AcDbImpNonPersistentObjectsCollection
  3
ObjectDBX Classes
 90
     1153
 91
        0
280
     0
281
     0
  0
CLASS
  1
AEC_DISP_REP_ANCHOR_BUB_TO_GRID
  2
AecDbDispRepAnchorBubToGrid
  3
AecArchBase80|Product Desc: Autodesk Architectural Desktop 2007 |Company: Autodesk,Inc. |WEB Address: www.autodesk.com
 90
      129
 91
        1
280
     0
281
     0
  0
CLASS
  1
AEC_DISP_PROPS_ENT
  2
AecDbDispPropsEnt
  3
AecBase80|Product Desc: Autodesk Architectural Desktop 2007 |Company: Autodesk,Inc. |WEB Address: www.autodesk.com
 90
      129
 91
        7
280
     0
281
     0
  0
CLASS
  1
AEC_DISP_REP_ANCHOR_BUB_TO_GRID_MODEL
  2
AecDbDispRepAnchorBubToGridMdl
  3
AecArchBase80|Product Desc: Autodesk Architectural Desktop 2007 |Company: Autodesk,Inc. |WEB Address: www.autodesk.com
 90
      129
 91
        1
280
     0
281
     0
  0
CLASS
  1
AEC_DISP_REP_ANCHOR_BUB_TO_GRID_RCP
  2
AecDbDispRepAnchorBubToGridRcp
  3
AecArchBase80|Product Desc: Autodesk Architectural Desktop 2007 |Company: Autodesk,Inc. |WEB Address: www.autodesk.com
 90
      129
 91
        1
280
     0
281
     0
  0
CLASS
  1
AEC_DISP_REP_COLUMN_GRID
  2
AecDbDispRepColumnGrid
  3
AecArchBase80|Product Desc: Autodesk Architectural Desktop 2007 |Company: Autodesk,Inc. |WEB Address: www.autodesk.com
 90
      129
 91
        1
280
     0
281
     0
  0
CLASS
  1
AEC_DISP_PROPS_LAYOUT_GRID2D
  2
AecDbDispPropsLayoutGrid2d
  3
AecBase80|Product Desc: Autodesk Architectural Desktop 2007 |Company: Autodesk,Inc. |WEB Address: www.autodesk.com
 90
      129
 91
       11
280
     0
281
     0
  0
CLASS
  1
AEC_DISP_REP_COLUMN_GRID_MODEL
  2
AecDbDispRepColumnGridModel
  3
AecArchBase80|Product Desc: Autodesk Architectural Desktop 2007 |Company: Autodesk,Inc. |WEB Address: www.autodesk.com
 90
      129
 91
        1
280
     0
281
     0
  0
CLASS
  1
AEC_DISP_REP_COLUMN_GRID_RCP
  2
AecDbDispRepColumnGridRcp
  3
AecArchBase80|Product Desc: Autodesk Architectural Desktop 2007 |Company: Autodesk,Inc. |WEB Address: www.autodesk.com
 90
      129
 91
        1
280
     0
281
     0
  0
CLASS
  1
AECS_DISP_REP_MEMBER_ELEVATION_DESIGN
  2
AecsDbDispRepMemberElevationDesign
  3
AecArchBase80|Product Desc: Autodesk Architectural Desktop 2007 |Company: Autodesk,Inc. |WEB Address: www.autodesk.com
 90
      129
 91
        1
280
     0
281
     0
  0
CLASS
  1
AECS_DISP_PROPS_MEMBER_PROJECTED
  2
AecsDbDispPropsMemberProjected
  3
AecArchBase80|Product Desc: Autodesk Architectural Desktop 2007 |Company: Autodesk,Inc. |WEB Address: www.autodesk.com
 90
      129
 91
        2
280
     0
281
     0
  0
CLASS
  1
AECS_DISP_REP_MEMBER_ELEVATION_DETAIL
  2
AecsDbDispRepMemberElevationDetail
  3
AecArchBase80|Product Desc: Autodesk Architectural Desktop 2007 |Company: Autodesk,Inc. |WEB Address: www.autodesk.com
 90
      129
 91
        1
280
     0
281
     0
  0
CLASS
  1
AECS_DISP_REP_MEMBER_LOGICAL
  2
AecsDbDispRepMemberLogical
  3
AecArchBase80|Product Desc: Autodesk Architectural Desktop 2007 |Company: Autodesk,Inc. |WEB Address: www.autodesk.com
 90
      129
 91
        1
280
     0
281
     0
  0
CLASS
  1
AECS_DISP_PROPS_MEMBER_LOGICAL
  2
AecsDbDispPropsMemberLogical
  3
AecArchBase80|Product Desc: Autodesk Architectural Desktop 2007 |Company: Autodesk,Inc. |WEB Address: www.autodesk.com
 90
      129
 91
        1
280
     0
281
     0
  0
CLASS
  1
AECS_DISP_REP_MEMBER_MODEL_DESIGN
  2
AecsDbDispRepMemberModelDesign
  3
AecArchBase80|Product Desc: Autodesk Architectural Desktop 2007 |Company: Autodesk,Inc. |WEB Address: www.autodesk.com
 90
      129
 91
        1
280
     0
281
     0
  0
CLASS
  1
AECS_DISP_PROPS_MEMBER
  2
AecsDbDispPropsMember
  3
AecArchBase80|Product Desc: Autodesk Architectural Desktop 2007 |Company: Autodesk,Inc. |WEB Address: www.autodesk.com
 90
      129
 91
        2
280
     0
281
     0
  0
CLASS
  1
AECS_DISP_REP_MEMBER_MODEL_DETAIL
  2
AecsDbDispRepMemberModelDetail
  3
AecArchBase80|Product Desc: Autodesk Architectural Desktop 2007 |Company: Autodesk,Inc. |WEB Address: www.autodesk.com
 90
      129
 91
        1
280
     0
281
     0
  0
CLASS
  1
AECS_DISP_REP_MEMBER_PLAN_DESIGN
  2
AecsDbDispRepMemberPlanDesign
  3
AecArchBase80|Product Desc: Autodesk Architectural Desktop 2007 |Company: Autodesk,Inc. |WEB Address: www.autodesk.com
 90
      129
 91
        1
280
     0
281
     0
  0
CLASS
  1
AECS_DISP_PROPS_MEMBER_PLAN
  2
AecsDbDispPropsMemberPlan
  3
AecArchBase80|Product Desc: Autodesk Architectural Desktop 2007 |Company: Autodesk,Inc. |WEB Address: www.autodesk.com
 90
      129
 91
        2
280
     0
281
     0
  0
CLASS
  1
AECS_DISP_REP_MEMBER_PLAN_DETAIL
  2
AecsDbDispRepMemberPlanDetail
  3
AecArchBase80|Product Desc: Autodesk Architectural Desktop 2007 |Company: Autodesk,Inc. |WEB Address: www.autodesk.com
 90
      129
 91
        1
280
     0
281
     0
  0
CLASS
  1
AECS_DISP_REP_MEMBER_PLAN_SKETCH
  2
AecsDbDispRepMemberPlanSketch
  3
AecArchBase80|Product Desc: Autodesk Architectural Desktop 2007 |Company: Autodesk,Inc. |WEB Address: www.autodesk.com
 90
      129
 91
        1
280
     0
281
     0
  0
CLASS
  1
AECS_DISP_PROPS_MEMBER_PLAN_SKETCH
  2
AecsDbDispPropsMemberPlanSketch
  3
AecArchBase80|Product Desc: Autodesk Architectural Desktop 2007 |Company: Autodesk,Inc. |WEB Address: www.autodesk.com
 90
      129
 91
        1
280
     0
281
     0
  0
CLASS
  1
AEC_AECDBDISPREPBDGELEVLINEPLAN100
  2
AecDbDispRepBdgElevLinePlan100
  3
AecArchBase80|Product Desc: Autodesk Architectural Desktop 2007 |Company: Autodesk,Inc. |WEB Address: www.autodesk.com
 90
      129
 91
        1
280
     0
281
     0
  0
CLASS
  1
AEC_DISP_PROPS_CLIP_VOLUME
  2
AecDbDispPropsClipVol
  3
AecBase80|Product Desc: Autodesk Architectural Desktop 2007 |Company: Autodesk,Inc. |WEB Address: www.autodesk.com
 90
      129
 91
       12
280
     0
281
     0
  0
CLASS
  1
AEC_AECDBDISPREPBDGSECTIONLINEPLAN100
  2
AecDbDispRepBdgSectionLinePlan100
  3
AecArchBase80|Product Desc: Autodesk Architectural Desktop 2007 |Company: Autodesk,Inc. |WEB Address: www.autodesk.com
 90
      129
 91
        1
280
     0
281
     0
  0
CLASS
  1
AEC_AECDBDISPREPCEILINGGRIDPLAN100
  2
AecDbDispRepCeilingGridPlan100
  3
AecArchBase80|Product Desc: Autodesk Architectural Desktop 2007 |Company: Autodesk,Inc. |WEB Address: www.autodesk.com
 90
      129
 91
        1
280
     0
281
     0
  0
CLASS
  1
AEC_AECDBDISPREPCOLUMNGRIDPLAN100
  2
AecDbDispRepColumnGridPlan100
  3
AecArchBase80|Product Desc: Autodesk Architectural Desktop 2007 |Company: Autodesk,Inc. |WEB Address: www.autodesk.com
 90
      129
 91
        1
280
     0
281
     0
  0
CLASS
  1
AEC_AECDBDISPREPCURTAINWALLLAYOUTPLAN100
  2
AecDbDispRepCurtainWallLayoutPlan100
  3
AecArchBase80|Product Desc: Autodesk Architectural Desktop 2007 |Company: Autodesk,Inc. |WEB Address: www.autodesk.com
 90
      129
 91
        1
280
     0
281
     0
  0
CLASS
  1
AEC_DISP_PROPS_GRID_ASSEMBLY_PLAN
  2
AecDbDispPropsGridAssemblyPlan
  3
AecArchBase80|Product Desc: Autodesk Architectural Desktop 2007 |Company: Autodesk,Inc. |WEB Address: www.autodesk.com
 90
      129
 91
        9
280
     0
281
     0
  0
CLASS
  1
AEC_AECDBDISPREPCURTAINWALLUNITPLAN100
  2
AecDbDispRepCurtainWallUnitPlan100
  3
AecArchBase80|Product Desc: Autodesk Architectural Desktop 2007 |Company: Autodesk,Inc. |WEB Address: www.autodesk.com
 90
      129
 91
        1
280
     0
281
     0
  0
CLASS
  1
AEC_AECDBDISPREPMVBLOCKREFPLAN100
  2
AecDbDispRepMvBlockRefPlan100
  3
AecArchBase80|Product Desc: Autodesk Architectural Desktop 2007 |Company: Autodesk,Inc. |WEB Address: www.autodesk.com
 90
      129
 91
        1
280
     0
281
     0
  0
CLASS
  1
AEC_AECDBDISPREPROOFPLAN100
  2
AecDbDispRepRoofPlan100
  3
AecArchBase80|Product Desc: Autodesk Architectural Desktop 2007 |Company: Autodesk,Inc. |WEB Address: www.autodesk.com
 90
      129
 91
        1
280
     0
281
     0
  0
CLASS
  1
AEC_DISP_PROPS_ROOF
  2
AecDbDispPropsRoof
  3
AecArchBase80|Product Desc: Autodesk Architectural Desktop 2007 |Company: Autodesk,Inc. |WEB Address: www.autodesk.com
 90
      129
 91
        5
280
     0
281
     0
  0
CLASS
  1
AEC_AECDBDISPREPROOFSLABPLAN100
  2
AecDbDispRepRoofSlabPlan100
  3
AecArchBase80|Product Desc: Autodesk Architectural Desktop 2007 |Company: Autodesk,Inc. |WEB Address: www.autodesk.com
 90
      129
 91
        1
280
     0
281
     0
  0
CLASS
  1
AEC_DISP_PROPS_ROOFSLAB_PLAN
  2
AecDbDispPropsRoofSlabPlan
  3
AecArchBase80|Product Desc: Autodesk Architectural Desktop 2007 |Company: Autodesk,Inc. |WEB Address: www.autodesk.com
 90
      129
 91
        3
280
     0
281
     0
  0
CLASS
  1
AEC_AECDBDISPREPSLABPLAN100
  2
AecDbDispRepSlabPlan100
  3
AecArchBase80|Product Desc: Autodesk Architectural Desktop 2007 |Company: Autodesk,Inc. |WEB Address: www.autodesk.com
 90
      129
 91
        1
280
     0
281
     0
  0
CLASS
  1
AEC_DISP_PROPS_SLAB_PLAN
  2
AecDbDispPropsSlabPlan
  3
AecArchBase80|Product Desc: Autodesk Architectural Desktop 2007 |Company: Autodesk,Inc. |WEB Address: www.autodesk.com
 90
      129
 91
        3
280
     0
281
     0
  0
CLASS
  1
AEC_AECDBDISPREPSPACEPLAN100
  2
AecDbDispRepSpacePlan100
  3
AecArchBase80|Product Desc: Autodesk Architectural Desktop 2007 |Company: Autodesk,Inc. |WEB Address: www.autodesk.com
 90
      129
 91
        1
280
     0
281
     0
  0
CLASS
  1
AEC_DISP_PROPS_SPACE_PLAN
  2
AecDbDispPropsSpacePlan
  3
AecArchBase80|Product Desc: Autodesk Architectural Desktop 2007 |Company: Autodesk,Inc. |WEB Address: www.autodesk.com
 90
      129
 91
        4
280
     0
281
     0
  0
CLASS
  1
AEC_AECDBDISPREPWALLPLAN100
  2
AecDbDispRepWallPlan100
  3
AecArchBase80|Product Desc: Autodesk Architectural Desktop 2007 |Company: Autodesk,Inc. |WEB Address: www.autodesk.com
 90
      129
 91
        1
280
     0
281
     0
  0
CLASS
  1
AEC_DISP_PROPS_WALL_PLAN
  2
AecDbDispPropsWallPlan
  3
AecArchBase80|Product Desc: Autodesk Architectural Desktop 2007 |Company: Autodesk,Inc. |WEB Address: www.autodesk.com
 90
      129
 91
        4
280
     0
281
     0
  0
CLASS
  1
AEC_AECDBDISPREPWINDOWASSEMBLYPLAN100
  2
AecDbDispRepWindowAssemblyPlan100
  3
AecArchBase80|Product Desc: Autodesk Architectural Desktop 2007 |Company: Autodesk,Inc. |WEB Address: www.autodesk.com
 90
      129
 91
        1
280
     0
281
     0
  0
CLASS
  1
AEC_AECDBDISPREPZONE100
  2
AecDbDispRepZonePlan100
  3
AecArchBase80|Product Desc: Autodesk Architectural Desktop 2007 |Company: Autodesk,Inc. |WEB Address: www.autodesk.com
 90
      129
 91
        1
280
     0
281
     0
  0
CLASS
  1
AEC_DISP_PROPS_ZONE
  2
AecDbDispPropsZone
  3
AecArchBase80|Product Desc: Autodesk Architectural Desktop 2007 |Company: Autodesk,Inc. |WEB Address: www.autodesk.com
 90
      129
 91
        3
280
     0
281
     0
  0
CLASS
  1
AEC_AECDBDISPREPBDGELEVLINEPLAN50
  2
AecDbDispRepBdgElevLinePlan50
  3
AecArchBase80|Product Desc: Autodesk Architectural Desktop 2007 |Company: Autodesk,Inc. |WEB Address: www.autodesk.com
 90
      129
 91
        1
280
     0
281
     0
  0
CLASS
  1
AEC_AECDBDISPREPBDGSECTIONLINEPLAN50
  2
AecDbDispRepBdgSectionLinePlan50
  3
AecArchBase80|Product Desc: Autodesk Architectural Desktop 2007 |Company: Autodesk,Inc. |WEB Address: www.autodesk.com
 90
      129
 91
        1
280
     0
281
     0
  0
CLASS
  1
AEC_AECDBDISPREPCEILINGGRIDPLAN50
  2
AecDbDispRepCeilingGridPlan50
  3
AecArchBase80|Product Desc: Autodesk Architectural Desktop 2007 |Company: Autodesk,Inc. |WEB Address: www.autodesk.com
 90
      129
 91
        1
280
     0
281
     0
  0
CLASS
  1
AEC_AECDBDISPREPCOLUMNGRIDPLAN50
  2
AecDbDispRepColumnGridPlan50
  3
AecArchBase80|Product Desc: Autodesk Architectural Desktop 2007 |Company: Autodesk,Inc. |WEB Address: www.autodesk.com
 90
      129
 91
        1
280
     0
281
     0
  0
CLASS
  1
AEC_AECDBDISPREPCURTAINWALLLAYOUTPLAN50
  2
AecDbDispRepCurtainWallLayoutPlan50
  3
AecArchBase80|Product Desc: Autodesk Architectural Desktop 2007 |Company: Autodesk,Inc. |WEB Address: www.autodesk.com
 90
      129
 91
        1
280
     0
281
     0
  0
CLASS
  1
AEC_AECDBDISPREPCURTAINWALLUNITPLAN50
  2
AecDbDispRepCurtainWallUnitPlan50
  3
AecArchBase80|Product Desc: Autodesk Architectural Desktop 2007 |Company: Autodesk,Inc. |WEB Address: www.autodesk.com
 90
      129
 91
        1
280
     0
281
     0
  0
CLASS
  1
AEC_AECDBDISPREPMVBLOCKREFPLAN50
  2
AecDbDispRepMvBlockRefPlan50
  3
AecArchBase80|Product Desc: Autodesk Architectural Desktop 2007 |Company: Autodesk,Inc. |WEB Address: www.autodesk.com
 90
      129
 91
        1
280
     0
281
     0
  0
CLASS
  1
AEC_AECDBDISPREPROOFPLAN50
  2
AecDbDispRepRoofPlan50
  3
AecArchBase80|Product Desc: Autodesk Architectural Desktop 2007 |Company: Autodesk,Inc. |WEB Address: www.autodesk.com
 90
      129
 91
        1
280
     0
281
     0
  0
CLASS
  1
AEC_AECDBDISPREPROOFSLABPLAN50
  2
AecDbDispRepRoofSlabPlan50
  3
AecArchBase80|Product Desc: Autodesk Architectural Desktop 2007 |Company: Autodesk,Inc. |WEB Address: www.autodesk.com
 90
      129
 91
        1
280
     0
281
     0
  0
CLASS
  1
AEC_AECDBDISPREPSLABPLAN50
  2
AecDbDispRepSlabPlan50
  3
AecArchBase80|Product Desc: Autodesk Architectural Desktop 2007 |Company: Autodesk,Inc. |WEB Address: www.autodesk.com
 90
      129
 91
        1
280
     0
281
     0
  0
CLASS
  1
AEC_AECDBDISPREPSPACEPLAN50
  2
AecDbDispRepSpacePlan50
  3
AecArchBase80|Product Desc: Autodesk Architectural Desktop 2007 |Company: Autodesk,Inc. |WEB Address: www.autodesk.com
 90
      129
 91
        1
280
     0
281
     0
  0
CLASS
  1
AEC_AECDBDISPREPWALLPLAN50
  2
AecDbDispRepWallPlan50
  3
AecArchBase80|Product Desc: Autodesk Architectural Desktop 2007 |Company: Autodesk,Inc. |WEB Address: www.autodesk.com
 90
      129
 91
        1
280
     0
281
     0
  0
CLASS
  1
AEC_AECDBDISPREPWINDOWASSEMBLYPLAN50
  2
AecDbDispRepWindowAssemblyPlan50
  3
AecArchBase80|Product Desc: Autodesk Architectural Desktop 2007 |Company: Autodesk,Inc. |WEB Address: www.autodesk.com
 90
      129
 91
        1
280
     0
281
     0
  0
CLASS
  1
AEC_AECDBDISPREPZONE50
  2
AecDbDispRepZonePlan50
  3
AecArchBase80|Product Desc: Autodesk Architectural Desktop 2007 |Company: Autodesk,Inc. |WEB Address: www.autodesk.com
 90
      129
 91
        1
280
     0
281
     0
  0
CLASS
  1
AEC_DB_DISP_REP_DIM_GROUP_PLAN100
  2
AecDbDispRepDimGroupPlan100
  3
AecArchBase80|Product Desc: Autodesk Architectural Desktop 2007 |Company: Autodesk,Inc. |WEB Address: www.autodesk.com
 90
      129
 91
        1
280
     0
281
     0
  0
CLASS
  1
AEC_DISP_PROPS_DIM
  2
AecDbDispPropsDimGroup
  3
AecArchBase80|Product Desc: Autodesk Architectural Desktop 2007 |Company: Autodesk,Inc. |WEB Address: www.autodesk.com
 90
      129
 91
        3
280
     0
281
     0
  0
CLASS
  1
AEC_DB_DISP_REP_DIM_GROUP_PLAN50
  2
AecDbDispRepDimGroupPlan50
  3
AecArchBase80|Product Desc: Autodesk Architectural Desktop 2007 |Company: Autodesk,Inc. |WEB Address: www.autodesk.com
 90
      129
 91
        1
280
     0
281
     0
  0
CLASS
  1
AEC_DB_DISP_REP_DIM_GROUP_PLAN
  2
AecDbDispRepDimGroupPlan
  3
AecArchBase80|Product Desc: Autodesk Architectural Desktop 2007 |Company: Autodesk,Inc. |WEB Address: www.autodesk.com
 90
      129
 91
        1
280
     0
281
     0
  0
CLASS
  1
AEC_DISP_REP_DOOR_PLAN_50
  2
AecDbDispRepDoorPlan50
  3
AecArchBase80|Product Desc: Autodesk Architectural Desktop 2007 |Company: Autodesk,Inc. |WEB Address: www.autodesk.com
 90
      129
 91
        1
280
     0
281
     0
  0
CLASS
  1
AEC_DISP_PROPS_DOOR_PLAN_50
  2
AecDbDispPropsDoorPlan50
  3
AecArchBase80|Product Desc: Autodesk Architectural Desktop 2007 |Company: Autodesk,Inc. |WEB Address: www.autodesk.com
 90
      129
 91
        1
280
     0
281
     0
  0
CLASS
  1
AEC_DISP_REP_DOOR_PLAN_HEKTO
  2
AecDbDispRepDoorPlanHekto
  3
AecArchBase80|Product Desc: Autodesk Architectural Desktop 2007 |Company: Autodesk,Inc. |WEB Address: www.autodesk.com
 90
      129
 91
        1
280
     0
281
     0
  0
CLASS
  1
AEC_DISP_PROPS_DOOR_PLAN_100
  2
AecDbDispPropsDoorPlan100
  3
AecArchBase80|Product Desc: Autodesk Architectural Desktop 2007 |Company: Autodesk,Inc. |WEB Address: www.autodesk.com
 90
      129
 91
        1
280
     0
281
     0
  0
CLASS
  1
AEC_DISP_REP_DOOR_THRESHOLD_SYMBOL_PLAN
  2
AecDbDispRepDoorThresholdSymbolPlan
  3
AecArchBase80|Product Desc: Autodesk Architectural Desktop 2007 |Company: Autodesk,Inc. |WEB Address: www.autodesk.com
 90
      129
 91
        1
280
     0
281
     0
  0
CLASS
  1
AEC_DISP_PROPS_DOOR_THRESHOLD_SYMBOL_PLAN
  2
AecDbDispPropsDoorThresholdSymbolPlan
  3
AecArchBase80|Product Desc: Autodesk Architectural Desktop 2007 |Company: Autodesk,Inc. |WEB Address: www.autodesk.com
 90
      129
 91
        1
280
     0
281
     0
  0
CLASS
  1
AEC_DISPREPAECDBDISPREPMASSELEMPLAN100
  2
AecDbDispRepMassElemPlan100
  3
AecArchBase80|Product Desc: Autodesk Architectural Desktop 2007 |Company: Autodesk,Inc. |WEB Address: www.autodesk.com
 90
      129
 91
        1
280
     0
281
     0
  0
CLASS
  1
AEC_DISPROPSMASSELEMPLANCOMMON
  2
AecDbDispPropsMassElemPlanCommon
  3
AecArchBase80|Product Desc: Autodesk Architectural Desktop 2007 |Company: Autodesk,Inc. |WEB Address: www.autodesk.com
 90
      129
 91
        2
280
     0
281
     0
  0
CLASS
  1
AEC_DISPREPAECDBDISPREPMASSELEMPLAN50
  2
AecDbDispRepMassElemPlan50
  3
AecArchBase80|Product Desc: Autodesk Architectural Desktop 2007 |Company: Autodesk,Inc. |WEB Address: www.autodesk.com
 90
      129
 91
        1
280
     0
281
     0
  0
CLASS
  1
AEC_DISPREPAECDBDISPREPMASSGROUPPLAN100
  2
AecDbDispRepMassGroupPlan100
  3
AecArchBase80|Product Desc: Autodesk Architectural Desktop 2007 |Company: Autodesk,Inc. |WEB Address: www.autodesk.com
 90
      129
 91
        1
280
     0
281
     0
  0
CLASS
  1
AEC_DISPROPSMASSGROUPPLANCOMMON
  2
AecDbDispPropsMassGroupPlanCommon
  3
AecArchBase80|Product Desc: Autodesk Architectural Desktop 2007 |Company: Autodesk,Inc. |WEB Address: www.autodesk.com
 90
      129
 91
        2
280
     0
281
     0
  0
CLASS
  1
AEC_DISPREPAECDBDISPREPMASSGROUPPLAN50
  2
AecDbDispRepMassGroupPlan50
  3
AecArchBase80|Product Desc: Autodesk Architectural Desktop 2007 |Company: Autodesk,Inc. |WEB Address: www.autodesk.com
 90
      129
 91
        1
280
     0
281
     0
  0
CLASS
  1
AEC_DISPREPAECDBDISPREPOPENINGPLAN100
  2
AecDbDispRepOpeningPlan100
  3
AecArchBase80|Product Desc: Autodesk Architectural Desktop 2007 |Company: Autodesk,Inc. |WEB Address: www.autodesk.com
 90
      129
 91
        1
280
     0
281
     0
  0
CLASS
  1
AEC_DISPROPSOPENINGPLANCOMMONHATCHED
  2
AecDbDispPropsOpeningPlanCommonHatched
  3
AecArchBase80|Product Desc: Autodesk Architectural Desktop 2007 |Company: Autodesk,Inc. |WEB Address: www.autodesk.com
 90
      129
 91
        2
280
     0
281
     0
  0
CLASS
  1
AEC_DISPREPAECDBDISPREPOPENINGPLAN50
  2
AecDbDispRepOpeningPlan50
  3
AecArchBase80|Product Desc: Autodesk Architectural Desktop 2007 |Company: Autodesk,Inc. |WEB Address: www.autodesk.com
 90
      129
 91
        1
280
     0
281
     0
  0
CLASS
  1
AEC_DISPREPAECDBDISPREPOPENINGPLANREFLECTED
  2
AecDbDispRepOpeningPlanReflected
  3
AecArchBase80|Product Desc: Autodesk Architectural Desktop 2007 |Company: Autodesk,Inc. |WEB Address: www.autodesk.com
 90
      129
 91
        1
280
     0
281
     0
  0
CLASS
  1
AEC_DISPROPSOPENINGPLANCOMMON
  2
AecDbDispPropsOpeningPlanCommon
  3
AecArchBase80|Product Desc: Autodesk Architectural Desktop 2007 |Company: Autodesk,Inc. |WEB Address: www.autodesk.com
 90
      129
 91
        1
280
     0
281
     0
  0
CLASS
  1
AEC_DISPREPAECDBDISPREPOPENINGSILLPLAN
  2
AecDbDispRepOpeningSillPlan
  3
AecArchBase80|Product Desc: Autodesk Architectural Desktop 2007 |Company: Autodesk,Inc. |WEB Address: www.autodesk.com
 90
      129
 91
        1
280
     0
281
     0
  0
CLASS
  1
AEC_DISPROPSOPENINGSILLPLAN
  2
AecDbDispPropsOpeningSillPlan
  3
AecArchBase80|Product Desc: Autodesk Architectural Desktop 2007 |Company: Autodesk,Inc. |WEB Address: www.autodesk.com
 90
      129
 91
        1
280
     0
281
     0
  0
CLASS
  1
AEC_DISP_REP_RAILING_PLAN_100
  2
AecDbDispRepRailingPlan100
  3
AecArchBase80|Product Desc: Autodesk Architectural Desktop 2007 |Company: Autodesk,Inc. |WEB Address: www.autodesk.com
 90
      129
 91
        1
280
     0
281
     0
  0
CLASS
  1
AEC_DISP_ROPS_RAILING_PLAN_100
  2
AecDbDispPropsRailingPlan100
  3
AecArchBase80|Product Desc: Autodesk Architectural Desktop 2007 |Company: Autodesk,Inc. |WEB Address: www.autodesk.com
 90
      129
 91
        1
280
     0
281
     0
  0
CLASS
  1
AEC_DISP_REP_RAILING_PLAN_50
  2
AecDbDispRepRailingPlan50
  3
AecArchBase80|Product Desc: Autodesk Architectural Desktop 2007 |Company: Autodesk,Inc. |WEB Address: www.autodesk.com
 90
      129
 91
        1
280
     0
281
     0
  0
CLASS
  1
AEC_DISP_ROPS_RAILING_PLAN_50
  2
AecDbDispPropsRailingPlan50
  3
AecArchBase80|Product Desc: Autodesk Architectural Desktop 2007 |Company: Autodesk,Inc. |WEB Address: www.autodesk.com
 90
      129
 91
        1
280
     0
281
     0
  0
CLASS
  1
AEC_DISP_REP_STAIR_PLAN_100
  2
AecDbDispRepStairPlan100
  3
AecArchBase80|Product Desc: Autodesk Architectural Desktop 2007 |Company: Autodesk,Inc. |WEB Address: www.autodesk.com
 90
      129
 91
        1
280
     0
281
     0
  0
CLASS
  1
AEC_DISP_ROPS_STAIR_PLAN_100
  2
AecDbDispPropsStairPlan100
  3
AecArchBase80|Product Desc: Autodesk Architectural Desktop 2007 |Company: Autodesk,Inc. |WEB Address: www.autodesk.com
 90
      129
 91
        1
280
     0
281
     0
  0
CLASS
  1
AEC_DISP_REP_STAIR_PLAN_50
  2
AecDbDispRepStairPlan50
  3
AecArchBase80|Product Desc: Autodesk Architectural Desktop 2007 |Company: Autodesk,Inc. |WEB Address: www.autodesk.com
 90
      129
 91
        1
280
     0
281
     0
  0
CLASS
  1
AEC_DISP_ROPS_STAIR_PLAN_50
  2
AecDbDispPropsStairPlan50
  3
AecArchBase80|Product Desc: Autodesk Architectural Desktop 2007 |Company: Autodesk,Inc. |WEB Address: www.autodesk.com
 90
      129
 91
        1
280
     0
281
     0
  0
CLASS
  1
AEC_DISP_REP_WINDOW_PLAN_100
  2
AecDbDispRepWindowPlan100
  3
AecArchBase80|Product Desc: Autodesk Architectural Desktop 2007 |Company: Autodesk,Inc. |WEB Address: www.autodesk.com
 90
      129
 91
        1
280
     0
281
     0
  0
CLASS
  1
AEC_DISP_PROPS_WINDOW_PLAN_100
  2
AecDbDispPropsWindowPlan100
  3
AecArchBase80|Product Desc: Autodesk Architectural Desktop 2007 |Company: Autodesk,Inc. |WEB Address: www.autodesk.com
 90
      129
 91
        1
280
     0
281
     0
  0
CLASS
  1
AEC_DISP_REP_WINDOW_PLAN_50
  2
AecDbDispRepWindowPlan50
  3
AecArchBase80|Product Desc: Autodesk Architectural Desktop 2007 |Company: Autodesk,Inc. |WEB Address: www.autodesk.com
 90
      129
 91
        1
280
     0
281
     0
  0
CLASS
  1
AEC_DISP_PROPS_WINDOW_PLAN_50
  2
AecDbDispPropsWindowPlan50
  3
AecArchBase80|Product Desc: Autodesk Architectural Desktop 2007 |Company: Autodesk,Inc. |WEB Address: www.autodesk.com
 90
      129
 91
        1
280
     0
281
     0
  0
CLASS
  1
AEC_DISP_REP_SCHEDULE_TABLE
  2
AecDbDispRepScheduleTable
  3
AecSchedule80|Product Desc: Autodesk Architectural Desktop 2007 |Company: Autodesk,Inc. |WEB Address: www.autodesk.com
 90
      129
 91
        1
280
     0
281
     0
  0
CLASS
  1
AEC_DISP_PROPS_SCHEDULE_TABLE
  2
AecDbDispPropsScheduleTable
  3
AecSchedule80|Product Desc: Autodesk Architectural Desktop 2007 |Company: Autodesk,Inc. |WEB Address: www.autodesk.com
 90
      129
 91
        1
280
     0
281
     0
  0
CLASS
  1
AEC_DISP_REP_2D_SECTION
  2
AecDbDispRep2dSection
  3
AecBase80|Product Desc: Autodesk Architectural Desktop 2007 |Company: Autodesk,Inc. |WEB Address: www.autodesk.com
 90
      129
 91
        1
280
     0
281
     0
  0
CLASS
  1
AEC_DISP_PROPS_2D_SECTION
  2
AecDbDispProps2dSection
  3
AecBase80|Product Desc: Autodesk Architectural Desktop 2007 |Company: Autodesk,Inc. |WEB Address: www.autodesk.com
 90
      129
 91
        1
280
     0
281
     0
  0
CLASS
  1
AEC_DISP_REP_ANCHOR
  2
AecDbDispRepAnchor
  3
AecBase80|Product Desc: Autodesk Architectural Desktop 2007 |Company: Autodesk,Inc. |WEB Address: www.autodesk.com
 90
      129
 91
        1
280
     0
281
     0
  0
CLASS
  1
AEC_DISP_REP_ANCHOR_ENT_TO_NODE
  2
AecDbDispRepAnchorEntToNode
  3
AecBase80|Product Desc: Autodesk Architectural Desktop 2007 |Company: Autodesk,Inc. |WEB Address: www.autodesk.com
 90
      129
 91
        1
280
     0
281
     0
  0
CLASS
  1
AEC_DISP_REP_CLIP_VOLUME_MODEL
  2
AecDbDispRepClipVolModel
  3
AecBase80|Product Desc: Autodesk Architectural Desktop 2007 |Company: Autodesk,Inc. |WEB Address: www.autodesk.com
 90
      129
 91
        1
280
     0
281
     0
  0
CLASS
  1
AEC_DISP_REP_CLIP_VOLUME_PLAN
  2
AecDbDispRepClipVolPlan
  3
AecBase80|Product Desc: Autodesk Architectural Desktop 2007 |Company: Autodesk,Inc. |WEB Address: www.autodesk.com
 90
      129
 91
        1
280
     0
281
     0
  0
CLASS
  1
AEC_DISP_REP_CLIP_VOLUME_RESULT
  2
AecDbDispRepClipVolResult
  3
AecBase80|Product Desc: Autodesk Architectural Desktop 2007 |Company: Autodesk,Inc. |WEB Address: www.autodesk.com
 90
      129
 91
        1
280
     0
281
     0
  0
CLASS
  1
AEC_DISP_REP_CLIP_VOLUME_RESULT_SUBDIV
  2
AecDbDispRepClipVolResSubDiv
  3
AecBase80|Product Desc: Autodesk Architectural Desktop 2007 |Company: Autodesk,Inc. |WEB Address: www.autodesk.com
 90
      129
 91
        1
280
     0
281
     0
  0
CLASS
  1
AEC_DISP_PROPS_CLIP_VOLUME_RESULT
  2
AecDbDispPropsClipVolResSubDiv
  3
AecBase80|Product Desc: Autodesk Architectural Desktop 2007 |Company: Autodesk,Inc. |WEB Address: www.autodesk.com
 90
      129
 91
        2
280
     0
281
     0
  0
CLASS
  1
AEC_DISP_REP_DISPLAYTHEME
  2
AecDbDispRepDisplayTheme
  3
AecBase80|Product Desc: Autodesk Architectural Desktop 2007 |Company: Autodesk,Inc. |WEB Address: www.autodesk.com
 90
      129
 91
        1
280
     0
281
     0
  0
CLASS
  1
AEC_DISP_PROPS_DISPLAYTHEME
  2
AecDbDispPropsDisplayTheme
  3
AecBase80|Product Desc: Autodesk Architectural Desktop 2007 |Company: Autodesk,Inc. |WEB Address: www.autodesk.com
 90
      129
 91
        1
280
     0
281
     0
  0
CLASS
  1
AEC_DISP_REP_EDITINPLACEPROFILE
  2
AecDbDispRepEditInPlaceProfile
  3
AecBase80|Product Desc: Autodesk Architectural Desktop 2007 |Company: Autodesk,Inc. |WEB Address: www.autodesk.com
 90
      129
 91
        1
280
     0
281
     0
  0
CLASS
  1
AEC_DISP_PROPS_EDITINPLACEPROFILE_MODEL
  2
AecDbDispPropsEditInPlaceProfile
  3
AecBase80|Product Desc: Autodesk Architectural Desktop 2007 |Company: Autodesk,Inc. |WEB Address: www.autodesk.com
 90
      129
 91
        1
280
     0
281
     0
  0
CLASS
  1
AEC_DISP_REP_ENT_REF
  2
AecDbDispRepEntRef
  3
AecBase80|Product Desc: Autodesk Architectural Desktop 2007 |Company: Autodesk,Inc. |WEB Address: www.autodesk.com
 90
      129
 91
        1
280
     0
281
     0
  0
CLASS
  1
AEC_DISP_PROPS_ENT_REF
  2
AecDbDispPropsEntRef
  3
AecBase80|Product Desc: Autodesk Architectural Desktop 2007 |Company: Autodesk,Inc. |WEB Address: www.autodesk.com
 90
      129
 91
        1
280
     0
281
     0
  0
CLASS
  1
AEC_DISP_REP_LAYOUT_CURVE
  2
AecDbDispRepLayoutCurve
  3
AecBase80|Product Desc: Autodesk Architectural Desktop 2007 |Company: Autodesk,Inc. |WEB Address: www.autodesk.com
 90
      129
 91
        1
280
     0
281
     0
  0
CLASS
  1
AEC_DISP_PROPS_LAYOUT_CURVE
  2
AecDbDispPropsLayoutCurve
  3
AecBase80|Product Desc: Autodesk Architectural Desktop 2007 |Company: Autodesk,Inc. |WEB Address: www.autodesk.com
 90
      129
 91
        1
280
     0
281
     0
  0
CLASS
  1
AEC_DISP_REP_LAYOUT_GRID2D
  2
AecDbDispRepLayoutGrid2d
  3
AecBase80|Product Desc: Autodesk Architectural Desktop 2007 |Company: Autodesk,Inc. |WEB Address: www.autodesk.com
 90
      129
 91
        1
280
     0
281
     0
  0
CLASS
  1
AEC_DISP_REP_LAYOUT_GRID3D
  2
AecDbDispRepLayoutGrid3d
  3
AecBase80|Product Desc: Autodesk Architectural Desktop 2007 |Company: Autodesk,Inc. |WEB Address: www.autodesk.com
 90
      129
 91
        1
280
     0
281
     0
  0
CLASS
  1
AEC_DISP_PROPS_LAYOUT_GRID3D
  2
AecDbDispPropsLayoutGrid3d
  3
AecBase80|Product Desc: Autodesk Architectural Desktop 2007 |Company: Autodesk,Inc. |WEB Address: www.autodesk.com
 90
      129
 91
        1
280
     0
281
     0
  0
CLASS
  1
AEC_DISP_REP_MASKBLOCK_REF
  2
AecDbDispRepMaskBlockRef
  3
AecBase80|Product Desc: Autodesk Architectural Desktop 2007 |Company: Autodesk,Inc. |WEB Address: www.autodesk.com
 90
      129
 91
        1
280
     0
281
     0
  0
CLASS
  1
AEC_DISP_PROPS_MASKBLOCK
  2
AecDbDispPropsMaskBlock
  3
AecBase80|Product Desc: Autodesk Architectural Desktop 2007 |Company: Autodesk,Inc. |WEB Address: www.autodesk.com
 90
      129
 91
        2
280
     0
281
     0
  0
CLASS
  1
AEC_DISP_REP_MATERIAL
  2
AecDbDispRepMaterial
  3
AecBase80|Product Desc: Autodesk Architectural Desktop 2007 |Company: Autodesk,Inc. |WEB Address: www.autodesk.com
 90
      129
 91
        1
280
     0
281
     0
  0
CLASS
  1
AEC_DISP_PROPS_MATERIAL
  2
AecDbDispPropsMaterial
  3
AecBase80|Product Desc: Autodesk Architectural Desktop 2007 |Company: Autodesk,Inc. |WEB Address: www.autodesk.com
 90
      129
 91
        1
280
     0
281
     0
  0
CLASS
  1
AEC_DISP_REP_MVBLOCK_REF
  2
AecDbDispRepMvBlockRef
  3
AecBase80|Product Desc: Autodesk Architectural Desktop 2007 |Company: Autodesk,Inc. |WEB Address: www.autodesk.com
 90
      129
 91
        1
280
     0
281
     0
  0
CLASS
  1
AEC_DISP_REP_MVBLOCK_REF_MODEL
  2
AecDbDispRepMvBlockRefModel
  3
AecBase80|Product Desc: Autodesk Architectural Desktop 2007 |Company: Autodesk,Inc. |WEB Address: www.autodesk.com
 90
      129
 91
        1
280
     0
281
     0
  0
CLASS
  1
AEC_DISP_REP_POLYGON_MODEL
  2
AecDbDispRepPolygonModel
  3
AecBase80|Product Desc: Autodesk Architectural Desktop 2007 |Company: Autodesk,Inc. |WEB Address: www.autodesk.com
 90
      129
 91
        1
280
     0
281
     0
  0
CLASS
  1
AEC_DISP_PROPS_POLYGON_MODEL
  2
AecDbDispPropsPolygonModel
  3
AecBase80|Product Desc: Autodesk Architectural Desktop 2007 |Company: Autodesk,Inc. |WEB Address: www.autodesk.com
 90
      129
 91
        1
280
     0
281
     0
  0
CLASS
  1
AEC_DISP_REP_POLYGON_TRUECOLOUR
  2
AecDbDispRepPolygonTrueColour
  3
AecBase80|Product Desc: Autodesk Architectural Desktop 2007 |Company: Autodesk,Inc. |WEB Address: www.autodesk.com
 90
      129
 91
        1
280
     0
281
     0
  0
CLASS
  1
AEC_DISP_PROPS_POLYGON_TRUECOLOUR
  2
AecDbDispPropsPolygonTrueColour
  3
AecBase80|Product Desc: Autodesk Architectural Desktop 2007 |Company: Autodesk,Inc. |WEB Address: www.autodesk.com
 90
      129
 91
        1
280
     0
281
     0
  0
CLASS
  1
AEC_DISP_REP_SLICE
  2
AecDbDispRepSlice
  3
AecBase80|Product Desc: Autodesk Architectural Desktop 2007 |Company: Autodesk,Inc. |WEB Address: www.autodesk.com
 90
      129
 91
        1
280
     0
281
     0
  0
CLASS
  1
AEC_DISP_PROPS_SLICE
  2
AecDbDispPropsSlice
  3
AecBase80|Product Desc: Autodesk Architectural Desktop 2007 |Company: Autodesk,Inc. |WEB Address: www.autodesk.com
 90
      129
 91
        1
280
     0
281
     0
  0
CLASS
  1
AEC_DISP_REP_MASS_ELEM_MODEL
  2
AecDbDispRepMassElemModel
  3
AecBaseEx80|Product Desc: Autodesk Architectural Desktop 2007 |Company: Autodesk,Inc. |WEB Address: www.autodesk.com
 90
      129
 91
        1
280
     0
281
     0
  0
CLASS
  1
AEC_DISP_PROPS_MASS_ELEM_MODEL
  2
AecDbDispPropsMassElem
  3
AecBaseEx80|Product Desc: Autodesk Architectural Desktop 2007 |Company: Autodesk,Inc. |WEB Address: www.autodesk.com
 90
      129
 91
        3
280
     0
281
     0
  0
CLASS
  1
AEC_DISP_REP_MASS_ELEM_SCHEM
  2
AecDbDispRepMassElemSchem
  3
AecBaseEx80|Product Desc: Autodesk Architectural Desktop 2007 |Company: Autodesk,Inc. |WEB Address: www.autodesk.com
 90
      129
 91
        1
280
     0
281
     0
  0
CLASS
  1
AEC_DISP_REP_MASS_GROUP_MODEL
  2
AecDbDispRepMassGroupModel
  3
AecBaseEx80|Product Desc: Autodesk Architectural Desktop 2007 |Company: Autodesk,Inc. |WEB Address: www.autodesk.com
 90
      129
 91
        1
280
     0
281
     0
  0
CLASS
  1
AEC_DISP_PROPS_MASS_GROUP
  2
AecDbDispPropsMassGroup
  3
AecBaseEx80|Product Desc: Autodesk Architectural Desktop 2007 |Company: Autodesk,Inc. |WEB Address: www.autodesk.com
 90
      129
 91
        3
280
     0
281
     0
  0
CLASS
  1
AEC_DISP_REP_MASS_GROUP_PLAN
  2
AecDbDispRepMassGroupPlan
  3
AecBaseEx80|Product Desc: Autodesk Architectural Desktop 2007 |Company: Autodesk,Inc. |WEB Address: www.autodesk.com
 90
      129
 91
        1
280
     0
281
     0
  0
CLASS
  1
AECC_DISP_REP_FEATURE_LINE
  2
AeccDbDispRepFeatureLine
  3
AeccLand10|Product Desc: Autodesk Civil 3D |Company: Autodesk,Inc. |WEB Address: www.autodesk.com
 90
        0
 91
        1
280
     0
281
     0
  0
CLASS
  1
AECC_DISP_REP_GRADING
  2
AeccDbDispRepGrading
  3
AeccLand10|Product Desc: Autodesk Civil 3D |Company: Autodesk,Inc. |WEB Address: www.autodesk.com
 90
      129
 91
        1
280
     0
281
     0
  0
CLASS
  1
AECC_DISP_REP_GRAPH
  2
AeccDbDispRepGraph
  3
AeccLand10|Product Desc: Autodesk Civil 3D |Company: Autodesk,Inc. |WEB Address: www.autodesk.com
 90
      129
 91
        1
280
     0
281
     0
  0
CLASS
  1
AECC_DISP_REP_SECTION_VIEW
  2
AeccDbDispRepGraphCrossSection
  3
AeccLand10|Product Desc: Autodesk Civil 3D |Company: Autodesk,Inc. |WEB Address: www.autodesk.com
 90
      129
 91
        1
280
     0
281
     0
  0
CLASS
  1
AECC_DISP_REP_PROFILE_VIEW
  2
AeccDbDispRepGraphProfile
  3
AeccLand10|Product Desc: Autodesk Civil 3D |Company: Autodesk,Inc. |WEB Address: www.autodesk.com
 90
      129
 91
        1
280
     0
281
     0
  0
CLASS
  1
AECC_DISP_REP_MATERIAL_SECTION
  2
AeccDbDispRepMaterialSection
  3
AeccLand50|Product Desc: AutoCAD Civil 3D |Company: Autodesk,Inc. |WEB Address: www.autodesk.com
 90
      129
 91
        1
280
     0
281
     0
  0
CLASS
  1
AECC_DISP_REP_QUANTITY_TAKEOFF_AGGREGATE_EARTHWORK_TABLE
  2
AeccDbDispRepQuantityTakeoffAggregateTable
  3
AeccLand50|Product Desc: AutoCAD Civil 3D |Company: Autodesk,Inc. |WEB Address: www.autodesk.com
 90
        0
 91
        1
280
     0
281
     0
  0
CLASS
  1
AECC_DISP_REP_SAMPLE_LINE
  2
AeccDbDispRepSampleLine
  3
AeccLand10|Product Desc: Autodesk Civil 3D |Company: Autodesk,Inc. |WEB Address: www.autodesk.com
 90
      129
 91
        1
280
     0
281
     0
  0
CLASS
  1
AECC_DISP_REP_SAMPLE_LINE_GROUP
  2
AeccDbDispRepSampleLineGroup
  3
AeccLand10|Product Desc: Autodesk Civil 3D |Company: Autodesk,Inc. |WEB Address: www.autodesk.com
 90
      129
 91
        1
280
     0
281
     0
  0
CLASS
  1
AECC_DISP_REP_SECTION
  2
AeccDbDispRepSection
  3
AeccLand10|Product Desc: Autodesk Civil 3D |Company: Autodesk,Inc. |WEB Address: www.autodesk.com
 90
      129
 91
        1
280
     0
281
     0
  0
CLASS
  1
AECC_DISP_REP_SECTION_VIEW_QUANTITY_TAKEOFF_TABLE
  2
AeccDbDispRepSectionViewQuantityTakeoffTable
  3
AeccLand50|Product Desc: AutoCAD Civil 3D |Company: Autodesk,Inc. |WEB Address: www.autodesk.com
 90
        0
 91
        1
280
     0
281
     0
  0
CLASS
  1
AECC_DISP_REP_SHEET
  2
AeccDbDispRepSheet
  3
AeccLand10|Product Desc: Autodesk Civil 3D |Company: Autodesk,Inc. |WEB Address: www.autodesk.com
 90
      129
 91
        1
280
     0
281
     0
  0
CLASS
  1
AECC_DISP_REP_GRID_SURFACE
  2
AeccDbDispRepSurfaceGrid
  3
AeccLand10|Product Desc: Autodesk Civil 3D |Company: Autodesk,Inc. |WEB Address: www.autodesk.com
 90
      129
 91
        1
280
     0
281
     0
  0
CLASS
  1
AECC_DISP_REP_TIN_SURFACE
  2
AeccDbDispRepSurfaceTin
  3
AeccLand10|Product Desc: Autodesk Civil 3D |Company: Autodesk,Inc. |WEB Address: www.autodesk.com
 90
      129
 91
        1
280
     0
281
     0
  0
CLASS
  1
AECC_DISP_REP_PROFILE
  2
AeccDbDispRepVAlignment
  3
AeccLand10|Product Desc: Autodesk Civil 3D |Company: Autodesk,Inc. |WEB Address: www.autodesk.com
 90
      129
 91
        1
280
     0
281
     0
  0
CLASS
  1
AECC_DISP_REP_ALIGNMENT
  2
AeccDbViewAlignment
  3
AeccLand10|Product Desc: Autodesk Civil 3D |Company: Autodesk,Inc. |WEB Address: www.autodesk.com
 90
        0
 91
        1
280
     0
281
     0
  0
CLASS
  1
AECC_DISP_REP_LABELING
  2
AeccDbViewLabeling
  3
AeccLand50|Product Desc: AutoCAD Civil 3D |Company: Autodesk,Inc. |WEB Address: www.autodesk.com
 90
        0
 91
        1
280
     0
281
     0
  0
CLASS
  1
AECC_DISP_REP_ALIGNMENT_CURVE_LABEL
  2
AeccDbViewAlignmentCurveLabel
  3
AeccLand50|Product Desc: AutoCAD Civil 3D |Company: Autodesk,Inc. |WEB Address: www.autodesk.com
 90
        0
 91
        1
280
     0
281
     0
  0
CLASS
  1
AECC_DISP_REP_ALIGNMENT_DESIGNSPEED_LABEL_GROUP
  2
AeccDbViewAlignmentDesignSpeedLabeling
  3
AeccLand50|Product Desc: AutoCAD Civil 3D |Company: Autodesk,Inc. |WEB Address: www.autodesk.com
 90
        0
 91
        1
280
     0
281
     0
  0
CLASS
  1
AECC_DISP_REP_ALIGNMENT_GEOMPT_LABEL_GROUP
  2
AeccDbViewAlignmentGeomPointLabeling
  3
AeccLand50|Product Desc: AutoCAD Civil 3D |Company: Autodesk,Inc. |WEB Address: www.autodesk.com
 90
        0
 91
        1
280
     0
281
     0
  0
CLASS
  1
AECC_DISP_REP_ALIGNMENT_MINOR_STATION_LABEL_GROUP
  2
AeccDbViewAlignmentMinorStationLabeling
  3
AeccLand50|Product Desc: AutoCAD Civil 3D |Company: Autodesk,Inc. |WEB Address: www.autodesk.com
 90
        0
 91
        1
280
     0
281
     0
  0
CLASS
  1
AECC_DISP_REP_ALIGNMENT_PI_LABEL
  2
AeccDbViewAlignmentPILabel
  3
AeccLand50|Product Desc: AutoCAD Civil 3D |Company: Autodesk,Inc. |WEB Address: www.autodesk.com
 90
        0
 91
        1
280
     0
281
     0
  0
CLASS
  1
AECC_DISP_REP_ALIGNMENT_SPIRAL_LABEL
  2
AeccDbViewAlignmentSpiralLabel
  3
AeccLand50|Product Desc: AutoCAD Civil 3D |Company: Autodesk,Inc. |WEB Address: www.autodesk.com
 90
        0
 91
        1
280
     0
281
     0
  0
CLASS
  1
AECC_DISP_REP_ALIGNMENT_STAEQU_LABEL_GROUP
  2
AeccDbViewAlignmentStaEquLabeling
  3
AeccLand50|Product Desc: AutoCAD Civil 3D |Company: Autodesk,Inc. |WEB Address: www.autodesk.com
 90
        0
 91
        1
280
     0
281
     0
  0
CLASS
  1
AECC_DISP_REP_ALIGNMENT_STATION_LABEL_GROUP
  2
AeccDbViewAlignmentStationLabeling
  3
AeccLand50|Product Desc: AutoCAD Civil 3D |Company: Autodesk,Inc. |WEB Address: www.autodesk.com
 90
        0
 91
        1
280
     0
281
     0
  0
CLASS
  1
AECC_DISP_REP_ALIGNMENT_TABLE
  2
AeccDbViewAlignmentTable
  3
AeccLand10|Product Desc: Autodesk Civil 3D |Company: Autodesk,Inc. |WEB Address: www.autodesk.com
 90
        0
 91
        1
280
     0
281
     0
  0
CLASS
  1
AECC_DISP_REP_ALIGNMENT_TANGENT_LABEL
  2
AeccDbViewAlignmentTangentLabel
  3
AeccLand50|Product Desc: AutoCAD Civil 3D |Company: Autodesk,Inc. |WEB Address: www.autodesk.com
 90
        0
 91
        1
280
     0
281
     0
  0
CLASS
  1
AECC_DISP_REP_ALIGNMENT_VERTICAL_GEOMPT_LABELING
  2
AeccDbViewAlignmentVAGeomPointLabeling
  3
AeccLand50|Product Desc: AutoCAD Civil 3D |Company: Autodesk,Inc. |WEB Address: www.autodesk.com
 90
        0
 91
        1
280
     0
281
     0
  0
CLASS
  1
AECC_DISP_REP_CURVE_TABLE
  2
AeccDbViewCurveScheduleTable
  3
AeccLand10|Product Desc: Autodesk Civil 3D |Company: Autodesk,Inc. |WEB Address: www.autodesk.com
 90
        0
 91
        1
280
     0
281
     0
  0
CLASS
  1
AECC_DISP_REP_PARCEL
  2
AeccDbViewFace
  3
AeccLand10|Product Desc: Autodesk Civil 3D |Company: Autodesk,Inc. |WEB Address: www.autodesk.com
 90
        0
 91
        1
280
     0
281
     0
  0
CLASS
  1
AECC_DISP_REP_PARCEL_TABLE
  2
AeccDbViewFaceScheduleTable
  3
AeccLand10|Product Desc: Autodesk Civil 3D |Company: Autodesk,Inc. |WEB Address: www.autodesk.com
 90
        0
 91
        1
280
     0
281
     0
  0
CLASS
  1
AECC_DISP_REP_FEATURE
  2
AeccDbViewFeature
  3
AeccLand10|Product Desc: Autodesk Civil 3D |Company: Autodesk,Inc. |WEB Address: www.autodesk.com
 90
        0
 91
        1
280
     0
281
     0
  0
CLASS
  1
AECC_DISP_REP_FEATURE_LABEL
  2
AeccDbViewFeatureLabel
  3
AeccLand50|Product Desc: AutoCAD Civil 3D |Company: Autodesk,Inc. |WEB Address: www.autodesk.com
 90
        0
 91
        1
280
     0
281
     0
  0
CLASS
  1
AECC_DISP_REP_GENERAL_SEGMENT_LABEL
  2
AeccDbViewGeneralLabel
  3
AeccLand50|Product Desc: AutoCAD Civil 3D |Company: Autodesk,Inc. |WEB Address: www.autodesk.com
 90
        0
 91
        1
280
     0
281
     0
  0
CLASS
  1
AECC_DISP_REP_LEGEND_TABLE
  2
AeccDbViewLegendScheduleTable
  3
AeccLand10|Product Desc: Autodesk Civil 3D |Company: Autodesk,Inc. |WEB Address: www.autodesk.com
 90
        0
 91
        1
280
     0
281
     0
  0
CLASS
  1
AECC_DISP_REP_PARCEL_SEGMENT
  2
AeccDbViewLotLine
  3
AeccLand10|Product Desc: Autodesk Civil 3D |Company: Autodesk,Inc. |WEB Address: www.autodesk.com
 90
        0
 91
        1
280
     0
281
     0
  0
CLASS
  1
AECC_DISP_REP_LINE_TABLE
  2
AeccDbViewLotLineScheduleTable
  3
AeccLand10|Product Desc: Autodesk Civil 3D |Company: Autodesk,Inc. |WEB Address: www.autodesk.com
 90
        0
 91
        1
280
     0
281
     0
  0
CLASS
  1
AECC_DISP_REP_NOTE_LABEL
  2
AeccDbViewNoteLabel
  3
AeccLand50|Product Desc: AutoCAD Civil 3D |Company: Autodesk,Inc. |WEB Address: www.autodesk.com
 90
        0
 91
        1
280
     0
281
     0
  0
CLASS
  1
AECC_DISP_REP_OFFSET_ELEV_LABEL
  2
AeccDbViewOffsetElevLabel
  3
AeccLand50|Product Desc: AutoCAD Civil 3D |Company: Autodesk,Inc. |WEB Address: www.autodesk.com
 90
        0
 91
        1
280
     0
281
     0
  0
CLASS
  1
AECC_DISP_REP_PARCEL_BOUNDARY
  2
AeccDbViewParcelBoundary
  3
AeccLand10|Product Desc: Autodesk Civil 3D |Company: Autodesk,Inc. |WEB Address: www.autodesk.com
 90
        0
 91
        1
280
     0
281
     0
  0
CLASS
  1
AECC_DISP_REP_PARCEL_SEGMENT_TABLE
  2
AeccDbViewParcelSegmentTable
  3
AeccLand10|Product Desc: Autodesk Civil 3D |Company: Autodesk,Inc. |WEB Address: www.autodesk.com
 90
        0
 91
        1
280
     0
281
     0
  0
CLASS
  1
AECC_DISP_REP_POINT_ENT
  2
AeccDbViewPointEnt
  3
AeccLand50|Product Desc: AutoCAD Civil 3D |Company: Autodesk,Inc. |WEB Address: www.autodesk.com
 90
        0
 91
        1
280
     0
281
     0
  0
CLASS
  1
AECC_DISP_REP_POINT_GROUP
  2
AeccDbViewPointGroup
  3
AeccLand10|Product Desc: Autodesk Civil 3D |Company: Autodesk,Inc. |WEB Address: www.autodesk.com
 90
        0
 91
        1
280
     0
281
     0
  0
CLASS
  1
AECC_DISP_REP_POINT_TABLE
  2
AeccDbViewPointScheduleTable
  3
AeccLand10|Product Desc: Autodesk Civil 3D |Company: Autodesk,Inc. |WEB Address: www.autodesk.com
 90
        0
 91
        1
280
     0
281
     0
  0
CLASS
  1
AECC_DISP_REP_PROFILE_VIEW_DEPTH_LABEL
  2
AeccDbViewProfileViewDepthLabel
  3
AeccLand50|Product Desc: AutoCAD Civil 3D |Company: Autodesk,Inc. |WEB Address: www.autodesk.com
 90
        0
 91
        1
280
     0
281
     0
  0
CLASS
  1
AECC_DISP_REP_RIGHT_OF_WAY
  2
AeccDbViewRightofWay
  3
AeccLand10|Product Desc: Autodesk Civil 3D |Company: Autodesk,Inc. |WEB Address: www.autodesk.com
 90
        0
 91
        1
280
     0
281
     0
  0
CLASS
  1
AECC_DISP_REP_SAMPLELINE_LABELING
  2
AeccDbViewSampleLineLabeling
  3
AeccLand50|Product Desc: AutoCAD Civil 3D |Company: Autodesk,Inc. |WEB Address: www.autodesk.com
 90
        0
 91
        1
280
     0
281
     0
  0
CLASS
  1
AECC_DISP_REP_SECTION_GRADEBREAK_LABEL_GROUP
  2
AeccDbViewSectionGradeBreakLabeling
  3
AeccLand50|Product Desc: AutoCAD Civil 3D |Company: Autodesk,Inc. |WEB Address: www.autodesk.com
 90
        0
 91
        1
280
     0
281
     0
  0
CLASS
  1
AECC_DISP_REP_SECTION_MINOR_OFFSET_LABEL_GROUP
  2
AeccDbViewSectionMinorOffsetLabeling
  3
AeccLand50|Product Desc: AutoCAD Civil 3D |Company: Autodesk,Inc. |WEB Address: www.autodesk.com
 90
        0
 91
        1
280
     0
281
     0
  0
CLASS
  1
AECC_DISP_REP_SECTION_OFFSET_LABEL_GROUP
  2
AeccDbViewSectionOffsetLabeling
  3
AeccLand50|Product Desc: AutoCAD Civil 3D |Company: Autodesk,Inc. |WEB Address: www.autodesk.com
 90
        0
 91
        1
280
     0
281
     0
  0
CLASS
  1
AECC_DISP_REP_SECTION_SEGMENT_LABEL_GROUP
  2
AeccDbViewSectionSegmentLabeling
  3
AeccLand50|Product Desc: AutoCAD Civil 3D |Company: Autodesk,Inc. |WEB Address: www.autodesk.com
 90
        0
 91
        1
280
     0
281
     0
  0
CLASS
  1
AECC_DISP_REP_SECTION_VIEW_DEPTH_LABEL
  2
AeccDbViewSectionViewDepthLabel
  3
AeccLand50|Product Desc: AutoCAD Civil 3D |Company: Autodesk,Inc. |WEB Address: www.autodesk.com
 90
        0
 91
        1
280
     0
281
     0
  0
CLASS
  1
AECC_DISP_REP_STATION_ELEV_LABEL
  2
AeccDbViewStaElevLabel
  3
AeccLand50|Product Desc: AutoCAD Civil 3D |Company: Autodesk,Inc. |WEB Address: www.autodesk.com
 90
        0
 91
        1
280
     0
281
     0
  0
CLASS
  1
AECC_DISP_REP_ALIGNMENT_STATION_OFFSET_LABEL
  2
AeccDbViewStaOffsetLabel
  3
AeccLand50|Product Desc: AutoCAD Civil 3D |Company: Autodesk,Inc. |WEB Address: www.autodesk.com
 90
        0
 91
        1
280
     0
281
     0
  0
CLASS
  1
AECC_DISP_REP_SURFACE_CONTOUR_LABEL_GROUP
  2
AeccDbViewSurfaceContourLabeling
  3
AeccLand50|Product Desc: AutoCAD Civil 3D |Company: Autodesk,Inc. |WEB Address: www.autodesk.com
 90
        0
 91
        1
280
     0
281
     0
  0
CLASS
  1
AECC_DISP_REP_SURFACE_ELEVATION_LABEL
  2
AeccDbViewSurfaceElevLabel
  3
AeccLand50|Product Desc: AutoCAD Civil 3D |Company: Autodesk,Inc. |WEB Address: www.autodesk.com
 90
        0
 91
        1
280
     0
281
     0
  0
CLASS
  1
AECC_DISP_REP_SURFACE_SLOPE_LABEL
  2
AeccDbViewSurfaceSlopeLabel
  3
AeccLand50|Product Desc: AutoCAD Civil 3D |Company: Autodesk,Inc. |WEB Address: www.autodesk.com
 90
        0
 91
        1
280
     0
281
     0
  0
CLASS
  1
AECC_DISP_REP_TANGENT_INTERSECTION_TABLE
  2
AeccDbViewTangentIntersectionTable
  3
AeccLand10|Product Desc: Autodesk Civil 3D |Company: Autodesk,Inc. |WEB Address: www.autodesk.com
 90
        0
 91
        1
280
     0
281
     0
  0
CLASS
  1
AECC_DISP_REP_VALIGNMENT_CRESTCURVE_LABEL_GROUP
  2
AeccDbViewVAlignmentCrestCurveLabeling
  3
AeccLand50|Product Desc: AutoCAD Civil 3D |Company: Autodesk,Inc. |WEB Address: www.autodesk.com
 90
        0
 91
        1
280
     0
281
     0
  0
CLASS
  1
AECC_DISP_REP_VALIGNMENT_HAGEOMPT_LABEL_GROUP
  2
AeccDbViewVAlignmentHAGeomPointLabeling
  3
AeccLand50|Product Desc: AutoCAD Civil 3D |Company: Autodesk,Inc. |WEB Address: www.autodesk.com
 90
        0
 91
        1
280
     0
281
     0
  0
CLASS
  1
AECC_DISP_REP_VALIGNMENT_LINE_LABEL_GROUP
  2
AeccDbViewVAlignmentLineLabeling
  3
AeccLand50|Product Desc: AutoCAD Civil 3D |Company: Autodesk,Inc. |WEB Address: www.autodesk.com
 90
        0
 91
        1
280
     0
281
     0
  0
CLASS
  1
AECC_DISP_REP_VALIGNMENT_MINOR_STATION_LABEL_GROUP
  2
AeccDbViewVAlignmentMinorStationLabeling
  3
AeccLand50|Product Desc: AutoCAD Civil 3D |Company: Autodesk,Inc. |WEB Address: www.autodesk.com
 90
        0
 91
        1
280
     0
281
     0
  0
CLASS
  1
AECC_DISP_REP_VALIGNMENT_PVI_LABEL_GROUP
  2
AeccDbViewVAlignmentPVILabeling
  3
AeccLand50|Product Desc: AutoCAD Civil 3D |Company: Autodesk,Inc. |WEB Address: www.autodesk.com
 90
        0
 91
        1
280
     0
281
     0
  0
CLASS
  1
AECC_DISP_REP_VALIGNMENT_SAGCURVE_LABEL_GROUP
  2
AeccDbViewVAlignmentSagCurveLabeling
  3
AeccLand50|Product Desc: AutoCAD Civil 3D |Company: Autodesk,Inc. |WEB Address: www.autodesk.com
 90
        0
 91
        1
280
     0
281
     0
  0
CLASS
  1
AECC_DISP_REP_VALIGNMENT_STATION_LABEL_GROUP
  2
AeccDbViewVAlignmentStationLabeling
  3
AeccLand50|Product Desc: AutoCAD Civil 3D |Company: Autodesk,Inc. |WEB Address: www.autodesk.com
 90
        0
 91
        1
280
     0
281
     0
  0
CLASS
  1
AEC_DISP_REP_COL_BLOCK
  2
AeccuDbDispRepColBlock
  3
AeccParamPart50|Product Desc: AutoCAD Civil 3D |Company: Autodesk,Inc. |WEB Address: www.autodesk.com
 90
      129
 91
        1
280
     0
281
     0
  0
CLASS
  1
AEC_DISP_REP_COL_CIRCARC2D
  2
AeccuDbDispRepColCircArc2d
  3
AeccParamPart50|Product Desc: AutoCAD Civil 3D |Company: Autodesk,Inc. |WEB Address: www.autodesk.com
 90
      129
 91
        1
280
     0
281
     0
  0
CLASS
  1
AEC_DISP_REP_COL_CONCOINCIDENT
  2
AeccuDbDispRepColConCoincident
  3
AeccParamPart50|Product Desc: AutoCAD Civil 3D |Company: Autodesk,Inc. |WEB Address: www.autodesk.com
 90
      129
 91
        1
280
     0
281
     0
  0
CLASS
  1
AEC_DISP_REP_COL_CONCONCENTRIC
  2
AeccuDbDispRepColConConcentric
  3
AeccParamPart50|Product Desc: AutoCAD Civil 3D |Company: Autodesk,Inc. |WEB Address: www.autodesk.com
 90
      129
 91
        1
280
     0
281
     0
  0
CLASS
  1
AEC_DISP_REP_COL_CONEQUALDISTANCE
  2
AeccuDbDispRepColConEqualDistance
  3
AeccParamPart50|Product Desc: AutoCAD Civil 3D |Company: Autodesk,Inc. |WEB Address: www.autodesk.com
 90
      129
 91
        1
280
     0
281
     0
  0
CLASS
  1
AEC_DISP_REP_COL_CONMIDPOINT
  2
AeccuDbDispRepColConMidpoint
  3
AeccParamPart50|Product Desc: AutoCAD Civil 3D |Company: Autodesk,Inc. |WEB Address: www.autodesk.com
 90
      129
 91
        1
280
     0
281
     0
  0
CLASS
  1
AEC_DISP_REP_COL_CONNORMAL
  2
AeccuDbDispRepColConNormal
  3
AeccParamPart50|Product Desc: AutoCAD Civil 3D |Company: Autodesk,Inc. |WEB Address: www.autodesk.com
 90
      129
 91
        1
280
     0
281
     0
  0
CLASS
  1
AEC_DISP_REP_COL_CONPARALLEL
  2
AeccuDbDispRepColConParallel
  3
AeccParamPart50|Product Desc: AutoCAD Civil 3D |Company: Autodesk,Inc. |WEB Address: www.autodesk.com
 90
      129
 91
        1
280
     0
281
     0
  0
CLASS
  1
AEC_DISP_REP_COL_CONPERPENDICULAR
  2
AeccuDbDispRepColConPerpendicular
  3
AeccParamPart50|Product Desc: AutoCAD Civil 3D |Company: Autodesk,Inc. |WEB Address: www.autodesk.com
 90
      129
 91
        1
280
     0
281
     0
  0
CLASS
  1
AEC_DISP_REP_COL_CONSYMMETRIC
  2
AeccuDbDispRepColConSymmetric
  3
AeccParamPart50|Product Desc: AutoCAD Civil 3D |Company: Autodesk,Inc. |WEB Address: www.autodesk.com
 90
      129
 91
        1
280
     0
281
     0
  0
CLASS
  1
AEC_DISP_REP_COL_CONTANGENT
  2
AeccuDbDispRepColConTangent
  3
AeccParamPart50|Product Desc: AutoCAD Civil 3D |Company: Autodesk,Inc. |WEB Address: www.autodesk.com
 90
      129
 91
        1
280
     0
281
     0
  0
CLASS
  1
AEC_DISP_REP_COL_CONNECTOR
  2
AeccuDbDispRepColConnector
  3
AeccParamPart50|Product Desc: AutoCAD Civil 3D |Company: Autodesk,Inc. |WEB Address: www.autodesk.com
 90
      129
 91
        1
280
     0
281
     0
  0
CLASS
  1
AEC_DISP_REP_COL_DIMANGLE
  2
AeccuDbDispRepColDimAngle
  3
AeccParamPart50|Product Desc: AutoCAD Civil 3D |Company: Autodesk,Inc. |WEB Address: www.autodesk.com
 90
      129
 91
        1
280
     0
281
     0
  0
CLASS
  1
AEC_DISP_REP_DCM_DIMRADIUS
  2
AeccuDbDispRepColDimRadius
  3
AeccParamPart50|Product Desc: AutoCAD Civil 3D |Company: Autodesk,Inc. |WEB Address: www.autodesk.com
 90
      129
 91
        1
280
     0
281
     0
  0
CLASS
  1
AEC_DISP_REP_COL_DIMDIAMETER
  2
AeccuDbDispRepColDimDiameter
  3
AeccParamPart50|Product Desc: AutoCAD Civil 3D |Company: Autodesk,Inc. |WEB Address: www.autodesk.com
 90
      129
 91
        1
280
     0
281
     0
  0
CLASS
  1
AEC_DISP_REP_COL_DIMDISTANCE
  2
AeccuDbDispRepColDimDistance
  3
AeccParamPart50|Product Desc: AutoCAD Civil 3D |Company: Autodesk,Inc. |WEB Address: www.autodesk.com
 90
      129
 91
        1
280
     0
281
     0
  0
CLASS
  1
AEC_DISP_REP_COL_DIMLENGTH
  2
AeccuDbDispRepColDimLength
  3
AeccParamPart50|Product Desc: AutoCAD Civil 3D |Company: Autodesk,Inc. |WEB Address: www.autodesk.com
 90
      129
 91
        1
280
     0
281
     0
  0
CLASS
  1
AEC_DISP_REP_COL_DIMMAJORRADIUS
  2
AeccuDbDispRepColDimMajorRadius
  3
AeccParamPart50|Product Desc: AutoCAD Civil 3D |Company: Autodesk,Inc. |WEB Address: www.autodesk.com
 90
      129
 91
        1
280
     0
281
     0
  0
CLASS
  1
AEC_DISP_REP_COL_DIMMINORRADIUS
  2
AeccuDbDispRepColDimMinorRadius
  3
AeccParamPart50|Product Desc: AutoCAD Civil 3D |Company: Autodesk,Inc. |WEB Address: www.autodesk.com
 90
      129
 91
        1
280
     0
281
     0
  0
CLASS
  1
AEC_DISP_REP_COL_ELLIPARC2D
  2
AeccuDbDispRepColEllipArc2d
  3
AeccParamPart50|Product Desc: AutoCAD Civil 3D |Company: Autodesk,Inc. |WEB Address: www.autodesk.com
 90
      129
 91
        1
280
     0
281
     0
  0
CLASS
  1
AEC_DISP_REP_COL_LAYOUTDATA
  2
AeccuDbDispRepColLayoutData
  3
AeccParamPart50|Product Desc: AutoCAD Civil 3D |Company: Autodesk,Inc. |WEB Address: www.autodesk.com
 90
      129
 91
        1
280
     0
281
     0
  0
CLASS
  1
AEC_DISP_REP_COL_LINE2D
  2
AeccuDbDispRepColLine2d
  3
AeccParamPart50|Product Desc: AutoCAD Civil 3D |Company: Autodesk,Inc. |WEB Address: www.autodesk.com
 90
      129
 91
        1
280
     0
281
     0
  0
CLASS
  1
AEC_DISP_REP_COL_MODIFIER_ADD
  2
AeccuDbDispRepColModAdd
  3
AeccParamPart50|Product Desc: AutoCAD Civil 3D |Company: Autodesk,Inc. |WEB Address: www.autodesk.com
 90
      129
 91
        1
280
     0
281
     0
  0
CLASS
  1
AEC_DISP_REP_COL_MODIFIER_CUTPLANE
  2
AeccuDbDispRepColModCutPlane
  3
AeccParamPart50|Product Desc: AutoCAD Civil 3D |Company: Autodesk,Inc. |WEB Address: www.autodesk.com
 90
      129
 91
        1
280
     0
281
     0
  0
CLASS
  1
AEC_DISP_REP_COL_MODIFIER_EXTRUSION
  2
AeccuDbDispRepColModExtrusion
  3
AeccParamPart50|Product Desc: AutoCAD Civil 3D |Company: Autodesk,Inc. |WEB Address: www.autodesk.com
 90
      129
 91
        1
280
     0
281
     0
  0
CLASS
  1
AEC_DISP_REP_COL_MODIFIER_GROUP
  2
AeccuDbDispRepColModGroup
  3
AeccParamPart50|Product Desc: AutoCAD Civil 3D |Company: Autodesk,Inc. |WEB Address: www.autodesk.com
 90
      129
 91
        1
280
     0
281
     0
  0
CLASS
  1
AEC_DISP_REP_COL_MODIFIER_PATH
  2
AeccuDbDispRepColModPath
  3
AeccParamPart50|Product Desc: AutoCAD Civil 3D |Company: Autodesk,Inc. |WEB Address: www.autodesk.com
 90
      129
 91
        1
280
     0
281
     0
  0
CLASS
  1
AEC_DISP_REP_COL_MODIFIER_SUBTRACT
  2
AeccuDbDispRepColModSubtract
  3
AeccParamPart50|Product Desc: AutoCAD Civil 3D |Company: Autodesk,Inc. |WEB Address: www.autodesk.com
 90
      129
 91
        1
280
     0
281
     0
  0
CLASS
  1
AEC_DISP_REP_COL_MODIFIER_TRANSITION
  2
AeccuDbDispRepColModTransition
  3
AeccParamPart50|Product Desc: AutoCAD Civil 3D |Company: Autodesk,Inc. |WEB Address: www.autodesk.com
 90
      129
 91
        1
280
     0
281
     0
  0
CLASS
  1
AEC_DISP_REP_COL_POINT2D
  2
AeccuDbDispRepColPoint2d
  3
AeccParamPart50|Product Desc: AutoCAD Civil 3D |Company: Autodesk,Inc. |WEB Address: www.autodesk.com
 90
      129
 91
        1
280
     0
281
     0
  0
CLASS
  1
AEC_DISP_REP_COL_PROFILE
  2
AeccuDbDispRepColProfile
  3
AeccParamPart50|Product Desc: AutoCAD Civil 3D |Company: Autodesk,Inc. |WEB Address: www.autodesk.com
 90
      129
 91
        1
280
     0
281
     0
  0
CLASS
  1
AEC_DISP_REP_COL_WORKPLANE
  2
AeccuDbDispRepColWorkPlane
  3
AeccParamPart50|Product Desc: AutoCAD Civil 3D |Company: Autodesk,Inc. |WEB Address: www.autodesk.com
 90
      129
 91
        1
280
     0
281
     0
  0
CLASS
  1
AEC_DISP_REP_COL_WORKPLANE_REF
  2
AeccuDbDispRepColWorkPlaneRef
  3
AeccParamPart50|Product Desc: AutoCAD Civil 3D |Company: Autodesk,Inc. |WEB Address: www.autodesk.com
 90
      129
 91
        1
280
     0
281
     0
  0
CLASS
  1
AECC_DISP_REP_GRAPHPROFILE_NETWORKPART
  2
AeccDbDispRepGraphProfileNetworkPart
  3
AeccNetwork50|Product Desc: AutoCAD Civil 3D |Company: Autodesk,Inc. |WEB Address: www.autodesk.com
 90
      129
 91
        1
280
     0
281
     0
  0
CLASS
  1
AECC_DISP_REP_INTERFERENCE_PART
  2
AeccDbDispRepInterference
  3
AeccNetwork50|Product Desc: AutoCAD Civil 3D |Company: Autodesk,Inc. |WEB Address: www.autodesk.com
 90
      129
 91
        1
280
     0
281
     0
  0
CLASS
  1
AECC_DISP_REP_INTERFERENCE_CHECK
  2
AeccDbDispRepInterferenceCheck
  3
AeccNetwork50|Product Desc: AutoCAD Civil 3D |Company: Autodesk,Inc. |WEB Address: www.autodesk.com
 90
      129
 91
        1
280
     0
281
     0
  0
CLASS
  1
AECC_DISP_REP_NETWORK
  2
AeccDbDispRepNetwork
  3
AeccNetwork50|Product Desc: AutoCAD Civil 3D |Company: Autodesk,Inc. |WEB Address: www.autodesk.com
 90
      129
 91
        1
280
     0
281
     0
  0
CLASS
  1
AECC_DISP_REP_PIPE
  2
AeccDbDispRepPipe
  3
AeccNetwork50|Product Desc: AutoCAD Civil 3D |Company: Autodesk,Inc. |WEB Address: www.autodesk.com
 90
      129
 91
        1
280
     0
281
     0
  0
CLASS
  1
AECC_DISP_REP_SECTION_PIPENETWORK
  2
AeccDbDispRepSectionPipeNetwork
  3
AeccNetwork50|Product Desc: AutoCAD Civil 3D |Company: Autodesk,Inc. |WEB Address: www.autodesk.com
 90
      129
 91
        1
280
     0
281
     0
  0
CLASS
  1
AECC_DISP_REP_STRUCTURE
  2
AeccDbDispRepStructure
  3
AeccNetwork50|Product Desc: AutoCAD Civil 3D |Company: Autodesk,Inc. |WEB Address: www.autodesk.com
 90
      129
 91
        1
280
     0
281
     0
  0
CLASS
  1
AECC_DISP_REP_PIPE_TABLE
  2
AeccDbViewPipeAndStructureTable
  3
AeccNetwork50|Product Desc: AutoCAD Civil 3D |Company: Autodesk,Inc. |WEB Address: www.autodesk.com
 90
        0
 91
        1
280
     0
281
     0
  0
CLASS
  1
AECC_DISP_REP_PIPE_LABELING
  2
AeccDbViewPipeLabel
  3
AeccNetwork50|Product Desc: AutoCAD Civil 3D |Company: Autodesk,Inc. |WEB Address: www.autodesk.com
 90
        0
 91
        1
280
     0
281
     0
  0
CLASS
  1
AECC_DISP_REP_PIPE_PROFILE_LABELING
  2
AeccDbViewPipeProfileLabel
  3
AeccNetwork50|Product Desc: AutoCAD Civil 3D |Company: Autodesk,Inc. |WEB Address: www.autodesk.com
 90
        0
 91
        1
280
     0
281
     0
  0
CLASS
  1
AECC_DISP_REP_PIPE_SECTION_LABELING
  2
AeccDbViewPipeSectionLabel
  3
AeccNetwork50|Product Desc: AutoCAD Civil 3D |Company: Autodesk,Inc. |WEB Address: www.autodesk.com
 90
        0
 91
        1
280
     0
281
     0
  0
CLASS
  1
AECC_DISP_REP_SPANNING_PIPE_LABELING
  2
AeccDbViewSpanningPipeLabel
  3
AeccNetwork50|Product Desc: AutoCAD Civil 3D |Company: Autodesk,Inc. |WEB Address: www.autodesk.com
 90
        0
 91
        1
280
     0
281
     0
  0
CLASS
  1
AECC_DISP_REP_STRUCTURE_LABELING
  2
AeccDbViewStructureLabel
  3
AeccNetwork50|Product Desc: AutoCAD Civil 3D |Company: Autodesk,Inc. |WEB Address: www.autodesk.com
 90
        0
 91
        1
280
     0
281
     0
  0
CLASS
  1
AECC_DISP_REP_STRUCTURE_PROFILE_LABELING
  2
AeccDbViewStructureProfileLabel
  3
AeccNetwork50|Product Desc: AutoCAD Civil 3D |Company: Autodesk,Inc. |WEB Address: www.autodesk.com
 90
        0
 91
        1
280
     0
281
     0
  0
CLASS
  1
AECC_DISP_REP_STRUCTURE_SECTION_LABELING
  2
AeccDbViewStructureSectionLabel
  3
AeccNetwork50|Product Desc: AutoCAD Civil 3D |Company: Autodesk,Inc. |WEB Address: www.autodesk.com
 90
        0
 91
        1
280
     0
281
     0
  0
CLASS
  1
AECC_DISP_REP_MATCH_LINE
  2
AeccDbDispRepMatchLine
  3
AeccPlanProd50|Product Desc: AutoCAD Civil 3D |Company: Autodesk,Inc. |WEB Address: www.autodesk.com
 90
      129
 91
        1
280
     0
281
     0
  0
CLASS
  1
AECC_DISP_REP_VIEW_FRAME
  2
AeccDbDispRepViewFrame
  3
AeccPlanProd50|Product Desc: AutoCAD Civil 3D |Company: Autodesk,Inc. |WEB Address: www.autodesk.com
 90
      129
 91
        1
280
     0
281
     0
  0
CLASS
  1
AECC_DISP_REP_MATCHLINE_LABELING
  2
AeccDbViewMatchLineLabeling
  3
AeccPlanProd50|Product Desc: AutoCAD Civil 3D |Company: Autodesk,Inc. |WEB Address: www.autodesk.com
 90
        0
 91
        1
280
     0
281
     0
  0
CLASS
  1
AECC_DISP_REP_VIEWFRAME_LABELING
  2
AeccDbViewViewFrameLabeling
  3
AeccPlanProd50|Product Desc: AutoCAD Civil 3D |Company: Autodesk,Inc. |WEB Address: www.autodesk.com
 90
        0
 91
        1
280
     0
281
     0
  0
CLASS
  1
AECC_DISP_REP_SECTION_CORRIDOR
  2
AeccDbDispRepSectionCorridor
  3
AeccRoadway50|Product Desc: AutoCAD Civil 3D |Company: Autodesk,Inc. |WEB Address: www.autodesk.com
 90
      129
 91
        1
280
     0
281
     0
  0
CLASS
  1
AECC_DISP_REP_ASSEMBLY
  2
AeccDbViewAssembly
  3
AeccRoadway50|Product Desc: AutoCAD Civil 3D |Company: Autodesk,Inc. |WEB Address: www.autodesk.com
 90
        0
 91
        1
280
     0
281
     0
  0
CLASS
  1
AECC_DISP_REP_CORRIDOR
  2
AeccDbViewCorridor
  3
AeccRoadway50|Product Desc: AutoCAD Civil 3D |Company: Autodesk,Inc. |WEB Address: www.autodesk.com
 90
        0
 91
        1
280
     0
281
     0
  0
CLASS
  1
AECC_DISP_REP_SUBASSEMBLY
  2
AeccDbViewSubassembly
  3
AeccRoadway50|Product Desc: AutoCAD Civil 3D |Company: Autodesk,Inc. |WEB Address: www.autodesk.com
 90
        0
 91
        1
280
     0
281
     0
  0
CLASS
  1
AECC_DISP_REP_SVFIGURE
  2
AeccDbViewSvFigure
  3
AeccSurvey50|Product Desc: AutoCAD Civil 3D |Company: Autodesk,Inc. |WEB Address: www.autodesk.com
 90
        0
 91
        1
280
     0
281
     0
  0
CLASS
  1
AECC_DISP_REP_SVNETWORK
  2
AeccDbViewSvNetwork
  3
AeccSurvey50|Product Desc: AutoCAD Civil 3D |Company: Autodesk,Inc. |WEB Address: www.autodesk.com
 90
        0
 91
        1
280
     0
281
     0
  0
CLASS
  1
AEC_DISP_REP_ANCHOR_TAG_TO_ENT
  2
AecDbDispRepAnchorTagToEnt
  3
AecBase80|Product Desc: Autodesk Architectural Desktop 2007 |Company: Autodesk,Inc. |WEB Address: www.autodesk.com
 90
      129
 91
        1
280
     0
281
     0
  0
CLASS
  1
AEC_DISP_REP_ANCHOR_EXT_TAG_TO_ENT
  2
AecDbDispRepAnchorExtendedTagToEnt
  3
AecBase80|Product Desc: Autodesk Architectural Desktop 2007 |Company: Autodesk,Inc. |WEB Address: www.autodesk.com
 90
      129
 91
        1
280
     0
281
     0
  0
CLASS
  1
AEC_DISP_REP_BDG_ELEVLINE_MODEL
  2
AecDbDispRepBdgElevLineModel
  3
AecArchBase80|Product Desc: Autodesk Architectural Desktop 2007 |Company: Autodesk,Inc. |WEB Address: www.autodesk.com
 90
      129
 91
        1
280
     0
281
     0
  0
CLASS
  1
AEC_DISP_REP_BDG_SECTIONLINE_PLAN
  2
AecDbDispRepBdgElevLinePlan
  3
AecArchBase80|Product Desc: Autodesk Architectural Desktop 2007 |Company: Autodesk,Inc. |WEB Address: www.autodesk.com
 90
      129
 91
        1
280
     0
281
     0
  0
CLASS
  1
AEC_DISP_REP_BDG_ELEVLINE_RCP
  2
AecDbDispRepBdgElevLineRcp
  3
AecArchBase80|Product Desc: Autodesk Architectural Desktop 2007 |Company: Autodesk,Inc. |WEB Address: www.autodesk.com
 90
      129
 91
        1
280
     0
281
     0
  0
CLASS
  1
AEC_DISP_REP_BDG_SECTIONLINE_MODEL
  2
AecDbDispRepBdgSectionLineModel
  3
AecArchBase80|Product Desc: Autodesk Architectural Desktop 2007 |Company: Autodesk,Inc. |WEB Address: www.autodesk.com
 90
      129
 91
        1
280
     0
281
     0
  0
CLASS
  1
AEC_DISP_REP_BDG_SECTIONLINE_PLAN
  2
AecDbDispRepBdgSectionLinePlan
  3
AecArchBase80|Product Desc: Autodesk Architectural Desktop 2007 |Company: Autodesk,Inc. |WEB Address: www.autodesk.com
 90
      129
 91
        1
280
     0
281
     0
  0
CLASS
  1
AEC_DISP_REP_BDG_SECTIONLINE_RCP
  2
AecDbDispRepBdgSectionLineRcp
  3
AecArchBase80|Product Desc: Autodesk Architectural Desktop 2007 |Company: Autodesk,Inc. |WEB Address: www.autodesk.com
 90
      129
 91
        1
280
     0
281
     0
  0
CLASS
  1
AEC_DISP_REP_BDG_SECTION_MODEL
  2
AecDbDispRepBdgSectionModel
  3
AecArchBase80|Product Desc: Autodesk Architectural Desktop 2007 |Company: Autodesk,Inc. |WEB Address: www.autodesk.com
 90
      129
 91
        1
280
     0
281
     0
  0
CLASS
  1
AEC_DISP_REP_BDG_SECTION_SUBDIV
  2
AecDbDispRepBdgSectionSubDiv
  3
AecArchBase80|Product Desc: Autodesk Architectural Desktop 2007 |Company: Autodesk,Inc. |WEB Address: www.autodesk.com
 90
      129
 91
        1
280
     0
281
     0
  0
CLASS
  1
AEC_DISP_REP_CEILING_GRID
  2
AecDbDispRepCeilingGrid
  3
AecArchBase80|Product Desc: Autodesk Architectural Desktop 2007 |Company: Autodesk,Inc. |WEB Address: www.autodesk.com
 90
      893
 91
        1
280
     0
281
     0
  0
CLASS
  1
AEC_DISP_REP_CEILING_GRID_MODEL
  2
AecDbDispRepCeilingGridModel
  3
AecArchBase80|Product Desc: Autodesk Architectural Desktop 2007 |Company: Autodesk,Inc. |WEB Address: www.autodesk.com
 90
      129
 91
        1
280
     0
281
     0
  0
CLASS
  1
AEC_DISP_REP_CEILING_GRID_RCP
  2
AecDbDispRepCeilingGridRcp
  3
AecArchBase80|Product Desc: Autodesk Architectural Desktop 2007 |Company: Autodesk,Inc. |WEB Address: www.autodesk.com
 90
      129
 91
        1
280
     0
281
     0
  0
CLASS
  1
AEC_DISP_REP_CURTAIN_WALL_LAYOUT_MODEL
  2
AecDbDispRepCurtainWallLayoutModel
  3
AecArchBase80|Product Desc: Autodesk Architectural Desktop 2007 |Company: Autodesk,Inc. |WEB Address: www.autodesk.com
 90
      129
 91
        1
280
     0
281
     0
  0
CLASS
  1
AEC_DISP_PROPS_GRID_ASSEMBLY_MODEL
  2
AecDbDispPropsGridAssemblyModel
  3
AecArchBase80|Product Desc: Autodesk Architectural Desktop 2007 |Company: Autodesk,Inc. |WEB Address: www.autodesk.com
 90
      129
 91
        3
280
     0
281
     0
  0
CLASS
  1
AEC_DISP_REP_CURTAIN_WALL_LAYOUT_PLAN
  2
AecDbDispRepCurtainWallLayoutPlan
  3
AecArchBase80|Product Desc: Autodesk Architectural Desktop 2007 |Company: Autodesk,Inc. |WEB Address: www.autodesk.com
 90
      129
 91
        1
280
     0
281
     0
  0
CLASS
  1
AEC_DISP_REP_CURTAIN_WALL_UNIT_MODEL
  2
AecDbDispRepCurtainWallUnitModel
  3
AecArchBase80|Product Desc: Autodesk Architectural Desktop 2007 |Company: Autodesk,Inc. |WEB Address: www.autodesk.com
 90
      129
 91
        1
280
     0
281
     0
  0
CLASS
  1
AEC_DISP_REP_CURTAIN_WALL_UNIT_PLAN
  2
AecDbDispRepCurtainWallUnitPlan
  3
AecArchBase80|Product Desc: Autodesk Architectural Desktop 2007 |Company: Autodesk,Inc. |WEB Address: www.autodesk.com
 90
      129
 91
        1
280
     0
281
     0
  0
CLASS
  1
AEC_DISP_REP_DOOR_MODEL
  2
AecDbDispRepDoorModel
  3
AecArchBase80|Product Desc: Autodesk Architectural Desktop 2007 |Company: Autodesk,Inc. |WEB Address: www.autodesk.com
 90
      129
 91
        1
280
     0
281
     0
  0
CLASS
  1
AEC_DISP_PROPS_DOOR
  2
AecDbDispPropsDoor
  3
AecArchBase80|Product Desc: Autodesk Architectural Desktop 2007 |Company: Autodesk,Inc. |WEB Address: www.autodesk.com
 90
      129
 91
        4
280
     0
281
     0
  0
CLASS
  1
AEC_DISP_REP_DOOR_ELEV
  2
AecDbDispRepDoorElev
  3
AecArchBase80|Product Desc: Autodesk Architectural Desktop 2007 |Company: Autodesk,Inc. |WEB Address: www.autodesk.com
 90
      129
 91
        1
280
     0
281
     0
  0
CLASS
  1
AEC_DISP_REP_DOOR_PLAN
  2
AecDbDispRepDoorPlan
  3
AecArchBase80|Product Desc: Autodesk Architectural Desktop 2007 |Company: Autodesk,Inc. |WEB Address: www.autodesk.com
 90
      129
 91
        1
280
     0
281
     0
  0
CLASS
  1
AEC_DISP_REP_DOOR_NOMINAL
  2
AecDbDispRepDoorNominal
  3
AecArchBase80|Product Desc: Autodesk Architectural Desktop 2007 |Company: Autodesk,Inc. |WEB Address: www.autodesk.com
 90
      129
 91
        1
280
     0
281
     0
  0
CLASS
  1
AEC_DISP_PROPS_DOOR_NOMINAL
  2
AecDbDispPropsDoorNominal
  3
AecArchBase80|Product Desc: Autodesk Architectural Desktop 2007 |Company: Autodesk,Inc. |WEB Address: www.autodesk.com
 90
      129
 91
        1
280
     0
281
     0
  0
CLASS
  1
AEC_DISP_REP_DOOR_RCP
  2
AecDbDispRepDoorRcp
  3
AecArchBase80|Product Desc: Autodesk Architectural Desktop 2007 |Company: Autodesk,Inc. |WEB Address: www.autodesk.com
 90
      129
 91
        1
280
     0
281
     0
  0
CLASS
  1
AEC_DISP_REP_DOOR_THRESHOLD_PLAN
  2
AecDbDispRepDoorThresholdPlan
  3
AecArchBase80|Product Desc: Autodesk Architectural Desktop 2007 |Company: Autodesk,Inc. |WEB Address: www.autodesk.com
 90
      129
 91
        1
280
     0
281
     0
  0
CLASS
  1
AEC_DISP_PROPS_DOOR_THRESHOLD_PLAN
  2
AecDbDispPropsDoorThresholdPlan
  3
AecArchBase80|Product Desc: Autodesk Architectural Desktop 2007 |Company: Autodesk,Inc. |WEB Address: www.autodesk.com
 90
      129
 91
        1
280
     0
281
     0
  0
CLASS
  1
AEC_DISP_REP_MASKBLOCK_REF_RCP
  2
AecDbDispRepMaskBlockRefRcp
  3
AecArchBase80|Product Desc: Autodesk Architectural Desktop 2007 |Company: Autodesk,Inc. |WEB Address: www.autodesk.com
 90
      129
 91
        1
280
     0
281
     0
  0
CLASS
  1
AEC_DISP_REP_MASS_ELEM_RCP
  2
AecDbDispRepMassElemRcp
  3
AecArchBase80|Product Desc: Autodesk Architectural Desktop 2007 |Company: Autodesk,Inc. |WEB Address: www.autodesk.com
 90
      129
 91
        1
280
     0
281
     0
  0
CLASS
  1
AEC_DISP_REP_MASS_GROUP_RCP
  2
AecDbDispRepMassGroupRcp
  3
AecArchBase80|Product Desc: Autodesk Architectural Desktop 2007 |Company: Autodesk,Inc. |WEB Address: www.autodesk.com
 90
      129
 91
        1
280
     0
281
     0
  0
CLASS
  1
AEC_DISP_REP_MVBLOCK_REF_RCP
  2
AecDbDispRepMvBlockRefRcp
  3
AecArchBase80|Product Desc: Autodesk Architectural Desktop 2007 |Company: Autodesk,Inc. |WEB Address: www.autodesk.com
 90
      129
 91
        1
280
     0
281
     0
  0
CLASS
  1
AEC_DISP_REP_OPENING
  2
AecDbDispRepOpening
  3
AecArchBase80|Product Desc: Autodesk Architectural Desktop 2007 |Company: Autodesk,Inc. |WEB Address: www.autodesk.com
 90
      129
 91
        1
280
     0
281
     0
  0
CLASS
  1
AEC_DISP_PROPS_OPENING
  2
AecDbDispPropsOpening
  3
AecArchBase80|Product Desc: Autodesk Architectural Desktop 2007 |Company: Autodesk,Inc. |WEB Address: www.autodesk.com
 90
      129
 91
        2
280
     0
281
     0
  0
CLASS
  1
AEC_DISP_REP_OPENING_MODEL
  2
AecDbDispRepOpeningModel
  3
AecArchBase80|Product Desc: Autodesk Architectural Desktop 2007 |Company: Autodesk,Inc. |WEB Address: www.autodesk.com
 90
      129
 91
        1
280
     0
281
     0
  0
CLASS
  1
AEC_DISP_REP_RAILING_MODEL
  2
AecDbDispRepRailingModel
  3
AecArchBase80|Product Desc: Autodesk Architectural Desktop 2007 |Company: Autodesk,Inc. |WEB Address: www.autodesk.com
 90
      129
 91
        1
280
     0
281
     0
  0
CLASS
  1
AEC_DISP_PROPS_RAILING_MODEL
  2
AecDbDispPropsRailingModel
  3
AecArchBase80|Product Desc: Autodesk Architectural Desktop 2007 |Company: Autodesk,Inc. |WEB Address: www.autodesk.com
 90
      129
 91
        1
280
     0
281
     0
  0
CLASS
  1
AEC_DISP_REP_RAILING_PLAN
  2
AecDbDispRepRailingPlan
  3
AecArchBase80|Product Desc: Autodesk Architectural Desktop 2007 |Company: Autodesk,Inc. |WEB Address: www.autodesk.com
 90
      129
 91
        1
280
     0
281
     0
  0
CLASS
  1
AEC_DISP_PROPS_RAILING_PLAN
  2
AecDbDispPropsRailingPlan
  3
AecArchBase80|Product Desc: Autodesk Architectural Desktop 2007 |Company: Autodesk,Inc. |WEB Address: www.autodesk.com
 90
      129
 91
        1
280
     0
281
     0
  0
CLASS
  1
AEC_DISP_REP_ROOF_MODEL
  2
AecDbDispRepRoofModel
  3
AecArchBase80|Product Desc: Autodesk Architectural Desktop 2007 |Company: Autodesk,Inc. |WEB Address: www.autodesk.com
 90
      129
 91
        1
280
     0
281
     0
  0
CLASS
  1
AEC_DISP_REP_ROOF_PLAN
  2
AecDbDispRepRoofPlan
  3
AecArchBase80|Product Desc: Autodesk Architectural Desktop 2007 |Company: Autodesk,Inc. |WEB Address: www.autodesk.com
 90
      129
 91
        1
280
     0
281
     0
  0
CLASS
  1
AEC_DISP_REP_ROOF_RCP
  2
AecDbDispRepRoofRcp
  3
AecArchBase80|Product Desc: Autodesk Architectural Desktop 2007 |Company: Autodesk,Inc. |WEB Address: www.autodesk.com
 90
      129
 91
        1
280
     0
281
     0
  0
CLASS
  1
AEC_DISP_REP_SLAB_MODEL
  2
AecDbDispRepSlabModel
  3
AecArchBase80|Product Desc: Autodesk Architectural Desktop 2007 |Company: Autodesk,Inc. |WEB Address: www.autodesk.com
 90
      129
 91
        1
280
     0
281
     0
  0
CLASS
  1
AEC_DISP_PROPS_SLAB
  2
AecDbDispPropsSlab
  3
AecArchBase80|Product Desc: Autodesk Architectural Desktop 2007 |Company: Autodesk,Inc. |WEB Address: www.autodesk.com
 90
      129
 91
        1
280
     0
281
     0
  0
CLASS
  1
AEC_DISP_REP_ROOFSLAB_MODEL
  2
AecDbDispRepRoofSlabModel
  3
AecArchBase80|Product Desc: Autodesk Architectural Desktop 2007 |Company: Autodesk,Inc. |WEB Address: www.autodesk.com
 90
      129
 91
        1
280
     0
281
     0
  0
CLASS
  1
AEC_DISP_PROPS_ROOFSLAB
  2
AecDbDispPropsRoofSlab
  3
AecArchBase80|Product Desc: Autodesk Architectural Desktop 2007 |Company: Autodesk,Inc. |WEB Address: www.autodesk.com
 90
      129
 91
        1
280
     0
281
     0
  0
CLASS
  1
AEC_DISP_REP_SLAB_PLAN
  2
AecDbDispRepSlabPlan
  3
AecArchBase80|Product Desc: Autodesk Architectural Desktop 2007 |Company: Autodesk,Inc. |WEB Address: www.autodesk.com
 90
      129
 91
        1
280
     0
281
     0
  0
CLASS
  1
AEC_DISP_REP_ROOFSLAB_PLAN
  2
AecDbDispRepRoofSlabPlan
  3
AecArchBase80|Product Desc: Autodesk Architectural Desktop 2007 |Company: Autodesk,Inc. |WEB Address: www.autodesk.com
 90
      129
 91
        1
280
     0
281
     0
  0
CLASS
  1
AEC_DISP_REP_SPACE_DECOMPOSED
  2
AecDbDispRepSpaceDecomposed
  3
AecArchBase80|Product Desc: Autodesk Architectural Desktop 2007 |Company: Autodesk,Inc. |WEB Address: www.autodesk.com
 90
      129
 91
        1
280
     0
281
     0
  0
CLASS
  1
AEC_DISP_PROPS_SPACE_DECOMPOSED
  2
AecDbDispPropsSpaceDecomposed
  3
AecArchBase80|Product Desc: Autodesk Architectural Desktop 2007 |Company: Autodesk,Inc. |WEB Address: www.autodesk.com
 90
      129
 91
        1
280
     0
281
     0
  0
CLASS
  1
AEC_DISP_REP_SPACE_MODEL
  2
AecDbDispRepSpaceModel
  3
AecArchBase80|Product Desc: Autodesk Architectural Desktop 2007 |Company: Autodesk,Inc. |WEB Address: www.autodesk.com
 90
      129
 91
        1
280
     0
281
     0
  0
CLASS
  1
AEC_DISP_PROPS_SPACE_MODEL
  2
AecDbDispPropsSpaceModel
  3
AecArchBase80|Product Desc: Autodesk Architectural Desktop 2007 |Company: Autodesk,Inc. |WEB Address: www.autodesk.com
 90
      129
 91
        1
280
     0
281
     0
  0
CLASS
  1
AEC_DISP_REP_SPACE_PLAN
  2
AecDbDispRepSpacePlan
  3
AecArchBase80|Product Desc: Autodesk Architectural Desktop 2007 |Company: Autodesk,Inc. |WEB Address: www.autodesk.com
 90
      129
 91
        1
280
     0
281
     0
  0
CLASS
  1
AEC_DISP_REP_SPACE_RCP
  2
AecDbDispRepSpaceRcp
  3
AecArchBase80|Product Desc: Autodesk Architectural Desktop 2007 |Company: Autodesk,Inc. |WEB Address: www.autodesk.com
 90
      129
 91
        1
280
     0
281
     0
  0
CLASS
  1
AEC_DISP_REP_SPACE_VOLUME
  2
AecDbDispRepSpaceVolume
  3
AecArchBase80|Product Desc: Autodesk Architectural Desktop 2007 |Company: Autodesk,Inc. |WEB Address: www.autodesk.com
 90
      129
 91
        1
280
     0
281
     0
  0
CLASS
  1
AEC_DISP_REP_STAIR_MODEL
  2
AecDbDispRepStairModel
  3
AecArchBase80|Product Desc: Autodesk Architectural Desktop 2007 |Company: Autodesk,Inc. |WEB Address: www.autodesk.com
 90
      129
 91
        1
280
     0
281
     0
  0
CLASS
  1
AEC_DISP_PROPS_STAIR_MODEL
  2
AecDbDispPropsStairModel
  3
AecArchBase80|Product Desc: Autodesk Architectural Desktop 2007 |Company: Autodesk,Inc. |WEB Address: www.autodesk.com
 90
      129
 91
        1
280
     0
281
     0
  0
CLASS
  1
AEC_DISP_REP_STAIR_PLAN
  2
AecDbDispRepStairPlan
  3
AecArchBase80|Product Desc: Autodesk Architectural Desktop 2007 |Company: Autodesk,Inc. |WEB Address: www.autodesk.com
 90
      129
 91
        1
280
     0
281
     0
  0
CLASS
  1
AEC_DISP_PROPS_STAIR_PLAN
  2
AecDbDispPropsStairPlan
  3
AecArchBase80|Product Desc: Autodesk Architectural Desktop 2007 |Company: Autodesk,Inc. |WEB Address: www.autodesk.com
 90
      129
 91
        2
280
     0
281
     0
  0
CLASS
  1
AEC_DISP_REP_STAIR_PLAN_OVERLAPPING
  2
AecDbDispRepStairPlanOverlapping
  3
AecArchBase80|Product Desc: Autodesk Architectural Desktop 2007 |Company: Autodesk,Inc. |WEB Address: www.autodesk.com
 90
      129
 91
        1
280
     0
281
     0
  0
CLASS
  1
AEC_DISP_PROPS_STAIR_PLAN_OVERLAPPING
  2
AecDbDispPropsStairPlanOverlapping
  3
AecArchBase80|Product Desc: Autodesk Architectural Desktop 2007 |Company: Autodesk,Inc. |WEB Address: www.autodesk.com
 90
      129
 91
        1
280
     0
281
     0
  0
CLASS
  1
AEC_DISP_REP_STAIR_RCP
  2
AecDbDispRepStairRcp
  3
AecArchBase80|Product Desc: Autodesk Architectural Desktop 2007 |Company: Autodesk,Inc. |WEB Address: www.autodesk.com
 90
      129
 91
        1
280
     0
281
     0
  0
CLASS
  1
AEC_DISP_REP_WALL_GRAPH
  2
AecDbDispRepWallGraph
  3
AecArchBase80|Product Desc: Autodesk Architectural Desktop 2007 |Company: Autodesk,Inc. |WEB Address: www.autodesk.com
 90
      129
 91
        1
280
     0
281
     0
  0
CLASS
  1
AEC_DISP_PROPS_WALL_GRAPH
  2
AecDbDispPropsWallGraph
  3
AecArchBase80|Product Desc: Autodesk Architectural Desktop 2007 |Company: Autodesk,Inc. |WEB Address: www.autodesk.com
 90
      129
 91
        1
280
     0
281
     0
  0
CLASS
  1
AEC_DISP_REP_WALL_MODEL
  2
AecDbDispRepWallModel
  3
AecArchBase80|Product Desc: Autodesk Architectural Desktop 2007 |Company: Autodesk,Inc. |WEB Address: www.autodesk.com
 90
      129
 91
        1
280
     0
281
     0
  0
CLASS
  1
AEC_DISP_PROPS_WALL_MODEL
  2
AecDbDispPropsWallModel
  3
AecArchBase80|Product Desc: Autodesk Architectural Desktop 2007 |Company: Autodesk,Inc. |WEB Address: www.autodesk.com
 90
      129
 91
        1
280
     0
281
     0
  0
CLASS
  1
AEC_DISP_REP_WALL_PLAN
  2
AecDbDispRepWallPlan
  3
AecArchBase80|Product Desc: Autodesk Architectural Desktop 2007 |Company: Autodesk,Inc. |WEB Address: www.autodesk.com
 90
      129
 91
        1
280
     0
281
     0
  0
CLASS
  1
AEC_DISP_REP_WALL_RCP
  2
AecDbDispRepWallRcp
  3
AecArchBase80|Product Desc: Autodesk Architectural Desktop 2007 |Company: Autodesk,Inc. |WEB Address: www.autodesk.com
 90
      129
 91
        1
280
     0
281
     0
  0
CLASS
  1
AEC_DISP_REP_WALL_SCHEM
  2
AecDbDispRepWallSchem
  3
AecArchBase80|Product Desc: Autodesk Architectural Desktop 2007 |Company: Autodesk,Inc. |WEB Address: www.autodesk.com
 90
      129
 91
        1
280
     0
281
     0
  0
CLASS
  1
AEC_DISP_PROPS_WALL_SCHEM
  2
AecDbDispPropsWallSchem
  3
AecArchBase80|Product Desc: Autodesk Architectural Desktop 2007 |Company: Autodesk,Inc. |WEB Address: www.autodesk.com
 90
      129
 91
        1
280
     0
281
     0
  0
CLASS
  1
AEC_DISP_REP_WINDOW_ASSEMBLY_MODEL
  2
AecDbDispRepWindowAssemblyModel
  3
AecArchBase80|Product Desc: Autodesk Architectural Desktop 2007 |Company: Autodesk,Inc. |WEB Address: www.autodesk.com
 90
      129
 91
        1
280
     0
281
     0
  0
CLASS
  1
AEC_DISP_REP_WINDOW_ASSEMBLY_PLAN
  2
AecDbDispRepWindowAssemblyPlan
  3
AecArchBase80|Product Desc: Autodesk Architectural Desktop 2007 |Company: Autodesk,Inc. |WEB Address: www.autodesk.com
 90
      129
 91
        1
280
     0
281
     0
  0
CLASS
  1
AEC_DISP_REP_WINDOWASSEMBLY_SILL_PLAN
  2
AecDbDispRepWindowAssemblySillPlan
  3
AecArchBase80|Product Desc: Autodesk Architectural Desktop 2007 |Company: Autodesk,Inc. |WEB Address: www.autodesk.com
 90
      129
 91
        1
280
     0
281
     0
  0
CLASS
  1
AEC_DISP_PROPS_WINDOW_ASSEMBLY_SILL_PLAN
  2
AecDbDispPropsWindowAssemblySillPlan
  3
AecArchBase80|Product Desc: Autodesk Architectural Desktop 2007 |Company: Autodesk,Inc. |WEB Address: www.autodesk.com
 90
      129
 91
        1
280
     0
281
     0
  0
CLASS
  1
AEC_DISP_REP_WINDOW_MODEL
  2
AecDbDispRepWindowModel
  3
AecArchBase80|Product Desc: Autodesk Architectural Desktop 2007 |Company: Autodesk,Inc. |WEB Address: www.autodesk.com
 90
      129
 91
        1
280
     0
281
     0
  0
CLASS
  1
AEC_DISP_PROPS_WINDOW
  2
AecDbDispPropsWindow
  3
AecArchBase80|Product Desc: Autodesk Architectural Desktop 2007 |Company: Autodesk,Inc. |WEB Address: www.autodesk.com
 90
      129
 91
        4
280
     0
281
     0
  0
CLASS
  1
AEC_DISP_REP_WINDOW_ELEV
  2
AecDbDispRepWindowElev
  3
AecArchBase80|Product Desc: Autodesk Architectural Desktop 2007 |Company: Autodesk,Inc. |WEB Address: www.autodesk.com
 90
      129
 91
        1
280
     0
281
     0
  0
CLASS
  1
AEC_DISP_REP_WINDOW_PLAN
  2
AecDbDispRepWindowPlan
  3
AecArchBase80|Product Desc: Autodesk Architectural Desktop 2007 |Company: Autodesk,Inc. |WEB Address: www.autodesk.com
 90
      129
 91
        1
280
     0
281
     0
  0
CLASS
  1
AEC_DISP_REP_WINDOW_NOMINAL
  2
AecDbDispRepWindowNominal
  3
AecArchBase80|Product Desc: Autodesk Architectural Desktop 2007 |Company: Autodesk,Inc. |WEB Address: www.autodesk.com
 90
      129
 91
        1
280
     0
281
     0
  0
CLASS
  1
AEC_DISP_PROPS_WINDOW_NOMINAL
  2
AecDbDispPropsWindowNominal
  3
AecArchBase80|Product Desc: Autodesk Architectural Desktop 2007 |Company: Autodesk,Inc. |WEB Address: www.autodesk.com
 90
      129
 91
        1
280
     0
281
     0
  0
CLASS
  1
AEC_DISP_REP_WINDOW_RCP
  2
AecDbDispRepWindowRcp
  3
AecArchBase80|Product Desc: Autodesk Architectural Desktop 2007 |Company: Autodesk,Inc. |WEB Address: www.autodesk.com
 90
      129
 91
        1
280
     0
281
     0
  0
CLASS
  1
AEC_DISP_REP_WINDOW_SILL_PLAN
  2
AecDbDispRepWindowSillPlan
  3
AecArchBase80|Product Desc: Autodesk Architectural Desktop 2007 |Company: Autodesk,Inc. |WEB Address: www.autodesk.com
 90
      129
 91
        1
280
     0
281
     0
  0
CLASS
  1
AEC_DISP_PROPS_WINDOW_SILL_PLAN
  2
AecDbDispPropsWindowSillPlan
  3
AecArchBase80|Product Desc: Autodesk Architectural Desktop 2007 |Company: Autodesk,Inc. |WEB Address: www.autodesk.com
 90
      129
 91
        1
280
     0
281
     0
  0
CLASS
  1
AEC_DISP_REP_ZONE
  2
AecDbDispRepZone
  3
AecArchBase80|Product Desc: Autodesk Architectural Desktop 2007 |Company: Autodesk,Inc. |WEB Address: www.autodesk.com
 90
      129
 91
        1
280
     0
281
     0
  0
CLASS
  1
AEC_DISP_REP_SET
  2
AecDbDispRepSet
  3
AecBase80|Product Desc: Autodesk Architectural Desktop 2007 |Company: Autodesk,Inc. |WEB Address: www.autodesk.com
 90
      129
 91
        9
280
     0
281
     0
  0
CLASS
  1
AEC_DISP_REP_CONFIG
  2
AecDbDispRepConfig
  3
AecBase80|Product Desc: Autodesk Architectural Desktop 2007 |Company: Autodesk,Inc. |WEB Address: www.autodesk.com
 90
      129
 91
        1
280
     0
281
     0
  0
CLASS
  1
ACDBSECTIONVIEWSTYLE
  2
AcDbSectionViewStyle
  3
ObjectDBX Classes
 90
     1025
 91
        2
280
     0
281
     0
  0
CLASS
  1
ACDBDETAILVIEWSTYLE
  2
AcDbDetailViewStyle
  3
ObjectDBX Classes
 90
     1025
 91
        2
280
     0
281
     0
  0
CLASS
  1
MAPRESOURCEMANAGEROBJECT
  2
AcMapResourceManager
  3
AcMapSharedComponents
 90
     1024
 91
        1
280
     0
281
     0
  0
ENDSEC
  0
SECTION
  2
TABLES
  0
TABLE
  2
VPORT
  5
1E
102
{ACAD_XDICTIONARY
360
471A
102
}
330
0
100
AcDbSymbolTable
 70
     1
  0
VPORT
  5
5201
330
1E
100
AcDbSymbolTableRecord
100
AcDbViewportTableRecord
  2
*Active
 70
     0
 10
0.0
 20
0.0
 11
1.0
 21
1.0
 12
356.4673006939941
 22
413.8024519438914
 13
0.0
 23
0.0
 14
1.0
 24
1.0
 15
0.0
 25
0.0
 16
0.0
 26
0.0
 36
1.0
 17
0.0
 27
0.0
 37
0.0
 40
799.7445512015896
 41
1.787206266318538
 42
50.0
 43
0.0
 44
0.0
 50
0.0
 51
0.0
 71
     0
 72
   100
 73
     1
 74
     0
 75
     0
 76
     0
 77
     0
 78
     2
281
     0
 65
     1
110
0.0
120
0.0
130
0.0
111
1.0
121
0.0
131
0.0
112
0.0
122
1.0
132
0.0
 79
     0
146
0.0
348
165
 60
     3
 61
     5
292
     1
282
     1
141
0.0
142
0.0
 63
   250
421
  3355443
1001
ACAD_NAV_VCDISPLAY
1070
     3
  0
ENDTAB
  0
TABLE
  2
LTYPE
  5
19
330
0
100
AcDbSymbolTable
 70
     2
  0
LTYPE
  5
1A
330
19
100
AcDbSymbolTableRecord
100
AcDbLinetypeTableRecord
  2
BYBLOCK
 70
     0
  3

 72
    65
 73
     0
 40
0.0
  0
LTYPE
  5
1B
330
19
100
AcDbSymbolTableRecord
100
AcDbLinetypeTableRecord
  2
BYLAYER
 70
     0
  3

 72
    65
 73
     0
 40
0.0
  0
LTYPE
  5
B
330
19
100
AcDbSymbolTableRecord
100
AcDbLinetypeTableRecord
  2
CONTINUOUS
 70
     0
  3
Solid line
 72
    65
 73
     0
 40
0.0
  0
LTYPE
  5
3A
330
19
100
AcDbSymbolTableRecord
100
AcDbLinetypeTableRecord
  2
sd999
 70
     0
  3

 72
    65
 73
     2
 40
1.5
 49
1.0
 74
     0
 49
-0.5
 74
     0
  0
ENDTAB
  0
TABLE
  2
LAYER
  5
15
102
{ACAD_XDICTIONARY
360
46E8
102
}
330
0
100
AcDbSymbolTable
 70
    36
  0
LAYER
  5
6
102
{ACAD_XDICTIONARY
360
4667
102
}
330
15
100
AcDbSymbolTableRecord
100
AcDbLayerTableRecord
  2
0
 70
     0
 62
     7
  6
CONTINUOUS
370
    -3
390
7
347
157
348
0
  0
LAYER
  5
A0
102
{ACAD_XDICTIONARY
360
4669
102
}
330
15
100
AcDbSymbolTableRecord
100
AcDbLayerTableRecord
  2
SD001
 70
     0
 62
     3
  6
CONTINUOUS
370
    -3
390
7
347
157
348
0
  0
LAYER
  5
51
102
{ACAD_XDICTIONARY
360
466B
102
}
330
15
100
AcDbSymbolTableRecord
100
AcDbLayerTableRecord
  2
SD901
 70
     0
 62
     3
  6
CONTINUOUS
370
    -3
390
7
347
157
348
0
  0
LAYER
  5
7E
102
{ACAD_XDICTIONARY
360
466D
102
}
330
15
100
AcDbSymbolTableRecord
100
AcDbLayerTableRecord
  2
SDDIM1
 70
     0
 62
     4
  6
CONTINUOUS
370
    -3
390
7
347
157
348
0
  0
LAYER
  5
39
102
{ACAD_XDICTIONARY
360
466F
102
}
330
15
100
AcDbSymbolTableRecord
100
AcDbLayerTableRecord
  2
SD999
 70
     0
 62
     3
  6
sd999
370
    -3
390
7
347
157
348
0
  0
LAYER
  5
9A
102
{ACAD_XDICTIONARY
360
4671
102
}
330
15
100
AcDbSymbolTableRecord
100
AcDbLayerTableRecord
  2
SD100
 70
     0
 62
     7
  6
CONTINUOUS
370
    -3
390
7
347
157
348
0
  0
LAYER
  5
4F
102
{ACAD_XDICTIONARY
360
4673
102
}
330
15
100
AcDbSymbolTableRecord
100
AcDbLayerTableRecord
  2
SD110
 70
     0
 62
     3
  6
CONTINUOUS
370
    -3
390
7
347
157
348
0
  0
LAYER
  5
A2
102
{ACAD_XDICTIONARY
360
4675
102
}
330
15
100
AcDbSymbolTableRecord
100
AcDbLayerTableRecord
  2
SD002
 70
     0
 62
     3
  6
CONTINUOUS
370
    -3
390
7
347
157
348
0
  0
LAYER
  5
31
102
{ACAD_XDICTIONARY
360
4677
102
}
330
15
100
AcDbSymbolTableRecord
100
AcDbLayerTableRecord
  2
SD101
 70
     0
 62
     7
  6
CONTINUOUS
370
    -3
390
7
347
157
348
0
  0
LAYER
  5
33
102
{ACAD_XDICTIONARY
360
4679
102
}
330
15
100
AcDbSymbolTableRecord
100
AcDbLayerTableRecord
  2
SD300
 70
     0
 62
     7
  6
CONTINUOUS
370
    -3
390
7
347
157
348
0
  0
LAYER
  5
35
102
{ACAD_XDICTIONARY
360
467B
102
}
330
15
100
AcDbSymbolTableRecord
100
AcDbLayerTableRecord
  2
SD301
 70
     0
 62
     7
  6
CONTINUOUS
370
    -3
390
7
347
157
348
0
  0
LAYER
  5
42
102
{ACAD_XDICTIONARY
360
467D
102
}
330
15
100
AcDbSymbolTableRecord
100
AcDbLayerTableRecord
  2
sd216
 70
     0
 62
     3
  6
CONTINUOUS
370
    -3
390
7
347
157
348
0
  0
LAYER
  5
37
102
{ACAD_XDICTIONARY
360
467F
102
}
330
15
100
AcDbSymbolTableRecord
100
AcDbLayerTableRecord
  2
SDDIM
 70
     0
 62
     4
  6
CONTINUOUS
370
    -3
390
7
347
157
348
0
  0
LAYER
  5
3E
102
{ACAD_XDICTIONARY
360
4681
102
}
330
15
100
AcDbSymbolTableRecord
100
AcDbLayerTableRecord
  2
SD910
 70
     0
 62
     7
  6
CONTINUOUS
370
    -3
390
7
347
157
348
0
  0
LAYER
  5
40
102
{ACAD_XDICTIONARY
360
4683
102
}
330
15
100
AcDbSymbolTableRecord
100
AcDbLayerTableRecord
  2
SD911
 70
     0
 62
     7
  6
CONTINUOUS
370
    -3
390
7
347
157
348
0
  0
LAYER
  5
3C
102
{ACAD_XDICTIONARY
360
4685
102
}
330
15
100
AcDbSymbolTableRecord
100
AcDbLayerTableRecord
  2
SDSIM_T
 70
     0
 62
     9
  6
CONTINUOUS
370
    -3
390
7
347
157
348
0
  0
LAYER
  5
CC
102
{ACAD_XDICTIONARY
360
4689
102
}
330
15
100
AcDbSymbolTableRecord
100
AcDbLayerTableRecord
  2
SD001_1
 70
     0
 62
     3
  6
CONTINUOUS
370
    -3
390
7
347
157
348
0
  0
LAYER
  5
CD
102
{ACAD_XDICTIONARY
360
468B
102
}
330
15
100
AcDbSymbolTableRecord
100
AcDbLayerTableRecord
  2
SD001_2
 70
     0
 62
     3
  6
CONTINUOUS
370
    -3
390
7
347
157
348
0
  0
LAYER
  5
D8
102
{ACAD_XDICTIONARY
360
468D
102
}
330
15
100
AcDbSymbolTableRecord
100
AcDbLayerTableRecord
  2
SD002_1
 70
     0
 62
     3
  6
CONTINUOUS
370
    -3
390
7
347
157
348
0
  0
LAYER
  5
D9
102
{ACAD_XDICTIONARY
360
468F
102
}
330
15
100
AcDbSymbolTableRecord
100
AcDbLayerTableRecord
  2
SD002_2
 70
     0
 62
     3
  6
CONTINUOUS
370
    -3
390
7
347
157
348
0
  0
LAYER
  5
316
102
{ACAD_XDICTIONARY
360
4693
102
}
330
15
100
AcDbSymbolTableRecord
100
AcDbLayerTableRecord
  2
SD219
 70
     0
 62
     7
  6
CONTINUOUS
370
    -3
390
7
347
157
348
0
  0
LAYER
  5
317
102
{ACAD_XDICTIONARY
360
4695
102
}
330
15
100
AcDbSymbolTableRecord
100
AcDbLayerTableRecord
  2
SD983
 70
     0
 62
     7
  6
CONTINUOUS
370
    -3
390
7
347
157
348
0
  0
LAYER
  5
31C
102
{ACAD_XDICTIONARY
360
469C
102
}
330
15
100
AcDbSymbolTableRecord
100
AcDbLayerTableRecord
  2
SD213
 70
     0
 62
     4
  6
CONTINUOUS
370
    -3
390
7
347
157
348
0
  0
LAYER
  5
31D
102
{ACAD_XDICTIONARY
360
469E
102
}
330
15
100
AcDbSymbolTableRecord
100
AcDbLayerTableRecord
  2
SD214
 70
     0
 62
     7
  6
CONTINUOUS
370
    -3
390
7
347
157
348
0
  0
LAYER
  5
31F
102
{ACAD_XDICTIONARY
360
46A2
102
}
330
15
100
AcDbSymbolTableRecord
100
AcDbLayerTableRecord
  2
SD995
 70
     0
 62
     7
  6
CONTINUOUS
370
    -3
390
7
347
157
348
0
  0
LAYER
  5
320
102
{ACAD_XDICTIONARY
360
46A4
102
}
330
15
100
AcDbSymbolTableRecord
100
AcDbLayerTableRecord
  2
SD994
 70
     0
 62
     7
  6
CONTINUOUS
370
    -3
390
7
347
157
348
0
  0
LAYER
  5
46FB
330
15
100
AcDbSymbolTableRecord
100
AcDbLayerTableRecord
  2
DORO
 70
     0
 62
     4
  6
CONTINUOUS
370
    -3
390
7
347
157
348
0
1001
AcAecLayerStandard
1000

1000

  0
LAYER
  5
4818
330
15
100
AcDbSymbolTableRecord
100
AcDbLayerTableRecord
  2
기타
 70
     0
 62
     7
  6
CONTINUOUS
370
    -3
390
7
347
157
348
0
  0
LAYER
  5
489A
330
15
100
AcDbSymbolTableRecord
100
AcDbLayerTableRecord
  2
SD000
 70
     0
 62
     1
  6
CONTINUOUS
370
    -3
390
7
347
157
348
0
1001
AcAecLayerStandard
1000

1000

1001
AcCmTransparency
1071
        0
  0
LAYER
  5
489C
330
15
100
AcDbSymbolTableRecord
100
AcDbLayerTableRecord
  2
SD234
 70
     0
 62
     7
  6
CONTINUOUS
370
    -3
390
7
347
157
348
0
1001
AcAecLayerStandard
1000

1000

1001
AcCmTransparency
1071
        0
  0
LAYER
  5
51CE
102
{ACAD_XDICTIONARY
360
51CF
102
}
330
15
100
AcDbSymbolTableRecord
100
AcDbLayerTableRecord
  2
SD_관상고
 70
     0
 62
     3
  6
CONTINUOUS
370
    -3
390
7
347
157
348
0
  0
LAYER
  5
57D0
330
15
100
AcDbSymbolTableRecord
100
AcDbLayerTableRecord
  2
_DATE
 70
     0
 62
     2
  6
CONTINUOUS
370
    -3
390
7
347
157
348
0
1001
AcAecLayerStandard
1000

1000

1001
AcCmTransparency
1071
        0
  0
LAYER
  5
57D1
330
15
100
AcDbSymbolTableRecord
100
AcDbLayerTableRecord
  2
_CHANGE
 70
     0
 62
     2
  6
CONTINUOUS
370
    -3
390
7
347
157
348
0
1001
AcAecLayerStandard
1000

1000

1001
AcCmTransparency
1071
        0
  0
LAYER
  5
57D2
330
15
100
AcDbSymbolTableRecord
100
AcDbLayerTableRecord
  2
Defpoints
 70
     0
 62
     7
  6
CONTINUOUS
290
     0
370
    -3
390
7
347
157
348
0
  0
LAYER
  5
57D3
102
{ACAD_XDICTIONARY
360
57D4
102
}
330
15
100
AcDbSymbolTableRecord
100
AcDbLayerTableRecord
  2
측점_DIM(보조)
 70
     0
 62
     2
  6
CONTINUOUS
370
    -3
390
7
347
157
348
0
1001
AcAecLayerStandard
1000

1000

1001
AcCmTransparency
1071
        0
  0
LAYER
  5
57D5
102
{ACAD_XDICTIONARY
360
57D6
102
}
330
15
100
AcDbSymbolTableRecord
100
AcDbLayerTableRecord
  2
SC983
 70
     0
 62
     7
  6
CONTINUOUS
370
    -3
390
7
347
157
348
0
  0
ENDTAB
  0
TABLE
  2
STYLE
  5
16
330
0
100
AcDbSymbolTable
 70
     5
  0
STYLE
  5
17
330
16
100
AcDbSymbolTableRecord
100
AcDbTextStyleTableRecord
  2
STANDARD
 70
     0
 40
0.0
 41
1.0
 50
0.0
 71
     0
 42
0.2
  3
romans
  4
ghs
  0
STYLE
  5
27
330
16
100
AcDbSymbolTableRecord
100
AcDbTextStyleTableRecord
  2
GHS
 70
     0
 40
0.0
 41
1.0
 50
0.0
 71
     0
 42
0.8948934467970843
  3
romans
  4
ghs
  0
STYLE
  5
28
330
16
100
AcDbSymbolTableRecord
100
AcDbTextStyleTableRecord
  2
굴림
 70
     0
 40
0.0
 41
1.0
 50
0.0
 71
     0
 42
1.100000000000022
  3

  4

1001
ACAD
1000
Gulim
1071
    33074
  0
STYLE
  5
51D1
330
16
100
AcDbSymbolTableRecord
100
AcDbTextStyleTableRecord
  2
NGSW
 70
     0
 40
0.0
 41
1.0
 50
0.0
 71
     0
 42
0.25
  3
romans.shx
  4
ngsw.shx
  0
STYLE
  5
527D
330
16
100
AcDbSymbolTableRecord
100
AcDbTextStyleTableRecord
  2
Legend
 70
     0
 40
0.0
 41
1.0
 50
0.0
 71
     0
 42
0.2
  3
calibri.ttf
  4

1001
ACAD
1000
Calibri
1071
      256
  0
ENDTAB
  0
TABLE
  2
VIEW
  5
1C
330
0
100
AcDbSymbolTable
 70
     0
  0
ENDTAB
  0
TABLE
  2
UCS
  5
1D
330
0
100
AcDbSymbolTable
 70
     0
  0
ENDTAB
  0
TABLE
  2
APPID
  5
20
330
0
100
AcDbSymbolTable
 70
    26
  0
APPID
  5
21
330
20
100
AcDbSymbolTableRecord
100
AcDbRegAppTableRecord
  2
ACAD
 70
     0
  0
APPID
  5
A
330
20
100
AcDbSymbolTableRecord
100
AcDbRegAppTableRecord
  2
ADE
 70
     0
  0
APPID
  5
1A5
330
20
100
AcDbSymbolTableRecord
100
AcDbRegAppTableRecord
  2
AcMapDMDisplayStyleRegapp
 70
     0
  0
APPID
  5
1B3
330
20
100
AcDbSymbolTableRecord
100
AcDbRegAppTableRecord
  2
DCO15
 70
     0
  0
APPID
  5
324
330
20
100
AcDbSymbolTableRecord
100
AcDbRegAppTableRecord
  2
RAK
 70
     0
  0
APPID
  5
326
330
20
100
AcDbSymbolTableRecord
100
AcDbRegAppTableRecord
  2
HV_SIZE
 70
     0
  0
APPID
  5
328
330
20
100
AcDbSymbolTableRecord
100
AcDbRegAppTableRecord
  2
AcAecLayerStandard
 70
     0
  0
APPID
  5
329
330
20
100
AcDbSymbolTableRecord
100
AcDbRegAppTableRecord
  2
AcDbBlockRepETag
 70
     0
  0
APPID
  5
4665
330
20
100
AcDbSymbolTableRecord
100
AcDbRegAppTableRecord
  2
MapGWS
 70
     0
  0
APPID
  5
481A
330
20
100
AcDbSymbolTableRecord
100
AcDbRegAppTableRecord
  2
MHNO
 70
     0
  0
APPID
  5
483E
330
20
100
AcDbSymbolTableRecord
100
AcDbRegAppTableRecord
  2
ACAD_NAV_VCDISPLAY
 70
     0
  0
APPID
  5
489B
330
20
100
AcDbSymbolTableRecord
100
AcDbRegAppTableRecord
  2
AcCmTransparency
 70
     0
  0
APPID
  5
500F
330
20
100
AcDbSymbolTableRecord
100
AcDbRegAppTableRecord
  2
ADE_PROJECTION
 70
     0
  0
APPID
  5
503E
330
20
100
AcDbSymbolTableRecord
100
AcDbRegAppTableRecord
  2
ACAD_MLEADERVER
 70
     0
  0
APPID
  5
503F
330
20
100
AcDbSymbolTableRecord
100
AcDbRegAppTableRecord
  2
MapManagementAppName
 70
     0
  0
APPID
  5
506B
330
20
100
AcDbSymbolTableRecord
100
AcDbRegAppTableRecord
  2
ACAD_EXEMPT_FROM_CAD_STANDARDS
 70
     0
  0
APPID
  5
51D3
330
20
100
AcDbSymbolTableRecord
100
AcDbRegAppTableRecord
  2
ACAD_PSEXT
 70
     0
  0
APPID
  5
527F
330
20
100
AcDbSymbolTableRecord
100
AcDbRegAppTableRecord
  2
AcadAnnotative
 70
     0
  0
APPID
  5
5280
330
20
100
AcDbSymbolTableRecord
100
AcDbRegAppTableRecord
  2
ACAD_DSTYLE_DIMJAG
 70
     0
  0
APPID
  5
5281
330
20
100
AcDbSymbolTableRecord
100
AcDbRegAppTableRecord
  2
ACAD_DSTYLE_DIMTALN
 70
     0
  0
APPID
  5
5282
330
20
100
AcDbSymbolTableRecord
100
AcDbRegAppTableRecord
  2
ACDBDYNAMICBLOCKGUID
 70
     0
  0
APPID
  5
57D8
330
20
100
AcDbSymbolTableRecord
100
AcDbRegAppTableRecord
  2
ACAD_DSTYLE_DIMBREAK
 70
     0
  0
APPID
  5
5CA7
330
20
100
AcDbSymbolTableRecord
100
AcDbRegAppTableRecord
  2
ACAD_DSTYLE_DIM_LINETYPE
 70
     0
  0
APPID
  5
5CA8
330
20
100
AcDbSymbolTableRecord
100
AcDbRegAppTableRecord
  2
ACAD_DSTYLE_DIM_EXT1_LINETYPE
 70
     0
  0
APPID
  5
5CA9
330
20
100
AcDbSymbolTableRecord
100
AcDbRegAppTableRecord
  2
ACAD_DSTYLE_DIM_EXT2_LINETYPE
 70
     0
  0
APPID
  5
5D08
330
20
100
AcDbSymbolTableRecord
100
AcDbRegAppTableRecord
  2
AcadCodePageInfo
 70
     0
  0
ENDTAB
  0
TABLE
  2
DIMSTYLE
  5
22
330
0
100
AcDbSymbolTable
 70
     3
100
AcDbDimStyleTable
 71
     0
  0
DIMSTYLE
105
321
330
22
100
AcDbSymbolTableRecord
100
AcDbDimStyleTableRecord
  2
Standard
 70
     0
340
17
  0
DIMSTYLE
105
57D7
330
22
100
AcDbSymbolTableRecord
100
AcDbDimStyleTableRecord
  2
DIM
 70
     0
 41
0.2
 73
     0
 74
     0
 77
     1
140
0.5
176
   256
177
   256
178
   256
271
     1
272
     1
340
527D
345
1B
346
1B
347
1B
371
    -1
372
    -1
1001
ACAD_DSTYLE_DIMBREAK
1070
   391
1040
3.75
1001
ACAD_DSTYLE_DIMJAG
1070
   388
1040
1.5
1001
ACAD_DSTYLE_DIMTALN
1070
   392
1070
     0
  0
DIMSTYLE
105
5CB8
330
22
100
AcDbSymbolTableRecord
100
AcDbDimStyleTableRecord
  2
ISO-25
 70
     0
 41
2.5
 42
0.625
 43
3.75
 44
1.25
 73
     0
 74
     0
 77
     1
 78
     8
140
2.5
141
2.5
143
0.03937007874016
147
0.625
171
     3
172
     1
274
     3
279
     2
284
     8
285
     8
286
     8
340
51D1
  0
ENDTAB
  0
TABLE
  2
BLOCK_RECORD
  5
1
330
0
100
AcDbSymbolTable
 70
    14
  0
BLOCK_RECORD
  5
2
102
{ACAD_XDICTIONARY
360
3
102
}
330
1
100
AcDbSymbolTableRecord
100
AcDbBlockTableRecord
  2
*MODEL_SPACE
340
D
 70
     0
280
     1
281
     0
  0
BLOCK_RECORD
  5
F
102
{ACAD_XDICTIONARY
360
10
102
}
330
1
100
AcDbSymbolTableRecord
100
AcDbBlockTableRecord
  2
*PAPER_SPACE
340
14
 70
     0
280
     1
281
     0
  0
BLOCK_RECORD
  5
AA
330
1
100
AcDbSymbolTableRecord
100
AcDbBlockTableRecord
  2
SD100
340
0
102
{BLKREFS
331
5A57
102
}
 70
     0
280
     1
281
     0
  0
BLOCK_RECORD
  5
80
330
1
100
AcDbSymbolTableRecord
100
AcDbBlockTableRecord
  2
SD101
340
0
102
{BLKREFS
331
5A3F
102
}
 70
     0
280
     1
281
     0
  0
BLOCK_RECORD
  5
6D
330
1
100
AcDbSymbolTableRecord
100
AcDbBlockTableRecord
  2
SD300
340
0
102
{BLKREFS
331
5A3B
102
}
 70
     0
280
     1
281
     0
  0
BLOCK_RECORD
  5
73
330
1
100
AcDbSymbolTableRecord
100
AcDbBlockTableRecord
  2
SD301
340
0
102
{BLKREFS
331
5A3C
102
}
 70
     0
280
     1
281
     0
  0
BLOCK_RECORD
  5
8A
330
1
100
AcDbSymbolTableRecord
100
AcDbBlockTableRecord
  2
SD901
340
0
102
{BLKREFS
331
5A40
102
}
 70
     0
280
     1
281
     0
  0
BLOCK_RECORD
  5
5F
330
1
100
AcDbSymbolTableRecord
100
AcDbBlockTableRecord
  2
sd216
340
0
310
2800000020000000200000000100080000000000000400000000000000000000000000000000000000000000000080000080000000808000800000008000800080800000C0C0C000C0DCC000F0CAA6000020400000206000002080000020A0000020C0000020E00000400000004020000040400000406000004080000040A0
310
000040C0000040E00000600000006020000060400000606000006080000060A0000060C0000060E00000800000008020000080400000806000008080000080A0000080C0000080E00000A0000000A0200000A0400000A0600000A0800000A0A00000A0C00000A0E00000C0000000C0200000C0400000C0600000C0800000C0
310
A00000C0C00000C0E00000E0000000E0200000E0400000E0600000E0800000E0A00000E0C00000E0E00040000000400020004000400040006000400080004000A0004000C0004000E00040200000402020004020400040206000402080004020A0004020C0004020E000404000004040200040404000404060004040800040
310
40A0004040C0004040E00040600000406020004060400040606000406080004060A0004060C0004060E00040800000408020004080400040806000408080004080A0004080C0004080E00040A0000040A0200040A0400040A0600040A0800040A0A00040A0C00040A0E00040C0000040C0200040C0400040C0600040C08000
310
40C0A00040C0C00040C0E00040E0000040E0200040E0400040E0600040E0800040E0A00040E0C00040E0E00080000000800020008000400080006000800080008000A0008000C0008000E00080200000802020008020400080206000802080008020A0008020C0008020E00080400000804020008040400080406000804080
310
008040A0008040C0008040E00080600000806020008060400080606000806080008060A0008060C0008060E00080800000808020008080400080806000808080008080A0008080C0008080E00080A0000080A0200080A0400080A0600080A0800080A0A00080A0C00080A0E00080C0000080C0200080C0400080C0600080C0
310
800080C0A00080C0C00080C0E00080E0000080E0200080E0400080E0600080E0800080E0A00080E0C00080E0E000C0000000C0002000C0004000C0006000C0008000C000A000C000C000C000E000C0200000C0202000C0204000C0206000C0208000C020A000C020C000C020E000C0400000C0402000C0404000C0406000C0
310
408000C040A000C040C000C040E000C0600000C0602000C0604000C0606000C0608000C060A000C060C000C060E000C0800000C0802000C0804000C0806000C0808000C080A000C080C000C080E000C0A00000C0A02000C0A04000C0A06000C0A08000C0A0A000C0A0C000C0A0E000C0C00000C0C02000C0C04000C0C06000
310
C0C08000C0C0A000F0FBFF00A4A0A000808080000000FF0000FF000000FFFF00FF000000FF00FF00FFFF0000FFFFFF00000000000000000000000000000000000000000000000000000000000000000000FAFAFAFAFAFAFAFAFAFAFAFAFAFAFAFAFAFAFAFAFAFAFAFAFAFAFAFAFAFA0000FA00000000000000000000000000
310
000000000000000000000000000000FA0000FA00000000000000000000000000000000000000000000000000000000FA0000FA00000000000000000000000000000000000000000000000000000000FA0000FA00000000000000000000000000000000000000000000000000000000FA0000FA00000000000000FAFAFAFAFA
310
FAFAFA00000000000000000000000000FA0000FA00000000000000FA00000000000000FAFA0000000000000000000000FA0000FA00000000000000FA000000000000000000FA00000000000000000000FA0000FA00000000000000FA00000000000000000000FA000000000000000000FA0000FA00000000000000FA000000
310
0000000000000000FA0000000000000000FA0000FA00000000000000FA0000000000000000000000FA0000000000000000FA0000FA00000000000000FA000000000000000000000000FA00000000000000FA0000FA00000000000000FA000000000000000000000000FA00000000000000FA0000FA00000000000000FA0000
310
00000000000000000000FA00000000000000FA0000FA00000000000000FA000000000000000000000000FA00000000000000FA0000FA00000000000000FA000000000000000000000000FA00000000000000FA0000FA00000000000000FA000000000000000000000000FA00000000000000FA0000FA00000000000000FA00
310
0000000000000000000000FA00000000000000FA0000FA00000000000000FA000000000000000000000000FA00000000000000FA0000FA00000000000000FA0000000000000000000000FA0000000000000000FA0000FA00000000000000FA0000000000000000000000FA0000000000000000FA0000FA00000000000000FA
310
00000000000000000000FA000000000000000000FA0000FA00000000000000FA000000000000000000FA00000000000000000000FA0000FA00000000000000FA00000000000000FAFA0000000000000000000000FA0000FA00000000000000FAFAFAFAFAFAFAFA00000000000000000000000000FA0000FA00000000000000
310
000000000000000000000000000000000000000000FA0000FA00000000000000000000000000000000000000000000000000000000FA0000FA00000000000000000000000000000000000000000000000000000000FA0000FA00000000000000000000000000000000000000000000000000000000FA0000FAFAFAFAFAFAFA
310
FAFAFAFAFAFAFAFAFAFAFAFAFAFAFAFAFAFAFAFAFAFAFA000000000000000000000000000000000000000000000000000000000000000000
102
{BLKREFS
331
5A34
102
}
 70
     4
280
     1
281
     0
  0
BLOCK_RECORD
  5
2FF
330
1
100
AcDbSymbolTableRecord
100
AcDbBlockTableRecord
  2
SD213
340
0
310
2800000020000000200000000100080000000000000400000000000000000000000000000000000000000000000080000080000000808000800000008000800080800000C0C0C000C0DCC000F0CAA6000020400000206000002080000020A0000020C0000020E00000400000004020000040400000406000004080000040A0
310
000040C0000040E00000600000006020000060400000606000006080000060A0000060C0000060E00000800000008020000080400000806000008080000080A0000080C0000080E00000A0000000A0200000A0400000A0600000A0800000A0A00000A0C00000A0E00000C0000000C0200000C0400000C0600000C0800000C0
310
A00000C0C00000C0E00000E0000000E0200000E0400000E0600000E0800000E0A00000E0C00000E0E00040000000400020004000400040006000400080004000A0004000C0004000E00040200000402020004020400040206000402080004020A0004020C0004020E000404000004040200040404000404060004040800040
310
40A0004040C0004040E00040600000406020004060400040606000406080004060A0004060C0004060E00040800000408020004080400040806000408080004080A0004080C0004080E00040A0000040A0200040A0400040A0600040A0800040A0A00040A0C00040A0E00040C0000040C0200040C0400040C0600040C08000
310
40C0A00040C0C00040C0E00040E0000040E0200040E0400040E0600040E0800040E0A00040E0C00040E0E00080000000800020008000400080006000800080008000A0008000C0008000E00080200000802020008020400080206000802080008020A0008020C0008020E00080400000804020008040400080406000804080
310
008040A0008040C0008040E00080600000806020008060400080606000806080008060A0008060C0008060E00080800000808020008080400080806000808080008080A0008080C0008080E00080A0000080A0200080A0400080A0600080A0800080A0A00080A0C00080A0E00080C0000080C0200080C0400080C0600080C0
310
800080C0A00080C0C00080C0E00080E0000080E0200080E0400080E0600080E0800080E0A00080E0C00080E0E000C0000000C0002000C0004000C0006000C0008000C000A000C000C000C000E000C0200000C0202000C0204000C0206000C0208000C020A000C020C000C020E000C0400000C0402000C0404000C0406000C0
310
408000C040A000C040C000C040E000C0600000C0602000C0604000C0606000C0608000C060A000C060C000C060E000C0800000C0802000C0804000C0806000C0808000C080A000C080C000C080E000C0A00000C0A02000C0A04000C0A06000C0A08000C0A0A000C0A0C000C0A0E000C0C00000C0C02000C0C04000C0C06000
310
C0C08000C0C0A000F0FBFF00A4A0A000808080000000FF0000FF000000FFFF00FF000000FF00FF00FFFF0000FFFFFF000000000000000000000000000000000000000000000000000000000000000000000000000000000000000000000000000000000000000000000000000000000000FEFEFEFEFEFEFEFEFEFEFEFEFEFE
310
FEFEFEFEFEFEFEFEFEFEFEFEFEFEFEFE0000FE00000000000000000000000000000000000000000000000000000000FE0000FE00000000000000000000000000000000000000000000000000000000FE0000FE00000000000000000000FEFEFEFEFEFE000000000000000000000000FE0000FE0000000000000000FEFE0000
310
00000000FEFEFE000000000000000000FE0000FE0000000000000000FE00FEFEFEFEFEFE000000FE0000000000000000FE0000FE0000000000000000FE00FE0000000000FEFEFEFE0000000000000000FE0000FE0000000000000000FE00FE00000000000000FE00FE00000000000000FE0000FE0000000000000000FE00FE
310
00000000000000FE00FE00000000000000FE0000FE0000000000000000FE00FE00000000000000FE00FE00000000000000FE0000FE0000000000000000FE00FE00000000000000FE00FE00000000000000FE0000FE0000000000000000FE00FE000000000000FE00FE0000000000000000FE0000FE0000000000000000FE00
310
FE000000000000FE00FE0000000000000000FE0000FE0000000000000000FE00FEFEFEFEFEFEFE0000FE0000000000000000FE0000FE0000000000000000FE00FEFEFEFEFEFE00FEFE000000000000000000FE0000FE0000000000000000FE00FE0000000000FE00FE000000000000000000FE0000FE0000000000000000FE
310
00FE000000000000FEFE000000000000000000FE0000FE0000000000000000FE00FE000000000000FE00FE0000000000000000FE0000FE0000000000000000FE00FE000000000000FE00FE0000000000000000FE0000FE0000000000000000FE00FE000000000000FE00FE0000000000000000FE0000FE0000000000000000
310
FE00FE000000000000FEFE000000000000000000FE0000FE0000000000000000FE00FE000000000000FEFE000000000000000000FE0000FE0000000000000000FE00FEFEFEFEFEFEFEFEFE000000000000000000FE0000FE0000000000000000FEFEFEFEFEFEFEFEFE0000000000000000000000FE0000FE00000000000000
310
000000000000000000000000000000000000000000FE0000FE00000000000000000000000000000000000000000000000000000000FE0000FE00000000000000000000000000000000000000000000000000000000FE0000FE00000000000000000000000000000000000000000000000000000000FE0000FEFEFEFEFEFEFE
310
FEFEFEFEFEFEFEFEFEFEFEFEFEFEFEFEFEFEFEFEFEFEFE000000000000000000000000000000000000000000000000000000000000000000
102
{BLKREFS
331
5A86
102
}
 70
     0
280
     1
281
     0
  0
BLOCK_RECORD
  5
307
330
1
100
AcDbSymbolTableRecord
100
AcDbBlockTableRecord
  2
SD214
340
0
310
2800000020000000200000000100080000000000000400000000000000000000000000000000000000000000000080000080000000808000800000008000800080800000C0C0C000C0DCC000F0CAA6000020400000206000002080000020A0000020C0000020E00000400000004020000040400000406000004080000040A0
310
000040C0000040E00000600000006020000060400000606000006080000060A0000060C0000060E00000800000008020000080400000806000008080000080A0000080C0000080E00000A0000000A0200000A0400000A0600000A0800000A0A00000A0C00000A0E00000C0000000C0200000C0400000C0600000C0800000C0
310
A00000C0C00000C0E00000E0000000E0200000E0400000E0600000E0800000E0A00000E0C00000E0E00040000000400020004000400040006000400080004000A0004000C0004000E00040200000402020004020400040206000402080004020A0004020C0004020E000404000004040200040404000404060004040800040
310
40A0004040C0004040E00040600000406020004060400040606000406080004060A0004060C0004060E00040800000408020004080400040806000408080004080A0004080C0004080E00040A0000040A0200040A0400040A0600040A0800040A0A00040A0C00040A0E00040C0000040C0200040C0400040C0600040C08000
310
40C0A00040C0C00040C0E00040E0000040E0200040E0400040E0600040E0800040E0A00040E0C00040E0E00080000000800020008000400080006000800080008000A0008000C0008000E00080200000802020008020400080206000802080008020A0008020C0008020E00080400000804020008040400080406000804080
310
008040A0008040C0008040E00080600000806020008060400080606000806080008060A0008060C0008060E00080800000808020008080400080806000808080008080A0008080C0008080E00080A0000080A0200080A0400080A0600080A0800080A0A00080A0C00080A0E00080C0000080C0200080C0400080C0600080C0
310
800080C0A00080C0C00080C0E00080E0000080E0200080E0400080E0600080E0800080E0A00080E0C00080E0E000C0000000C0002000C0004000C0006000C0008000C000A000C000C000C000E000C0200000C0202000C0204000C0206000C0208000C020A000C020C000C020E000C0400000C0402000C0404000C0406000C0
310
408000C040A000C040C000C040E000C0600000C0602000C0604000C0606000C0608000C060A000C060C000C060E000C0800000C0802000C0804000C0806000C0808000C080A000C080C000C080E000C0A00000C0A02000C0A04000C0A06000C0A08000C0A0A000C0A0C000C0A0E000C0C00000C0C02000C0C04000C0C06000
310
C0C08000C0C0A000F0FBFF00A4A0A000808080000000FF0000FF000000FFFF00FF000000FF00FF00FFFF0000FFFFFF000000FF00000000FF00000000FF000000FF000000FF00000000FF00000000FF00000000FF00000000FF000000FF000000FF000000FF000000FF00000000FF000000000000FF000000FF000000FF0000
310
00FF0000FF00000000FF000000FF0000000000000000FF000000FF0000FF000000FF0000FF000000FF000000FF00000000000000000000FF000000FF0000FF0000FF0000FF0000FF000000FF0000000000FF0000000000FF000000FF0000FF0000FF0000FF0000FF0000FF00000000000000FF0000000000FF000000FF00FF
310
0000FF00FF0000FF0000FF0000000000FFFF0000FFFF00000000FF0000FF0000FF00FF00FF0000FF00FF0000000000FF000000000000FFFF000000FF0000FF00FF00FF00FF00FF00FF00000000FFFF000000000000000000FF000000FF00FF00FF00FF00FF00FFFF000000FFFF000000000000000000000000FFFF0000FF00
310
FF00FFFFFF00FF00FF0000FF00000000000000000000000000000000FFFF00FF00FFFFFFFFFF00FF00FFFF0000000000000000FFFFFFFFFF000000000000FF00FFFFFFFFFFFFFF00FF000000000000FFFFFFFF0000000000FFFFFFFF000000FFFFFFFFFFFFFFFFFF0000FFFFFFFFFF00000000000000000000000000FFFFFF
310
FFFFFFFFFFFFFFFFFFFFFF000000000000000000FFFFFFFFFFFFFFFFFFFFFFFFFFFFFFFFFFFFFFFFFFFFFFFFFFFFFFFFFFFFFFFF000000000000000000000000FFFFFFFFFFFFFFFFFF0000000000000000000000000000000000000000FFFFFFFFFFFFFFFFFFFFFFFFFFFFFF0000000000000000000000000000FFFFFF00FF
310
FF00FFFFFFFFFFFFFF00FFFF00FFFFFF00000000000000FFFFFFFF0000FFFF0000FF00FFFFFFFFFF00FF0000FF000000FFFFFF0000FFFF0000000000FF000000FF00FF00FFFFFF00FF00FF0000FFFF00000000FFFF0000000000FFFF000000FF0000FFFF00FFFF00FF0000FF000000FFFF00000000000000FFFF00000000FF
310
0000FF00FF00FF00FF00FF0000FF00000000FF00000000FFFF0000000000FF000000FF00FF00FF00FF00FF000000FF00000000FFFF00FF000000000000FF000000FF0000FF00FF00FF0000FF000000FF0000000000FF000000000000FF00000000FF00FF0000FF00FF0000FF00000000FF00000000000000000000FF000000
310
00FF0000FF0000FF0000FF0000FF000000FF000000000000000000FF0000000000FF0000FF0000FF0000FF0000FF00000000FF00000000000000FF0000000000FF0000FF000000FF0000FF000000FF00000000FF0000000000FF0000000000FF000000FF000000FF0000FF00000000FF00000000FF000000FF000000000000
310
FF000000FF000000FF000000FF000000FF0000000000FF00FF000000000000FF00000000FF000000FF000000FF00000000FF0000000000FF
102
{BLKREFS
331
5A87
102
}
 70
     0
280
     1
281
     0
  0
BLOCK_RECORD
  5
30B
330
1
100
AcDbSymbolTableRecord
100
AcDbBlockTableRecord
  2
SD994
340
0
102
{BLKREFS
331
5A88
102
}
 70
     0
280
     1
281
     0
  0
BLOCK_RECORD
  5
4813
330
1
100
AcDbSymbolTableRecord
100
AcDbBlockTableRecord
  2
기타
340
0
102
{BLKREFS
331
5A9E
102
}
 70
     0
280
     1
281
     0
  0
BLOCK_RECORD
  5
4EE6
102
{ACAD_XDICTIONARY
360
505D
102
}
330
1
100
AcDbSymbolTableRecord
100
AcDbBlockTableRecord
  2
SD234
340
0
310
2800000020000000200000000100080000000000000400000000000000000000000000000000000000000000000080000080000000808000800000008000800080800000C0C0C000C0DCC000F0CAA6000020400000206000002080000020A0000020C0000020E00000400000004020000040400000406000004080000040A0
310
000040C0000040E00000600000006020000060400000606000006080000060A0000060C0000060E00000800000008020000080400000806000008080000080A0000080C0000080E00000A0000000A0200000A0400000A0600000A0800000A0A00000A0C00000A0E00000C0000000C0200000C0400000C0600000C0800000C0
310
A00000C0C00000C0E00000E0000000E0200000E0400000E0600000E0800000E0A00000E0C00000E0E00040000000400020004000400040006000400080004000A0004000C0004000E00040200000402020004020400040206000402080004020A0004020C0004020E000404000004040200040404000404060004040800040
310
40A0004040C0004040E00040600000406020004060400040606000406080004060A0004060C0004060E00040800000408020004080400040806000408080004080A0004080C0004080E00040A0000040A0200040A0400040A0600040A0800040A0A00040A0C00040A0E00040C0000040C0200040C0400040C0600040C08000
310
40C0A00040C0C00040C0E00040E0000040E0200040E0400040E0600040E0800040E0A00040E0C00040E0E00080000000800020008000400080006000800080008000A0008000C0008000E00080200000802020008020400080206000802080008020A0008020C0008020E00080400000804020008040400080406000804080
310
008040A0008040C0008040E00080600000806020008060400080606000806080008060A0008060C0008060E00080800000808020008080400080806000808080008080A0008080C0008080E00080A0000080A0200080A0400080A0600080A0800080A0A00080A0C00080A0E00080C0000080C0200080C0400080C0600080C0
310
800080C0A00080C0C00080C0E00080E0000080E0200080E0400080E0600080E0800080E0A00080E0C00080E0E000C0000000C0002000C0004000C0006000C0008000C000A000C000C000C000E000C0200000C0202000C0204000C0206000C0208000C020A000C020C000C020E000C0400000C0402000C0404000C0406000C0
310
408000C040A000C040C000C040E000C0600000C0602000C0604000C0606000C0608000C060A000C060C000C060E000C0800000C0802000C0804000C0806000C0808000C080A000C080C000C080E000C0A00000C0A02000C0A04000C0A06000C0A08000C0A0A000C0A0C000C0A0E000C0C00000C0C02000C0C04000C0C06000
310
C0C08000C0C0A000F0FBFF00A4A0A000808080000000FF0000FF000000FFFF00FF000000FF00FF00FFFF0000FFFFFF00000000000000000000000000000000000000000000000000000000000000000000FFFFFFFFFFFFFFFFFFFFFFFFFFFFFFFFFFFFFFFFFFFFFFFFFFFFFFFFFFFF0000FF00000000000000000000000000
310
000000000000000000000000000000FF0000FF00000000000000000000000000000000000000000000000000000000FF0000FF00000000000000000000000000000000000000000000000000000000FF0000FF0000000000000000000000FFFFFFFFFFFFFF00000000000000000000FF0000FF000000000000000000FFFFFF
310
FFFFFFFFFFFFFFFFFF00000000000000FF0000FF0000000000000000FFFFFFFFFF00000000FFFFFFFFFF000000000000FF0000FF00000000000000FFFFFFFF0000000000000000FFFFFF000000000000FF0000FF00000000000000FFFFFF000000000000000000FFFFFF000000000000FF0000FF000000000000FFFFFF0000
310
000000000000000000FFFFFF0000000000FF0000FF000000000000FFFFFF0000000000000000000000FFFFFF0000000000FF0000FF0000000000FFFFFF00000000000000000000000000FFFF0000000000FF0000FF0000000000FFFFFF0000000000000000000000000000000000000000FF0000FF0000000000FFFFFF0000
310
000000000000000000000000000000000000FF0000FF0000000000FFFFFF0000000000000000000000000000000000000000FF0000FF0000000000FFFFFF0000000000000000000000000000000000000000FF0000FF0000000000FFFFFF0000000000000000000000000000000000000000FF0000FF0000000000FFFFFF00
310
00000000000000000000000000000000000000FF0000FF0000000000FFFFFF00000000000000000000000000FFFF0000000000FF0000FF000000000000FFFFFF0000000000000000000000FFFFFF0000000000FF0000FF000000000000FFFFFF0000000000000000000000FFFFFF0000000000FF0000FF00000000000000FF
310
FFFF000000000000000000FFFFFF000000000000FF0000FF0000000000000000FFFFFF00000000000000FFFFFFFF000000000000FF0000FF000000000000000000FFFFFFFFFFFFFFFFFFFFFFFF00000000000000FF0000FF000000000000000000FFFFFFFFFFFFFFFFFFFFFF0000000000000000FF0000FF00000000000000
310
000000FFFFFFFFFFFFFF0000000000000000000000FF0000FF00000000000000000000000000000000000000000000000000000000FF0000FF00000000000000000000000000000000000000000000000000000000FF0000FF00000000000000000000000000000000000000000000000000000000FF0000FFFFFFFFFFFFFF
310
FFFFFFFFFFFFFFFFFFFFFFFFFFFFFFFFFFFFFFFFFFFFFF000000000000000000000000000000000000000000000000000000000000000000
102
{BLKREFS
331
5AAC
102
}
 70
     4
280
     1
281
     1
  0
BLOCK_RECORD
  5
5116
102
{ACAD_XDICTIONARY
360
51C2
102
}
330
1
100
AcDbSymbolTableRecord
100
AcDbBlockTableRecord
  2
SD000
340
0
310
2800000020000000200000000100080000000000000400000000000000000000000000000000000000000000000080000080000000808000800000008000800080800000C0C0C000C0DCC000F0CAA6000020400000206000002080000020A0000020C0000020E00000400000004020000040400000406000004080000040A0
310
000040C0000040E00000600000006020000060400000606000006080000060A0000060C0000060E00000800000008020000080400000806000008080000080A0000080C0000080E00000A0000000A0200000A0400000A0600000A0800000A0A00000A0C00000A0E00000C0000000C0200000C0400000C0600000C0800000C0
310
A00000C0C00000C0E00000E0000000E0200000E0400000E0600000E0800000E0A00000E0C00000E0E00040000000400020004000400040006000400080004000A0004000C0004000E00040200000402020004020400040206000402080004020A0004020C0004020E000404000004040200040404000404060004040800040
310
40A0004040C0004040E00040600000406020004060400040606000406080004060A0004060C0004060E00040800000408020004080400040806000408080004080A0004080C0004080E00040A0000040A0200040A0400040A0600040A0800040A0A00040A0C00040A0E00040C0000040C0200040C0400040C0600040C08000
310
40C0A00040C0C00040C0E00040E0000040E0200040E0400040E0600040E0800040E0A00040E0C00040E0E00080000000800020008000400080006000800080008000A0008000C0008000E00080200000802020008020400080206000802080008020A0008020C0008020E00080400000804020008040400080406000804080
310
008040A0008040C0008040E00080600000806020008060400080606000806080008060A0008060C0008060E00080800000808020008080400080806000808080008080A0008080C0008080E00080A0000080A0200080A0400080A0600080A0800080A0A00080A0C00080A0E00080C0000080C0200080C0400080C0600080C0
310
800080C0A00080C0C00080C0E00080E0000080E0200080E0400080E0600080E0800080E0A00080E0C00080E0E000C0000000C0002000C0004000C0006000C0008000C000A000C000C000C000E000C0200000C0202000C0204000C0206000C0208000C020A000C020C000C020E000C0400000C0402000C0404000C0406000C0
310
408000C040A000C040C000C040E000C0600000C0602000C0604000C0606000C0608000C060A000C060C000C060E000C0800000C0802000C0804000C0806000C0808000C080A000C080C000C080E000C0A00000C0A02000C0A04000C0A06000C0A08000C0A0A000C0A0C000C0A0E000C0C00000C0C02000C0C04000C0C06000
310
C0C08000C0C0A000F0FBFF00A4A0A000808080000000FF0000FF000000FFFF00FF000000FF00FF00FFFF0000FFFFFF0000000000000000000000000000000000000000000000000000000000000000000000000000000000000000000000F9F9F9F9000000000000000000000000000000000000000000000000F9F9F9F900
310
000000F9F9F9F900000000000000000000000000000000000000F9000000000000000000000000F900000000000000000000000000000000F9F90000000000000000000000000000F9F900000000000000000000000000F9000000000000000000000000000000000000F90000000000000000000000F9F900000000000000
310
0000000000000000000000F9F9000000000000000000F900000000000000000000000000000000000000000000F90000000000000000F900000000000000000000000000000000000000000000F900000000000000F9000000000000000000000000000000000000000000000000F90000000000F900000000000000000000
310
00000000000000000000000000000000F900000000F9000000F9F9F9F9F9F9000000F9000000000000F9F90000000000F900000000F9000000F90000000000000000F900000000F9F90000F9F9000000F900000000F9000000F90000000000000000F900000000F900000000F9000000F9000000F900000000F90000000000
310
000000F9000000F900000000000000000000F90000F900000000F90000000000000000F9000000F900000000000000000000F90000F900000000F9F9F9F90000000000F9000000F900000000000000000000F90000F900000000F90000000000000000F9000000F900000000000000000000F9000000F9000000F900000000
310
00000000F900000000F900000000F9000000F900000000F9000000F90000000000000000F900000000F9F90000F9F9000000F900000000F9000000F9F9F9F9F9F9F9F9F9F9F9F9F9000000F9F90000000000F900000000F90000000000000000000000000000000000000000000000000000F90000000000F9000000000000
310
000000000000000000000000000000000000F900000000000000F900000000000000000000000000000000000000000000F90000000000000000F900000000000000000000000000000000000000000000F9000000000000000000F9F9000000000000000000000000000000000000F9F90000000000000000000000F90000
310
00000000000000000000000000000000F900000000000000000000000000F9F90000000000000000000000000000F9F900000000000000000000000000000000F9000000000000000000000000F900000000000000000000000000000000000000F9F9F9F900000000F9F9F9F9000000000000000000000000000000000000
310
000000000000F9F9F9F900000000000000000000000000000000000000000000000000000000000000000000000000000000000000000000
102
{BLKREFS
331
5AAD
102
}
 70
     4
280
     1
281
     1
  0
BLOCK_RECORD
  5
5CB9
102
{ACAD_XDICTIONARY
360
5CBC
102
}
330
1
100
AcDbSymbolTableRecord
100
AcDbBlockTableRecord
  2
A$C14611567
340
0
 70
     0
280
     1
281
     0
  0
BLOCK_RECORD
  5
5CC2
102
{ACAD_XDICTIONARY
360
5CC8
102
}
330
1
100
AcDbSymbolTableRecord
100
AcDbBlockTableRecord
  2
A$C1EA94C56
340
0
 70
     4
280
     1
281
     0
  0
ENDTAB
  0
ENDSEC
  0
SECTION
  2
BLOCKS
  0
BLOCK
  5
5
330
2
100
AcDbEntity
  8
0
100
AcDbBlockBegin
  2
*MODEL_SPACE
 70
     0
 10
0.0
 20
0.0
 30
0.0
  3
*MODEL_SPACE
  1

  0
ENDBLK
  5
C
330
2
100
AcDbEntity
  8
0
100
AcDbBlockEnd
  0
BLOCK
  5
12
330
F
100
AcDbEntity
 67
     1
  8
0
100
AcDbBlockBegin
  2
*PAPER_SPACE
 70
     0
 10
0.0
 20
0.0
 30
0.0
  3
*PAPER_SPACE
  1

  0
ENDBLK
  5
13
330
F
100
AcDbEntity
 67
     1
  8
0
100
AcDbBlockEnd
  0
BLOCK
  5
AD
330
AA
100
AcDbEntity
  8
0
100
AcDbBlockBegin
  2
SD100
 70
     0
 10
0.0
 20
0.0
 30
0.0
  3
SD100
  1

  0
CIRCLE
  5
AB
330
AA
100
AcDbEntity
  8
SD100
 62
     0
100
AcDbCircle
 10
0.0
 20
0.0
 30
0.0
 40
0.5039559839344179
  0
CIRCLE
  5
AC
330
AA
100
AcDbEntity
  8
SD100
 62
     0
100
AcDbCircle
 10
0.0
 20
0.0
 30
0.0
 40
0.7504897723599996
  0
ENDBLK
  5
AE
330
AA
100
AcDbEntity
  8
0
100
AcDbBlockEnd
  0
BLOCK
  5
87
330
80
100
AcDbEntity
  8
0
100
AcDbBlockBegin
  2
SD101
 70
     0
 10
0.0
 20
0.0
 30
0.0
  3
SD101
  1

  0
HATCH
  5
81
330
80
100
AcDbEntity
  8
SD101
 62
     0
100
AcDbHatch
 10
0.0
 20
0.0
 30
0.0
210
0.0
220
0.0
230
1.0
  2
SOLID
 70
     1
 71
     0
 91
        2
 92
        1
 93
        1
 72
     2
 10
0.0
 20
0.0
 40
0.5039559839344179
 50
0.0
 51
360.0
 73
     1
 97
        0
 92
       16
 93
        1
 72
     2
 10
0.0
 20
0.0
 40
0.4959559839344179
 50
0.0
 51
360.0
 73
     1
 97
        0
 75
     0
 76
     1
 98
        1
 10
-203.6877702425364
 20
-293.474808033409
450
        0
451
        0
460
0.0
461
0.0
452
        0
462
0.0
453
        0
470

  0
HATCH
  5
82
330
80
100
AcDbEntity
  8
SD101
 62
     0
100
AcDbHatch
 10
0.0
 20
0.0
 30
0.0
210
0.0
220
0.0
230
1.0
  2
SOLID
 70
     1
 71
     0
 91
        2
 92
        1
 93
        1
 72
     2
 10
0.0
 20
0.0
 40
0.7504897723599996
 50
0.0
 51
360.0
 73
     1
 97
        0
 92
       16
 93
        1
 72
     2
 10
0.0
 20
0.0
 40
0.7424897723599996
 50
0.0
 51
360.0
 73
     1
 97
        0
 75
     0
 76
     1
 98
        1
 10
-203.6877702425364
 20
-293.474808033409
450
        0
451
        0
460
0.0
461
0.0
452
        0
462
0.0
453
        0
470

  0
CIRCLE
  5
83
330
80
100
AcDbEntity
  8
SD101
 62
     0
100
AcDbCircle
 10
0.0
 20
0.0
 30
0.0
 40
0.7504897723599996
  0
CIRCLE
  5
84
330
80
100
AcDbEntity
  8
SD101
 62
     0
100
AcDbCircle
 10
0.0
 20
0.0
 30
0.0
 40
0.5039559839344179
  0
CIRCLE
  5
85
330
80
100
AcDbEntity
  8
SD101
 62
     0
100
AcDbCircle
 10
0.0
 20
0.0
 30
0.0
 40
0.7424897723599996
  0
CIRCLE
  5
86
330
80
100
AcDbEntity
  8
SD101
 62
     0
100
AcDbCircle
 10
0.0
 20
0.0
 30
0.0
 40
0.4959559839344179
  0
ENDBLK
  5
88
330
80
100
AcDbEntity
  8
0
100
AcDbBlockEnd
  0
BLOCK
  5
70
330
6D
100
AcDbEntity
  8
0
100
AcDbBlockBegin
  2
SD300
 70
     0
 10
0.0
 20
0.0
 30
0.0
  3
SD300
  1

  0
ARC
  5
6E
330
6D
100
AcDbEntity
  8
SD300
 62
     0
100
AcDbCircle
 10
0.0
 20
0.0
 30
0.0
 40
0.5039559839344179
100
AcDbArc
 50
91.38623902718567
 51
268.6137609728143
  0
CIRCLE
  5
6F
330
6D
100
AcDbEntity
  8
SD300
 62
     0
100
AcDbCircle
 10
0.0
 20
0.0
 30
0.0
 40
0.7504897723599996
  0
ENDBLK
  5
71
330
6D
100
AcDbEntity
  8
0
100
AcDbBlockEnd
  0
BLOCK
  5
79
330
73
100
AcDbEntity
  8
0
100
AcDbBlockBegin
  2
SD301
 70
     0
 10
0.0
 20
0.0
 30
0.0
  3
SD301
  1

  0
HATCH
  5
74
330
73
100
AcDbEntity
  8
SD301
 62
     0
100
AcDbHatch
 10
0.0
 20
0.0
 30
0.0
210
0.0
220
0.0
230
1.0
  2
SOLID
 70
     1
 71
     0
 91
        1
 92
        1
 93
        4
 72
     2
 10
0.0
 20
0.0
 40
0.5039559839344432
 50
93.74362714049185
 51
266.2563728595081
 73
     0
 72
     1
 10
-0.0329043644507579
 20
0.5028806384654559
 11
-0.0329043644507579
 21
0.494863254647612
 72
     2
 10
0.0
 20
0.0
 40
0.4959559839343967
 50
93.80410176132372
 51
266.1958982386763
 73
     1
 72
     1
 10
-0.0329043644507579
 20
-0.494863254647612
 11
-0.0329043644507579
 21
-0.5028806384654559
 97
        0
 75
     0
 76
     1
 98
        1
 10
-203.6877702425364
 20
-289.5023544272151
450
        0
451
        0
460
0.0
461
0.0
452
        0
462
0.0
453
        0
470

  0
HATCH
  5
75
330
73
100
AcDbEntity
  8
SD301
 62
     0
100
AcDbHatch
 10
0.0
 20
0.0
 30
0.0
210
0.0
220
0.0
230
1.0
  2
SOLID
 70
     1
 71
     0
 91
        2
 92
        1
 93
        1
 72
     2
 10
0.0
 20
0.0
 40
0.7504897723599996
 50
0.0
 51
360.0
 73
     1
 97
        0
 92
       16
 93
        1
 72
     2
 10
0.0
 20
0.0
 40
0.7424897723599996
 50
0.0
 51
360.0
 73
     1
 97
        0
 75
     0
 76
     1
 98
        1
 10
-203.6877702425364
 20
-289.5023544272151
450
        0
451
        0
460
0.0
461
0.0
452
        0
462
0.0
453
        0
470

  0
LWPOLYLINE
  5
76
330
73
100
AcDbEntity
  8
SD301
 62
     0
100
AcDbPolyline
 90
        4
 70
   129
 43
0.0
 10
-0.0329043644507579
 20
-0.5028806384654559
 42
-0.9367066127681972
 10
-0.0329043644507579
 20
0.5028806384654559
 10
-0.0329043644507579
 20
0.494863254647612
 42
0.9357163117988509
 10
-0.0329043644507579
 20
-0.494863254647612
  0
CIRCLE
  5
77
330
73
100
AcDbEntity
  8
SD301
 62
     0
100
AcDbCircle
 10
0.0
 20
0.0
 30
0.0
 40
0.7424897723599996
  0
CIRCLE
  5
78
330
73
100
AcDbEntity
  8
SD301
 62
     0
100
AcDbCircle
 10
0.0
 20
0.0
 30
0.0
 40
0.7504897723599996
  0
ENDBLK
  5
7A
330
73
100
AcDbEntity
  8
0
100
AcDbBlockEnd
  0
BLOCK
  5
8D
330
8A
100
AcDbEntity
  8
0
100
AcDbBlockBegin
  2
SD901
 70
     0
 10
0.0
 20
0.0
 30
0.0
  3
SD901
  1

  0
LWPOLYLINE
  5
8B
330
8A
100
AcDbEntity
  8
SD901
 62
     0
100
AcDbPolyline
 90
        2
 70
   128
 43
0.0
 10
-0.75
 20
0.75
 10
0.75
 20
-0.75
  0
LWPOLYLINE
  5
8C
330
8A
100
AcDbEntity
  8
SD901
 62
     0
100
AcDbPolyline
 90
        2
 70
   128
 43
0.0
 10
-0.75
 20
-0.75
 10
0.75
 20
0.75
  0
ENDBLK
  5
8E
330
8A
100
AcDbEntity
  8
0
100
AcDbBlockEnd
  0
BLOCK
  5
62
330
5F
100
AcDbEntity
  8
0
100
AcDbBlockBegin
  2
sd216
 70
     0
 10
0.0
 20
0.0
 30
0.0
  3
sd216
  1

  0
LWPOLYLINE
  5
60
330
5F
100
AcDbEntity
  8
sd216
 62
     0
100
AcDbPolyline
 90
        4
 70
     1
 43
0.0
 10
-0.7499999999490683
 20
-0.7499999999781722
 10
0.7500000000218279
 20
-0.7499999999781722
 10
0.7500000000509317
 20
0.7500000000800356
 10
-0.750000000007276
 20
0.7499999999636203
  0
TEXT
  5
61
330
5F
100
AcDbEntity
  8
sd216
 62
     0
100
AcDbText
 10
-0.5238095238095237
 20
-0.5
 30
0.0
 40
1.0
  1
D
  7
GHS
 72
     1
 11
0.0
 21
0.0
 31
0.0
100
AcDbText
 73
     2
  0
ENDBLK
  5
63
330
5F
100
AcDbEntity
  8
0
100
AcDbBlockEnd
  0
BLOCK
  5
300
330
2FF
100
AcDbEntity
  8
0
 62
     7
100
AcDbBlockBegin
  2
SD213
 70
     0
 10
0.0
 20
0.0
 30
0.0
  3
SD213
  1

  0
LWPOLYLINE
  5
301
330
2FF
100
AcDbEntity
  8
SD213
 62
     0
100
AcDbPolyline
 90
        2
 70
   128
 43
0.0
 10
0.6565021685091779
 20
-0.6686039785854519
 10
0.6565021684509702
 20
0.6753960214555264
1001
AcDbBlockRepETag
1070
     1
1071
        0
1005
301
  0
LWPOLYLINE
  5
302
330
2FF
100
AcDbEntity
  8
SD213
 62
     0
100
AcDbPolyline
 90
        2
 70
   128
 43
0.0
 10
-0.687497831415385
 20
-0.6686039785854519
 10
-0.6874978314735927
 20
0.6753960214555264
1001
AcDbBlockRepETag
1070
     1
1071
        1
1005
302
  0
LWPOLYLINE
  5
303
330
2FF
100
AcDbEntity
  8
SD213
 62
     0
100
AcDbPolyline
 90
        2
 70
   128
 43
0.0
 10
-0.687497831415385
 20
-0.6686039785854519
 10
0.6565021685091779
 20
-0.6686039785854519
1001
AcDbBlockRepETag
1070
     1
1071
        2
1005
303
  0
LWPOLYLINE
  5
304
330
2FF
100
AcDbEntity
  8
SD213
 62
     0
100
AcDbPolyline
 90
        2
 70
   128
 43
0.0
 10
-0.6874978314735927
 20
0.6753960214555264
 10
0.6565021684509702
 20
0.6753960214555264
1001
AcDbBlockRepETag
1070
     1
1071
        3
1005
304
  0
TEXT
  5
305
330
2FF
100
AcDbEntity
  8
SD213
 62
     0
100
AcDbText
 10
-0.4613848202105766
 20
-0.5000000000268561
 30
0.0
 40
0.9999999999999998
  1
B
 50
0.0000000033350533
  7
굴림
 72
     1
 11
0.0
 21
0.0
 31
0.0
100
AcDbText
 73
     2
1001
AcDbBlockRepETag
1070
     1
1071
        4
1005
305
  0
ENDBLK
  5
306
330
2FF
100
AcDbEntity
  8
0
 62
     7
100
AcDbBlockEnd
  0
BLOCK
  5
308
330
307
100
AcDbEntity
  8
0
 62
     7
100
AcDbBlockBegin
  2
SD214
 70
     0
 10
0.0
 20
0.0
 30
0.0
  3
SD214
  1

  0
LWPOLYLINE
  5
309
330
307
100
AcDbEntity
  8
SD214
  6
ByBlock
 62
     0
100
AcDbPolyline
 90
        2
 70
     1
 43
0.6000000000141562
 10
0.0778778066451196
 20
-0.2897154591046274
 42
1.0
 10
-0.0778778066160157
 20
0.2897154591046274
 42
1.0
  0
ENDBLK
  5
30A
330
307
100
AcDbEntity
  8
0
 62
     7
100
AcDbBlockEnd
  0
BLOCK
  5
30C
330
30B
100
AcDbEntity
  8
0
100
AcDbBlockBegin
  2
SD994
 70
     0
 10
0.0
 20
0.0
 30
0.0
  3
SD994
  1

  0
LWPOLYLINE
  5
30D
330
30B
100
AcDbEntity
  8
SD994
 62
     0
100
AcDbPolyline
 90
        3
 70
     1
 43
0.0
 10
0.75
 20
-0.5
 10
-0.75
 20
-0.5
 10
0.0
 20
1.0
  0
CIRCLE
  5
30E
330
30B
100
AcDbEntity
  8
SD994
 62
     0
100
AcDbCircle
 10
0.0
 20
0.0
 30
0.0
 40
0.05
  0
HATCH
  5
30F
330
30B
100
AcDbEntity
  8
SD994
 62
     0
100
AcDbHatch
 10
0.0
 20
0.0
 30
0.0
210
0.0
220
0.0
230
1.0
  2
SOLID
 70
     1
 71
     0
 91
        1
 92
        1
 93
        1
 72
     2
 10
0.0
 20
0.0
 40
0.05
 50
0.0
 51
360.0
 73
     1
 97
        0
 75
     0
 76
     1
 98
        1
 10
-202628.343034
 20
-446496.018742
450
        0
451
        0
460
0.0
461
0.0
452
        0
462
0.0
453
        0
470

  0
ENDBLK
  5
310
330
30B
100
AcDbEntity
  8
0
100
AcDbBlockEnd
  0
BLOCK
  5
4816
330
4813
100
AcDbEntity
  8
0
100
AcDbBlockBegin
  2
기타
 70
     0
 10
0.0
 20
0.0
 30
0.0
  3
기타
  1

  0
TEXT
  5
4814
330
4813
100
AcDbEntity
  8
기타
 62
     0
100
AcDbText
 10
-0.5714285714285714
 20
-0.5
 30
0.0
 40
1.0
  1
M
  7
GHS
 72
     1
 11
0.0
 21
0.0
 31
0.0
100
AcDbText
 73
     2
  0
LWPOLYLINE
  5
4815
330
4813
100
AcDbEntity
  8
기타
 62
     0
100
AcDbPolyline
 90
        4
 70
     1
 43
0.0
 10
-0.75
 20
0.75
 10
0.75
 20
0.75
 10
0.75
 20
-0.75
 10
-0.75
 20
-0.75
  0
ENDBLK
  5
4817
330
4813
100
AcDbEntity
  8
0
100
AcDbBlockEnd
  0
BLOCK
  5
4EE7
330
4EE6
100
AcDbEntity
  8
0
100
AcDbBlockBegin
  2
SD234
 70
     0
 10
0.0
 20
0.0
 30
0.0
  3
SD234
  1

  0
TEXT
  5
500B
330
4EE6
100
AcDbEntity
  8
SD234
 62
     0
100
AcDbText
 10
-0.489347536617843
 20
-0.5
 30
0.0
 40
1.0
  1
C
  7
굴림
 72
     1
 11
0.0
 21
0.0
 31
0.0
100
AcDbText
 73
     2
  0
LWPOLYLINE
  5
500C
330
4EE6
100
AcDbEntity
  8
SD234
 62
     0
100
AcDbPolyline
 90
        4
 70
     1
 43
0.0
 10
-0.6719999999913853
 20
0.6720000000204891
 10
0.6719999999913853
 20
0.6720000000204891
 10
0.6719999999913853
 20
-0.6720000000204891
 10
-0.6719999999913853
 20
-0.6720000000204891
  0
ENDBLK
  5
4EE8
330
4EE6
100
AcDbEntity
  8
0
100
AcDbBlockEnd
  0
BLOCK
  5
5117
330
5116
100
AcDbEntity
  8
0
100
AcDbBlockBegin
  2
SD000
 70
     0
 10
0.0
 20
0.0
 30
0.0
  3
SD000
  1

  0
TEXT
  5
511F
330
5116
100
AcDbEntity
  8
SD000
 62
     0
100
AcDbText
 10
-0.6107142857142857
 20
-0.225
 30
0.0
 40
0.45
  1
ETC
 72
     1
 11
0.0
 21
0.0
 31
0.0
100
AcDbText
 73
     2
  0
CIRCLE
  5
5120
330
5116
100
AcDbEntity
  8
SD000
 62
     0
100
AcDbCircle
 10
0.0
 20
0.0
 30
0.0
 40
0.7500000000218279
  0
ENDBLK
  5
5118
330
5116
100
AcDbEntity
  8
0
100
AcDbBlockEnd
  0
BLOCK
  5
5CBE
330
5CB9
100
AcDbEntity
  8
0
100
AcDbBlockBegin
  2
A$C14611567
 70
     0
 10
0.0
 20
0.0
 30
0.0
  3
A$C14611567
  1

  0
TEXT
  5
5CBA
330
5CB9
100
AcDbEntity
  8
SD_관상고
100
AcDbText
 10
-14.30704996575479
 20
2.219544768333435
 30
0.0
 40
2.5
  1
12.123
  7
GHS
 72
     4
 11
-7.580859489564318
 21
3.469544768333435
 31
0.0
100
AcDbText
  0
TEXT
  5
5CBB
330
5CB9
100
AcDbEntity
  8
SD_관상고
100
AcDbText
 10
1.20238095238095
 20
2.285714285714285
 30
0.0
 40
2.5
  1
SD_관상고
  7
GHS
 72
     4
 11
10.0
 21
3.5
 31
0.0
100
AcDbText
  0
ENDBLK
  5
5CBF
330
5CB9
100
AcDbEntity
  8
0
100
AcDbBlockEnd
  0
BLOCK
  5
5CCA
330
5CC2
100
AcDbEntity
  8
0
100
AcDbBlockBegin
  2
A$C1EA94C56
 70
     0
 10
0.0
 20
0.0
 30
0.0
  3
A$C1EA94C56
  1

  0
TEXT
  5
5CC3
330
5CC2
100
AcDbEntity
  8
SD101
100
AcDbText
 10
12.43768324623414
 20
10.7167961438123
 30
0.0
 40
1.0
  1
SD101
  7
굴림
100
AcDbText
  0
TEXT
  5
5CC4
330
5CC2
100
AcDbEntity
  8
SD300
100
AcDbText
 10
12.43768324623414
 20
8.130231672466379
 30
0.0
 40
1.0
  1
SD300
  7
굴림
100
AcDbText
  0
TEXT
  5
5CC5
330
5CC2
100
AcDbEntity
  8
SD301
100
AcDbText
 10
12.43768324623414
 20
5.742091745826655
 30
0.0
 40
1.0
  1
SD301
  7
굴림
100
AcDbText
  0
TEXT
  5
5CC6
330
5CC2
100
AcDbEntity
  8
SD110
100
AcDbText
 10
12.43768324623414
 20
3.308002542330314
 30
0.0
 40
1.0
  1
SD110
  7
굴림
100
AcDbText
  0
TEXT
  5
5CC7
330
5CC2
100
AcDbEntity
  8
SD901
100
AcDbText
 10
12.43768324623414
 20
0.822938926136544
 30
0.0
 40
1.0
  1
SD901
  7
굴림
100
AcDbText
  0
ENDBLK
  5
5CCB
330
5CC2
100
AcDbEntity
  8
0
100
AcDbBlockEnd
  0
ENDSEC
  0
SECTION
  2
ENTITIES
  0
LWPOLYLINE
  5
5A11
330
2
100
AcDbEntity
  8
0
100
AcDbPolyline
 90
        4
 70
   128
 43
0.8883949869632937
 10
261.0208242602515
 20
225.9769977273875
 10
261.0208242602515
 20
601.6214907931619
 10
427.2619735642205
 20
601.6214907931619
 10
427.2619735642205
 20
225.9769977273875
  0
LWPOLYLINE
  5
5A12
330
2
100
AcDbEntity
  8
0
100
AcDbPolyline
 90
        2
 70
   128
 43
0.0
 10
398.7104565050089
 20
576.7694301692293
 10
398.7104565050089
 20
232.5163727210359
  0
LWPOLYLINE
  5
5A13
330
2
100
AcDbEntity
  8
0
100
AcDbPolyline
 90
        2
 70
   128
 43
0.0
 10
353.2183658846756
 20
576.7694301692293
 10
353.2183658846756
 20
232.5163727210359
  0
LWPOLYLINE
  5
5A14
330
2
100
AcDbEntity
  8
0
100
AcDbPolyline
 90
        2
 70
   128
 43
0.0
 10
318.0440686781061
 20
576.7694301692293
 10
318.0440686781061
 20
232.5163727210359
  0
LWPOLYLINE
  5
5A15
330
2
100
AcDbEntity
  8
0
100
AcDbPolyline
 90
        2
 70
   128
 43
0.0
 10
416.2976051082936
 20
387.9854954395899
 10
269.5035386295625
 20
387.9854954395899
  0
TEXT
  5
5A18
330
2
100
AcDbEntity
  8
SD301
100
AcDbText
 10
324.7514158564722
 20
457.9114723963186
 30
0.0
 40
4.441974934816468
  1
SD301
  7
굴림
100
AcDbText
  0
TEXT
  5
5A1A
330
2
100
AcDbEntity
  8
SD910
100
AcDbText
 10
324.1328466066028
 20
379.803321365592
 30
0.0
 40
4.441974934816468
  1
SD910
  7
굴림
100
AcDbText
  0
TEXT
  5
5A1C
330
2
100
AcDbEntity
  8
sd216
100
AcDbText
 10
324.1675861253737
 20
336.1866619403929
 30
0.0
 40
4.441974934816468
  1
SD216
  7
굴림
100
AcDbText
  0
LWPOLYLINE
  5
5A1D
330
2
100
AcDbEntity
  8
0
100
AcDbPolyline
 90
        2
 70
   128
 43
0.0
 10
269.5035386295625
 20
354.6706834285044
 10
416.2976051082936
 20
354.6706834285044
  0
LWPOLYLINE
  5
5A1E
330
2
100
AcDbEntity
  8
0
100
AcDbPolyline
 90
        2
 70
   128
 43
0.0
 10
269.5035386295625
 20
343.5657460911655
 10
416.2976051082936
 20
343.5657460911655
  0
LWPOLYLINE
  5
5A1F
330
2
100
AcDbEntity
  8
0
100
AcDbPolyline
 90
        2
 70
   128
 43
0.0
 10
269.5035386295625
 20
387.9854954395899
 10
416.2976051082936
 20
387.9854954395899
  0
LWPOLYLINE
  5
5A20
330
2
100
AcDbEntity
  8
0
100
AcDbPolyline
 90
        2
 70
   128
 43
0.0
 10
269.5035386295625
 20
399.0904327764631
 10
416.2976051082936
 20
399.0904327764631
  0
LWPOLYLINE
  5
5A21
330
2
100
AcDbEntity
  8
0
100
AcDbPolyline
 90
        2
 70
   128
 43
0.0
 10
269.5035386295625
 20
410.195370113802
 10
416.2976051082936
 20
410.195370113802
  0
LWPOLYLINE
  5
5A22
330
2
100
AcDbEntity
  8
0
100
AcDbPolyline
 90
        2
 70
   128
 43
0.0
 10
269.5035386295625
 20
421.3003074506753
 10
416.2976051082936
 20
421.3003074506753
  0
LWPOLYLINE
  5
5A23
330
2
100
AcDbEntity
  8
0
100
AcDbPolyline
 90
        2
 70
   128
 43
0.0
 10
269.5035386295625
 20
432.4052447875486
 10
416.2976051082936
 20
432.4052447875486
  0
LWPOLYLINE
  5
5A24
330
2
100
AcDbEntity
  8
0
100
AcDbPolyline
 90
        2
 70
   128
 43
0.0
 10
269.5035386295625
 20
443.5101821248874
 10
416.2976051082936
 20
443.5101821248874
  0
LWPOLYLINE
  5
5A25
330
2
100
AcDbEntity
  8
0
100
AcDbPolyline
 90
        2
 70
   128
 43
0.0
 10
269.5035386295625
 20
454.6151194617607
 10
416.2976051082936
 20
454.6151194617607
  0
LWPOLYLINE
  5
5A26
330
2
100
AcDbEntity
  8
0
100
AcDbPolyline
 90
        2
 70
   128
 43
0.0
 10
269.5035386295625
 20
465.720056798634
 10
416.2976051082936
 20
465.720056798634
  0
LWPOLYLINE
  5
5A27
330
2
100
AcDbEntity
  8
0
100
AcDbPolyline
 90
        2
 70
   128
 43
0.0
 10
269.5035386295625
 20
476.8249941359729
 10
416.2976051082936
 20
476.8249941359729
  0
TEXT
  5
5A28
330
2
100
AcDbEntity
  8
SD110
100
AcDbText
 10
324.7514158564722
 20
447.0993091653556
 30
0.0
 40
4.441974934816468
  1
SD110
  7
굴림
100
AcDbText
  0
TEXT
  5
5A29
330
2
100
AcDbEntity
  8
SD901
100
AcDbText
 10
324.7514158564722
 20
436.0607188705809
 30
0.0
 40
4.441974934816468
  1
SD901
  7
굴림
100
AcDbText
  0
TEXT
  5
5A2A
330
2
100
AcDbEntity
  8
sd216
100
AcDbText
 10
276.6499691930934
 20
335.8948813782529
 30
0.0
 40
4.441974934816468
  1
단자함
  7
굴림
100
AcDbText
  0
TEXT
  5
5A2B
330
2
100
AcDbEntity
  8
SD911
100
AcDbText
 10
276.1460517235668
 20
369.2795463058621
 30
0.0
 40
3.553579947853175
  1
제원인출선
  7
굴림
100
AcDbText
  0
TEXT
  5
5A2C
330
2
100
AcDbEntity
  8
SD999
100
AcDbText
 10
275.5923165578264
 20
401.3602422050655
 30
0.0
 40
4.441974934816468
  1
불탐관
  7
굴림
100
AcDbText
  0
TEXT
  5
5A2D
330
2
100
AcDbEntity
  8
SD910
100
AcDbText
 10
276.1460517235668
 20
380.526635761232
 30
0.0
 40
4.441974934816468
  1
제원
  7
굴림
100
AcDbText
  0
TEXT
  5
5A2E
330
2
100
AcDbEntity
  8
SD110
100
AcDbText
 10
275.3514254657188
 20
445.4322811498761
 30
0.0
 40
4.441974934816468
  1
통신구
  7
굴림
100
AcDbText
  0
TEXT
  5
5A2F
330
2
100
AcDbEntity
  8
SD301
100
AcDbText
 10
275.3514254657188
 20
457.4160162134551
 30
0.0
 40
4.441974934816468
  1
시외통신주
  7
굴림
100
AcDbText
  0
TEXT
  5
5A30
330
2
100
AcDbEntity
  8
SD300
100
AcDbText
 10
275.3514254657188
 20
468.0240739079647
 30
0.0
 40
4.441974934816468
  1
시내통신주
  7
굴림
100
AcDbText
  0
TEXT
  5
5A31
330
2
100
AcDbEntity
  8
SD101
100
AcDbText
 10
275.3514254657188
 20
479.0448995892413
 30
0.0
 40
4.441974934816468
  1
시외통신맨홀
  7
굴림
100
AcDbText
  0
TEXT
  5
5A32
330
2
100
AcDbEntity
  8
SD901
100
AcDbText
 10
275.3514254657188
 20
435.7995767848089
 30
0.0
 40
4.441974934816468
  1
심도
  7
굴림
100
AcDbText
  0
TEXT
  5
5A33
330
2
100
AcDbEntity
  8
SD999
100
AcDbText
 10
402.6600474451537
 20
402.6199937712856
 30
0.0
 40
4.441974934816468
  1
녹색
  7
굴림
100
AcDbText
  0
INSERT
  5
5A34
330
2
100
AcDbEntity
  8
sd216
100
AcDbBlockReference
  2
sd216
 10
377.7443978462237
 20
337.7720212348261
 30
0.0
 41
4.441974934816468
 42
4.441974934816468
 43
4.441974934816468
  0
LWPOLYLINE
  5
5A35
330
2
100
AcDbEntity
  8
SD911
100
AcDbPolyline
 90
        3
 70
   128
 43
0.0
 10
363.2995912343598
 20
369.605371963092
 10
366.5825254476498
 20
372.8857730262437
 10
389.3285707579329
 20
372.8857730262437
  0
LWPOLYLINE
  5
5A36
330
2
100
AcDbEntity
  8
SD999
100
AcDbPolyline
 90
        2
 70
   128
 43
0.0
 10
363.016830143459
 20
404.4868848029048
 10
395.1479823438552
 20
404.4868848029048
  0
TEXT
  5
5A37
330
2
100
AcDbEntity
  8
SD910
100
AcDbText
 10
362.1210872525684
 20
379.803321365592
 30
0.0
 40
4.441974934816468
  1
1900//
  7
GHS
100
AcDbText
  0
TEXT
  5
5A38
330
2
100
AcDbEntity
  8
SD911
100
AcDbText
 10
402.6600474451537
 20
368.8331722597116
 30
0.0
 40
4.441974934816468
  1
검정
  7
굴림
100
AcDbText
  0
TEXT
  5
5A39
330
2
100
AcDbEntity
  8
sd216
100
AcDbText
 10
402.0728568954495
 20
336.0989132717707
 30
0.0
 40
4.441974934816468
  1
녹색
  7
굴림
100
AcDbText
  0
TEXT
  5
5A3A
330
2
100
AcDbEntity
  8
SD910
100
AcDbText
 10
402.6600474451537
 20
379.7910603809626
 30
0.0
 40
4.441974934816468
  1
검정
  7
굴림
100
AcDbText
  0
INSERT
  5
5A3B
330
2
100
AcDbEntity
  8
SD300
100
AcDbBlockReference
  2
SD300
 10
376.4437590017318
 20
472.4070769812435
 30
0.0
 41
4.441974934816468
 42
4.441974934816468
 43
4.441974934816468
  0
INSERT
  5
5A3C
330
2
100
AcDbEntity
  8
SD301
100
AcDbBlockReference
  2
SD301
 10
375.9644111948422
 20
460.1675881301973
 30
0.0
 41
4.441974934816468
 42
4.441974934816468
 43
4.441974934816468
  0
LWPOLYLINE
  5
5A3D
330
2
100
AcDbEntity
  8
SD110
100
AcDbPolyline
 90
        2
 70
   128
 43
0.0
 10
360.4373814891427
 20
451.5065647241183
 10
392.5685336894225
 20
451.5065647241183
  0
LWPOLYLINE
  5
5A3E
330
2
100
AcDbEntity
  8
SD110
100
AcDbPolyline
 90
        2
 70
   128
 43
0.0
 10
360.4373814891427
 20
444.8436023219012
 10
392.5685336894225
 20
444.8436023219012
  0
INSERT
  5
5A3F
330
2
100
AcDbEntity
  8
SD101
100
AcDbBlockReference
  2
SD101
 10
376.4437590017318
 20
482.7249596978993
 30
0.0
 41
4.441974934816468
 42
4.441974934816468
 43
4.441974934816468
  0
INSERT
  5
5A40
330
2
100
AcDbEntity
  8
SD901
100
AcDbBlockReference
  2
SD901
 10
375.8588872737586
 20
437.7575623303175
 30
0.0
 41
4.441974934816468
 42
4.441974934816468
 43
4.441974934816468
  0
LWPOLYLINE
  5
5A41
330
2
100
AcDbEntity
  8
SD110
100
AcDbPolyline
 90
        2
 70
   128
 43
0.0
 10
360.4373814891427
 20
451.5065647241183
 10
360.4373814891427
 20
444.8436023219012
  0
LWPOLYLINE
  5
5A42
330
2
100
AcDbEntity
  8
SD110
100
AcDbPolyline
 90
        2
 70
   128
 43
0.0
 10
392.5685336894225
 20
451.5065647241183
 10
392.5685336894225
 20
444.8436023219012
  0
TEXT
  5
5A43
330
2
100
AcDbEntity
  8
SD901
100
AcDbText
 10
402.6600474451537
 20
435.6407070144534
 30
0.0
 40
4.441974934816468
  1
녹색
  7
굴림
100
AcDbText
  0
TEXT
  5
5A44
330
2
100
AcDbEntity
  8
SD110
100
AcDbText
 10
402.6600474451537
 20
446.2942095327646
 30
0.0
 40
4.441974934816468
  1
녹색
  7
굴림
100
AcDbText
  0
TEXT
  5
5A45
330
2
100
AcDbEntity
  8
SD301
100
AcDbText
 10
402.6600474451537
 20
457.2520973178082
 30
0.0
 40
4.441974934816468
  1
검정
  7
굴림
100
AcDbText
  0
TEXT
  5
5A46
330
2
100
AcDbEntity
  8
SD300
100
AcDbText
 10
402.6600474451537
 20
468.2099854395248
 30
0.0
 40
4.441974934816468
  1
검정
  7
굴림
100
AcDbText
  0
TEXT
  5
5A47
330
2
100
AcDbEntity
  8
SD101
100
AcDbText
 10
402.6600474451537
 20
479.4722595013202
 30
0.0
 40
4.441974934816468
  1
검정
  7
굴림
100
AcDbText
  0
TEXT
  5
5A48
330
2
100
AcDbEntity
  8
0
100
AcDbText
 10
327.9020488197551
 20
569.4637021663123
 30
0.0
 40
4.441974934816468
  1
CODE
  7
굴림
100
AcDbText
  0
TEXT
  5
5A49
330
2
100
AcDbEntity
  8
0
100
AcDbText
 10
296.8447656528427
 20
583.6678557860189
 30
0.0
 40
6.662962402224703
  1
지하시설물 통신 코드표
  7
굴림
100
AcDbText
  0
TEXT
  5
5A4A
330
2
100
AcDbEntity
  8
SD100
100
AcDbText
 10
324.7514158564722
 20
490.3827279013105
 30
0.0
 40
4.441974934816468
  1
SD100
  7
굴림
100
AcDbText
  0
LWPOLYLINE
  5
5A4B
330
2
100
AcDbEntity
  8
0
100
AcDbPolyline
 90
        2
 70
   128
 43
0.0
 10
269.5035386295625
 20
565.664492832356
 10
416.2976051082936
 20
565.664492832356
  0
LWPOLYLINE
  5
5A4C
330
2
100
AcDbEntity
  8
0
100
AcDbPolyline
 90
        2
 70
   128
 43
0.0
 10
269.5035386295625
 20
487.9299314728462
 10
416.2976051082936
 20
487.9299314728462
  0
LWPOLYLINE
  5
5A4D
330
2
100
AcDbEntity
  8
0
100
AcDbPolyline
 90
        2
 70
   128
 43
0.0
 10
269.5035386295625
 20
521.2447434839316
 10
416.2976051082936
 20
521.2447434839316
  0
LWPOLYLINE
  5
5A4E
330
2
100
AcDbEntity
  8
0
100
AcDbPolyline
 90
        2
 70
   128
 43
0.0
 10
269.5035386295625
 20
554.559555495017
 10
416.2976051082936
 20
554.559555495017
  0
TEXT
  5
5A4F
330
2
100
AcDbEntity
  8
SD001
100
AcDbText
 10
325.0881053802426
 20
557.2793556487643
 30
0.0
 40
4.441974934816468
  1
SD001
  7
굴림
100
AcDbText
  0
TEXT
  5
5A50
330
2
100
AcDbEntity
  8
SD002
100
AcDbText
 10
325.0881053802426
 20
524.9612994439424
 30
0.0
 40
4.441974934816468
  1
SD002
  7
굴림
100
AcDbText
  0
LWPOLYLINE
  5
5A51
330
2
100
AcDbEntity
  8
0
100
AcDbPolyline
 90
        4
 70
   129
 43
0.0
 10
294.9341390596804
 20
592.3132526346937
 10
394.5466672174502
 20
592.3132526346937
 10
394.5466672174502
 20
580.2496874005057
 10
294.9341390596804
 20
580.2496874005057
  0
TEXT
  5
5A52
330
2
100
AcDbEntity
  8
0
100
AcDbText
 10
281.2202040387187
 20
569.5303973386519
 30
0.0
 40
4.441974934816468
  1
명   칭
  7
굴림
100
AcDbText
  0
TEXT
  5
5A53
330
2
100
AcDbEntity
  8
SD100
100
AcDbText
 10
275.3514254657188
 20
490.1215861522116
 30
0.0
 40
4.441974934816468
  1
시내통신맨홀
  7
굴림
100
AcDbText
  0
TEXT
  5
5A54
330
2
100
AcDbEntity
  8
SD002
100
AcDbText
 10
275.5923165578264
 20
523.6221083499015
 30
0.0
 40
3.553579947853175
  1
시외통신관로탐사
  7
굴림
100
AcDbText
  0
TEXT
  5
5A55
330
2
100
AcDbEntity
  8
SD001
100
AcDbText
 10
275.5923165578264
 20
558.0489937857248
 30
0.0
 40
3.553579947853175
  1
시내통신관로탐사
  7
굴림
100
AcDbText
  0
TEXT
  5
5A56
330
2
100
AcDbEntity
  8
0
100
AcDbText
 10
363.3108414130387
 20
569.4637021663123
 30
0.0
 40
4.441974934816468
  1
심   볼
  7
굴림
100
AcDbText
  0
INSERT
  5
5A57
330
2
100
AcDbEntity
  8
SD100
100
AcDbBlockReference
  2
SD100
 10
376.4437590017318
 20
492.6300744282537
 30
0.0
 41
4.441974934816468
 42
4.441974934816468
 43
4.441974934816468
  0
LWPOLYLINE
  5
5A58
330
2
100
AcDbEntity
  8
SD001
100
AcDbPolyline
 90
        2
 70
   128
 43
0.0
 10
360.4373814891427
 20
560.0040648871556
 10
392.5685336894225
 20
560.0040648871556
  0
LWPOLYLINE
  5
5A59
330
2
100
AcDbEntity
  8
SD002
100
AcDbPolyline
 90
        2
 70
   128
 43
0.0
 10
360.4373814891427
 20
526.2801224159532
 10
392.5685336894225
 20
526.2801224159532
  0
TEXT
  5
5A5A
330
2
100
AcDbEntity
  8
SD100
100
AcDbText
 10
402.6600474451537
 20
490.7345332264424
 30
0.0
 40
4.441974934816468
  1
검정
  7
굴림
100
AcDbText
  0
TEXT
  5
5A5B
330
2
100
AcDbEntity
  8
SD002
100
AcDbText
 10
402.6600474451537
 20
523.5979100818269
 30
0.0
 40
4.441974934816468
  1
녹색
  7
굴림
100
AcDbText
  0
TEXT
  5
5A5C
330
2
100
AcDbEntity
  8
SD001
100
AcDbText
 10
402.6600474451537
 20
556.7656728772901
 30
0.0
 40
4.441974934816468
  1
녹색
  7
굴림
100
AcDbText
  0
TEXT
  5
5A5D
330
2
100
AcDbEntity
  8
0
100
AcDbText
 10
403.878530713437
 20
569.4637021663123
 30
0.0
 40
4.441974934816468
  1
색
  7
굴림
100
AcDbText
  0
LWPOLYLINE
  5
5A5E
330
2
100
AcDbEntity
  8
0
100
AcDbPolyline
 90
        2
 70
   128
 43
0.8883949869632937
 10
427.2619735642205
 20
225.9769977273875
 10
261.0208242602515
 20
225.9769977273875
  0
LWPOLYLINE
  5
5A5F
330
2
100
AcDbEntity
  8
0
100
AcDbPolyline
 90
        4
 70
   128
 43
0.0
 10
269.5035386295625
 20
232.5163727210359
 10
269.5035386295625
 20
576.7694301692293
 10
416.2976051082936
 20
576.7694301692293
 10
416.2976051082936
 20
232.5163727210359
  0
LWPOLYLINE
  5
5A60
330
2
100
AcDbEntity
  8
0
100
AcDbPolyline
 90
        2
 70
   128
 43
0.0
 10
269.5035386295625
 20
532.3496808212706
 10
416.2976051082936
 20
532.3496808212706
  0
LWPOLYLINE
  5
5A61
330
2
100
AcDbEntity
  8
0
100
AcDbPolyline
 90
        2
 70
   128
 43
0.0
 10
269.5035386295625
 20
543.4546181581437
 10
416.2976051082936
 20
543.4546181581437
  0
TEXT
  5
5A62
330
2
100
AcDbEntity
  8
SD001
100
AcDbText
 10
275.5923165578264
 20
546.9440564488516
 30
0.0
 40
3.553579947853175
  1
시내통신관로준탐
  7
굴림
100
AcDbText
  0
TEXT
  5
5A63
330
2
100
AcDbEntity
  8
SD001
100
AcDbText
 10
325.0881053802426
 20
546.1744183114253
 30
0.0
 40
4.441974934816468
  1
SD001_1
  7
굴림
100
AcDbText
  0
LWPOLYLINE
  5
5A64
330
2
100
AcDbEntity
  8
SD001_1
100
AcDbPolyline
 90
        2
 70
   128
 43
0.0
 10
360.4373814891427
 20
548.8991275502824
 10
392.5685336894225
 20
548.8991275502824
  0
TEXT
  5
5A65
330
2
100
AcDbEntity
  8
SD001
100
AcDbText
 10
402.6600474451537
 20
545.6607355404169
 30
0.0
 40
4.441974934816468
  1
녹색
  7
굴림
100
AcDbText
  0
TEXT
  5
5A66
330
2
100
AcDbEntity
  8
SD001
100
AcDbText
 10
275.5923165578264
 20
535.8391191115126
 30
0.0
 40
3.553579947853175
  1
시내통신관로조사
  7
굴림
100
AcDbText
  0
TEXT
  5
5A67
330
2
100
AcDbEntity
  8
SD001
100
AcDbText
 10
325.0881053802426
 20
535.0694809745521
 30
0.0
 40
4.441974934816468
  1
SD001_2
  7
굴림
100
AcDbText
  0
LWPOLYLINE
  5
5A68
330
2
100
AcDbEntity
  8
SD001_2
100
AcDbPolyline
 90
        2
 70
   128
 43
0.0
 10
360.4373814891427
 20
537.7941902134091
 10
392.5685336894225
 20
537.7941902134091
  0
TEXT
  5
5A69
330
2
100
AcDbEntity
  8
SD001
100
AcDbText
 10
402.6600474451537
 20
534.5557982035436
 30
0.0
 40
4.441974934816468
  1
녹색
  7
굴림
100
AcDbText
  0
LWPOLYLINE
  5
5A6A
330
2
100
AcDbEntity
  8
0
100
AcDbPolyline
 90
        2
 70
   128
 43
0.0
 10
269.5035386295625
 20
499.0348688101851
 10
416.2976051082936
 20
499.0348688101851
  0
LWPOLYLINE
  5
5A6B
330
2
100
AcDbEntity
  8
0
100
AcDbPolyline
 90
        2
 70
   128
 43
0.0
 10
269.5035386295625
 20
510.1398061470583
 10
416.2976051082936
 20
510.1398061470583
  0
TEXT
  5
5A6C
330
2
100
AcDbEntity
  8
SD002
100
AcDbText
 10
275.5923165578264
 20
512.5171710125625
 30
0.0
 40
3.553579947853175
  1
시외통신관로준탐
  7
굴림
100
AcDbText
  0
TEXT
  5
5A6D
330
2
100
AcDbEntity
  8
SD002
100
AcDbText
 10
325.0881053802426
 20
513.8563621066034
 30
0.0
 40
4.441974934816468
  1
SD002_1
  7
굴림
100
AcDbText
  0
LWPOLYLINE
  5
5A6E
330
2
100
AcDbEntity
  8
SD002_1
100
AcDbPolyline
 90
        2
 70
   128
 43
0.0
 10
360.4373814891427
 20
515.1751850790799
 10
392.5685336894225
 20
515.1751850790799
  0
TEXT
  5
5A6F
330
2
100
AcDbEntity
  8
SD002
100
AcDbText
 10
402.6600474451537
 20
512.4929727449536
 30
0.0
 40
4.441974934816468
  1
녹색
  7
굴림
100
AcDbText
  0
TEXT
  5
5A70
330
2
100
AcDbEntity
  8
SD002
100
AcDbText
 10
275.5923165578264
 20
501.4122336756893
 30
0.0
 40
3.553579947853175
  1
시외통신관로조사
  7
굴림
100
AcDbText
  0
TEXT
  5
5A71
330
2
100
AcDbEntity
  8
SD002
100
AcDbText
 10
325.0881053802426
 20
502.7514247697301
 30
0.0
 40
4.441974934816468
  1
SD002_2
  7
굴림
100
AcDbText
  0
LWPOLYLINE
  5
5A72
330
2
100
AcDbEntity
  8
SD002_2
100
AcDbPolyline
 90
        2
 70
   128
 43
0.0
 10
360.4373814891427
 20
504.070247741741
 10
392.5685336894225
 20
504.070247741741
  0
TEXT
  5
5A73
330
2
100
AcDbEntity
  8
SD002
100
AcDbText
 10
402.6600474451537
 20
501.3880354080804
 30
0.0
 40
4.441974934816468
  1
녹색
  7
굴림
100
AcDbText
  0
TEXT
  5
5A74
330
2
100
AcDbEntity
  8
SD214
100
AcDbText
 10
324.7514158564722
 20
313.4349245846727
 30
0.0
 40
4.441974934816468
  1
SD214
  7
굴림
100
AcDbText
  0
TEXT
  5
5A75
330
2
100
AcDbEntity
  8
SD983
100
AcDbText
 10
324.7514158564722
 20
302.2072505451263
 30
0.0
 40
4.441974934816468
  1
SD983
  7
굴림
100
AcDbText
  0
LWPOLYLINE
  5
5A76
330
2
100
AcDbEntity
  8
0
100
AcDbPolyline
 90
        2
 70
   128
 43
0.0
 10
269.5035386295625
 20
299.1459967432068
 10
416.2976051082936
 20
299.1459967432068
  0
LWPOLYLINE
  5
5A77
330
2
100
AcDbEntity
  8
0
100
AcDbPolyline
 90
        2
 70
   128
 43
0.0
 10
269.5035386295625
 20
310.25093408008
 10
416.2976051082936
 20
310.25093408008
  0
LWPOLYLINE
  5
5A78
330
2
100
AcDbEntity
  8
0
100
AcDbPolyline
 90
        2
 70
   128
 43
0.0
 10
269.5035386295625
 20
321.3558714174189
 10
416.2976051082936
 20
321.3558714174189
  0
TEXT
  5
5A79
330
2
100
AcDbEntity
  8
SD983
100
AcDbText
 10
275.3514254657188
 20
301.7117943622627
 30
0.0
 40
4.441974934816468
  1
관공공수
  7
굴림
100
AcDbText
  0
TEXT
  5
5A7A
330
2
100
AcDbEntity
  8
SD214
100
AcDbText
 10
275.3514254657188
 20
312.4708395338141
 30
0.0
 40
4.441974934816468
  1
인입
  7
굴림
100
AcDbText
  0
TEXT
  5
5A7B
330
2
100
AcDbEntity
  8
SD994
100
AcDbText
 10
402.1954371535088
 20
293.1193362417155
 30
0.0
 40
2.220987467408234
  1
녹색
  7
굴림
100
AcDbText
  0
TEXT
  5
5A7C
330
2
100
AcDbEntity
  8
SD214
100
AcDbText
 10
402.6600474451537
 20
312.8981994458929
 30
0.0
 40
4.441974934816468
  1
검정
  7
굴림
100
AcDbText
  0
TEXT
  5
5A7D
330
2
100
AcDbEntity
  8
SD213
100
AcDbText
 10
324.7514158564722
 20
323.8086678458833
 30
0.0
 40
4.441974934816468
  1
SD213
  7
굴림
100
AcDbText
  0
LWPOLYLINE
  5
5A7E
330
2
100
AcDbEntity
  8
0
100
AcDbPolyline
 90
        2
 70
   128
 43
0.0
 10
269.5035386295625
 20
332.4608087542922
 10
416.2976051082936
 20
332.4608087542922
  0
TEXT
  5
5A7F
330
2
100
AcDbEntity
  8
SD213
100
AcDbText
 10
275.3514254657188
 20
323.5475260967844
 30
0.0
 40
4.441974934816468
  1
조인트박스
  7
굴림
100
AcDbText
  0
TEXT
  5
5A80
330
2
100
AcDbEntity
  8
SD213
100
AcDbText
 10
400.3857693204757
 20
324.1604731710152
 30
0.0
 40
3.553579947853175
  1
하늘색
  7
굴림
100
AcDbText
  0
LWPOLYLINE
  5
5A81
330
2
100
AcDbEntity
  8
0
100
AcDbPolyline
 90
        2
 70
   128
 43
0.0
 10
269.5035386295625
 20
343.5657460911655
 10
416.2976051082936
 20
343.5657460911655
  0
LWPOLYLINE
  5
5A82
330
2
100
AcDbEntity
  8
0
100
AcDbPolyline
 90
        2
 70
   128
 43
0.0
 10
269.5035386295625
 20
299.1459967432068
 10
416.2976051082936
 20
299.1459967432068
  0
TEXT
  5
5A83
330
2
100
AcDbEntity
  8
SD994
100
AcDbText
 10
324.7514158564722
 20
291.8938003143751
 30
0.0
 40
3.109382454371528
  1
SD994,SD995
  7
굴림
100
AcDbText
  0
TEXT
  5
5A84
330
2
100
AcDbEntity
  8
SD994
100
AcDbText
 10
275.3514254657188
 20
291.6326585652762
 30
0.0
 40
4.441974934816468
  1
기준점(명)
  7
굴림
100
AcDbText
  0
LWPOLYLINE
  5
5A85
330
2
100
AcDbEntity
  8
0
100
AcDbPolyline
 90
        2
 70
   128
 43
0.0
 10
269.5035386295625
 20
299.1459967432068
 10
416.2976051082936
 20
299.1459967432068
  0
INSERT
  5
5A86
330
2
100
AcDbEntity
  8
SD213
100
AcDbBlockReference
  2
SD213
 10
376.4437590017318
 20
326.0560143728264
 30
0.0
 41
4.441974934816468
 42
4.441974934816468
 43
4.441974934816468
  0
INSERT
  5
5A87
330
2
100
AcDbEntity
  8
SD214
100
AcDbBlockReference
  2
SD214
 10
376.4437590017318
 20
316.150899642472
 30
0.0
 41
4.441974934816468
 42
4.441974934816468
 43
4.441974934816468
  0
INSERT
  5
5A88
330
2
100
AcDbEntity
  8
SD994
 62
     7
100
AcDbBlockReference
  2
SD994
 10
364.7709577800109
 20
292.8663738033258
 30
0.0
 41
4.441974934816468
 42
4.441974934816468
 43
4.441974934816468
  0
TEXT
  5
5A89
330
2
100
AcDbEntity
  8
SD995
100
AcDbText
 10
367.985165807126
 20
291.6946599496053
 30
0.0
 40
4.441974934816468
  1
기준점명
  7
굴림
100
AcDbText
  0
HATCH
  5
5A8A
330
2
100
AcDbEntity
  8
SD983
  6
Continuous
100
AcDbHatch
 10
0.0
 20
0.0
 30
0.0
210
0.0
220
0.0
230
1.0
  2
ANSI31
 70
     0
 71
     1
 91
        1
 92
        1
 93
        1
 72
     2
 10
365.5257086133919
 20
302.9858680654772
 40
1.554691227185764
 50
0.0
 51
360.0
 73
     1
 97
        1
330
5A8B
 75
     0
 76
     1
 52
109.1635309576795
 41
3.109382454371528
 77
     0
 78
     1
 53
154.1635309576795
 43
1252361.844952179
 44
-84036.78686391158
 45
-0.1693851950028972
 46
-0.3498216895726734
 79
     0
 98
        1
 10
365.5257086133919
 20
302.9858680654772
1001
ACAD
1010
0.0
1020
0.0
1030
0.0
  0
CIRCLE
  5
5A8B
102
{ACAD_REACTORS
330
5A8A
102
}
330
2
100
AcDbEntity
  8
SD983
  6
Continuous
100
AcDbCircle
 10
365.5257086133919
 20
302.9858680654772
 30
0.0
 40
1.554691227185764
  0
CIRCLE
  5
5A8C
330
2
100
AcDbEntity
  8
SD983
  6
Continuous
100
AcDbCircle
 10
368.9460293130818
 20
306.4061887654
 30
0.0
 40
0.777345613592882
  0
CIRCLE
  5
5A8D
330
2
100
AcDbEntity
  8
SD983
  6
Continuous
100
AcDbCircle
 10
365.5257086135083
 20
306.4061887658656
 30
0.0
 40
0.777345613592882
  0
LWPOLYLINE
  5
5A8E
330
2
100
AcDbEntity
  8
SD983
  6
Continuous
100
AcDbPolyline
 90
        6
 70
     0
 43
0.0
 10
389.8881097834659
 20
301.1202385931731
 10
370.8116587855024
 20
301.1202385931731
 10
363.6600791409713
 20
301.1202385931731
 10
363.6600791408549
 20
308.2718182381698
 10
370.8116587856188
 20
308.2718182381698
 10
370.8116587855024
 20
301.1202385931731
1001
HV_SIZE
1000
0.13X0.29
  0
LWPOLYLINE
  5
5A8F
330
2
100
AcDbEntity
  8
0
100
AcDbPolyline
 90
        2
 70
   128
 43
0.0
 10
269.5035386295625
 20
376.8805581027166
 10
416.2976051082936
 20
376.8805581027166
  0
TEXT
  5
5A90
330
2
100
AcDbEntity
  8
SD219
100
AcDbText
 10
324.1328466066028
 20
346.4885093545065
 30
0.0
 40
4.441974934816468
  1
SD219
  7
굴림
100
AcDbText
  0
TEXT
  5
5A91
330
2
100
AcDbEntity
  8
SD219
100
AcDbText
 10
275.5923165578264
 20
345.551251956121
 30
0.0
 40
4.441974934816468
  1
시설물번호
  7
굴림
100
AcDbText
  0
TEXT
  5
5A92
330
2
100
AcDbEntity
  8
SD219
100
AcDbText
 10
360.3830189682179
 20
346.4885093545065
 30
0.0
 40
4.441974934816468
  1
비응도17H
  7
GHS
100
AcDbText
  0
TEXT
  5
5A93
330
2
100
AcDbEntity
  8
SD219
100
AcDbText
 10
402.6600474451537
 20
346.4762483698771
 30
0.0
 40
4.441974934816468
  1
검정
  7
굴림
100
AcDbText
  0
LWPOLYLINE
  5
5A94
330
2
100
AcDbEntity
  8
0
100
AcDbPolyline
 90
        2
 70
   128
 43
0.0
 10
269.5035386295625
 20
288.0410594063335
 10
416.2976051082936
 20
288.0410594063335
  0
TEXT
  5
5A95
330
2
100
AcDbEntity
  8
DORO
100
AcDbText
 10
324.1328466066028
 20
279.8588853323356
 30
0.0
 40
4.441974934816468
  1
DORO
  7
굴림
100
AcDbText
  0
TEXT
  5
5A96
330
2
100
AcDbEntity
  8
DORO
100
AcDbText
 10
275.5923165578264
 20
279.7337706329756
 30
0.0
 40
4.441974934816468
  1
도로선형
  7
굴림
100
AcDbText
  0
TEXT
  5
5A97
330
2
100
AcDbEntity
  8
DORO
100
AcDbText
 10
402.6600474451537
 20
279.8466243477062
 30
0.0
 40
4.441974934816468
  1
파란
  7
굴림
100
AcDbText
  0
TEXT
  5
5A98
330
2
100
AcDbEntity
  8
SD983
100
AcDbText
 10
402.6600474451537
 20
301.793262108554
 30
0.0
 40
4.441974934816468
  1
검정
  7
굴림
100
AcDbText
  0
LWPOLYLINE
  5
5A99
330
2
100
AcDbEntity
  8
DORO
100
AcDbPolyline
 90
        2
 70
   128
 43
0.0
 10
363.016830143459
 20
281.7717829121732
 10
395.1479823438552
 20
281.7717829121732
  0
LWPOLYLINE
  5
5A9A
330
2
100
AcDbEntity
  8
0
100
AcDbPolyline
 90
        2
 70
   128
 43
0.0
 10
269.5035386295625
 20
232.5163727210359
 10
416.2976051082936
 20
232.5163727210359
  0
TEXT
  5
5A9B
330
2
100
AcDbEntity
  8
SD100
100
AcDbText
 10
402.6600474451537
 20
269.2451062424563
 30
0.0
 40
4.441974934816468
  1
검정
  7
굴림
100
AcDbText
  0
TEXT
  5
5A9C
330
2
100
AcDbEntity
  8
기타
  6
Continuous
100
AcDbText
 10
274.8863507414338
 20
269.2904174405605
 30
0.0
 40
3.553579947853175
  1
기설(사업외)맨홀
  7
굴림
100
AcDbText
  0
TEXT
  5
5A9D
330
2
100
AcDbEntity
  8
SD100
100
AcDbText
 10
323.9871439611874
 20
269.1770193309978
 30
0.0
 40
4.441974934816468
  1
기타
  7
굴림
100
AcDbText
  0
INSERT
  5
5A9E
330
2
100
AcDbEntity
  8
기타
  6
Continuous
100
AcDbBlockReference
  2
기타
 10
375.5260245745871
 20
271.5730693199196
 30
0.0
 41
4.441974934816468
 42
4.441974934816468
 43
4.441974934816468
1001
MHNO
1000
수용가공동맨홀
  0
LWPOLYLINE
  5
5A9F
330
2
100
AcDbEntity
  8
0
100
AcDbPolyline
 90
        2
 70
   128
 43
0.0
 10
269.5035386295625
 20
265.8311847321213
 10
416.2976051082936
 20
265.8311847321213
  0
LWPOLYLINE
  5
5AA0
330
2
100
AcDbEntity
  8
0
100
AcDbPolyline
 90
        2
 70
   128
 43
0.0
 10
269.5035386295625
 20
265.8311847321213
 10
416.2976051082936
 20
265.8311847321213
  0
LWPOLYLINE
  5
5AA1
330
2
100
AcDbEntity
  8
0
100
AcDbPolyline
 90
        2
 70
   128
 43
0.0
 10
269.5035386295625
 20
265.8311847321213
 10
416.2976051082936
 20
265.8311847321213
  0
LWPOLYLINE
  5
5AA2
330
2
100
AcDbEntity
  8
0
100
AcDbPolyline
 90
        2
 70
   128
 43
0.0
 10
269.5035386295625
 20
254.7262473952481
 10
416.2976051082936
 20
254.7262473952481
  0
LWPOLYLINE
  5
5AA3
330
2
100
AcDbEntity
  8
0
100
AcDbPolyline
 90
        2
 70
   128
 43
0.0
 10
269.5035386295625
 20
276.9361220689946
 10
416.2976051082936
 20
276.9361220689946
  0
LWPOLYLINE
  5
5AA4
330
2
100
AcDbEntity
  8
0
100
AcDbPolyline
 90
        2
 70
   128
 43
0.0
 10
269.5035386295625
 20
276.9361220689946
 10
416.2976051082936
 20
276.9361220689946
  0
LWPOLYLINE
  5
5AA5
330
2
100
AcDbEntity
  8
0
100
AcDbPolyline
 90
        2
 70
   128
 43
0.0
 10
269.5035386295625
 20
276.9361220689946
 10
416.2976051082936
 20
276.9361220689946
  0
TEXT
  5
5AA6
330
2
100
AcDbEntity
  8
SD100
 62
     1
100
AcDbText
 10
402.6600474451537
 20
258.1401689051174
 30
0.0
 40
4.441974934816468
  1
빨강
  7
굴림
100
AcDbText
  0
TEXT
  5
5AA7
330
2
100
AcDbEntity
  8
SD000
 62
     7
100
AcDbText
 10
274.8863507414338
 20
258.1854801036873
 30
0.0
 40
3.553579947853175
  1
전주입상(타지장물)
  7
굴림
100
AcDbText
  0
TEXT
  5
5AA8
330
2
100
AcDbEntity
  8
SD000
 62
     1
100
AcDbText
 10
323.9871439611874
 20
258.0720819941246
 30
0.0
 40
4.441974934816468
  1
SD000
  7
굴림
100
AcDbText
  0
TEXT
  5
5AA9
330
2
100
AcDbEntity
  8
SD100
100
AcDbText
 10
402.6600474451537
 20
247.0352315682442
 30
0.0
 40
4.441974934816468
  1
검정
  7
굴림
100
AcDbText
  0
TEXT
  5
5AAA
330
2
100
AcDbEntity
  8
SD234
100
AcDbText
 10
274.8863507414338
 20
247.080542766814
 30
0.0
 40
4.441974934816468
  1
CCTV
  7
굴림
100
AcDbText
  0
TEXT
  5
5AAB
330
2
100
AcDbEntity
  8
SD234
100
AcDbText
 10
323.9871439611874
 20
246.9671446572514
 30
0.0
 40
4.441974934816468
  1
SD234
  7
굴림
100
AcDbText
  0
INSERT
  5
5AAC
330
2
100
AcDbEntity
  8
SD234
100
AcDbBlockReference
  2
SD234
 10
375.5260245745871
 20
249.1333553603375
 30
0.0
 41
4.441974934816468
 42
4.441974934816468
 43
4.441974934816468
  0
INSERT
  5
5AAD
330
2
100
AcDbEntity
  8
SD000
 62
     1
100
AcDbBlockReference
  2
SD000
 10
375.4754499805262
 20
260.2829665605434
 30
0.0
 41
4.441974934816468
 42
4.441974934816468
 43
4.441974934816468
  0
LWPOLYLINE
  5
5AAE
330
2
100
AcDbEntity
  8
0
100
AcDbPolyline
 90
        2
 70
   128
 43
0.0
 10
269.5035386295625
 20
243.6213100579092
 10
416.2976051082936
 20
243.6213100579092
  0
TEXT
  5
5AB0
330
2
100
AcDbEntity
  8
SD995
100
AcDbText
 10
408.8234084583222
 20
293.1193362417155
 30
0.0
 40
2.220987467408234
  1
검정
  7
굴림
100
AcDbText
  0
LWPOLYLINE
  5
5AB1
330
2
100
AcDbEntity
  8
0
100
AcDbPolyline
 90
        2
 70
   128
 43
0.0
 10
269.5035386295625
 20
365.7756207653776
 10
416.2976051082936
 20
365.7756207653776
  0
TEXT
  5
5AB2
330
2
100
AcDbEntity
  8
SD911
100
AcDbText
 10
324.1328466066028
 20
356.9826660420269
 30
0.0
 40
4.441974934816468
  1
SD911-1
  7
굴림
100
AcDbText
  0
TEXT
  5
5AB3
330
2
100
AcDbEntity
  8
SD911
100
AcDbText
 10
276.1460517235668
 20
358.1746089685232
 30
0.0
 40
3.553579947853175
  1
시설물인출선
  7
굴림
100
AcDbText
  0
LWPOLYLINE
  5
5AB4
330
2
100
AcDbEntity
  8
SD911
100
AcDbPolyline
 90
        3
 70
   128
 43
0.0
 10
363.2995912343598
 20
358.5004346257531
 10
366.5825254476498
 20
361.7808356893704
 10
389.3285707579329
 20
361.7808356893704
  0
TEXT
  5
5AB5
330
2
100
AcDbEntity
  8
SD911
100
AcDbText
 10
402.6600474451537
 20
357.7282349223726
 30
0.0
 40
4.441974934816468
  1
검정
  7
굴림
100
AcDbText
  0
TEXT
  5
5C33
330
2
100
AcDbEntity
  8
SD_관상고
100
AcDbText
 10
324.1328466064864
 20
235.3469733319701
 30
0.0
 40
4.01415707813457
  1
SD_관상고
  7
굴림
100
AcDbText
  0
TEXT
  5
5C34
330
2
100
AcDbEntity
  8
SD_관상고
100
AcDbText
 10
275.5923165579428
 20
235.1126592353442
 30
0.0
 40
4.441974934813782
  1
관상고
  7
굴림
100
AcDbText
  0
TEXT
  5
5C35
330
2
100
AcDbEntity
  8
SD_관상고
100
AcDbText
 10
369.6309642741093
 20
235.3469733319701
 30
0.0
 40
4.441974934813782
  1
12.456
  7
굴림
100
AcDbText
  0
TEXT
  5
5C36
330
2
100
AcDbEntity
  8
SDDIM
100
AcDbText
 10
323.4946845894723
 20
424.5828308876127
 30
0.0
 40
4.442
  1
SDDIM
  7
굴림
100
AcDbText
  0
TEXT
  5
5C37
330
2
100
AcDbEntity
  8
SDSIM_T
100
AcDbText
 10
324.1328466064864
 20
390.8160960509897
 30
0.0
 40
4.441974934813782
  1
SDSIM_T
  7
굴림
100
AcDbText
  0
TEXT
  5
5C38
330
2
100
AcDbEntity
  8
SDSIM_T
100
AcDbText
 10
275.5923165579428
 20
390.5817819538981
 30
0.0
 40
4.441974934813782
  1
심도텍스트
  7
굴림
100
AcDbText
  0
TEXT
  5
5C39
330
2
100
AcDbEntity
  8
SDDIM
100
AcDbText
 10
275.5923165579428
 20
424.1808971924231
 30
0.0
 40
4.441974934813782
  1
이격거리
  7
굴림
100
AcDbText
  0
TEXT
  5
5C3A
330
2
100
AcDbEntity
  8
SDSIM_T
100
AcDbText
 10
369.6309642741093
 20
390.8160960509897
 30
0.0
 40
4.441974934813782
  1
0.9
  7
GHS
100
AcDbText
  0
TEXT
  5
5C3B
330
2
100
AcDbEntity
  8
SDSIM_T
100
AcDbText
 10
402.6600474450373
 20
390.7489481660062
 30
0.0
 40
4.441974934813782
  1
회색
  7
굴림
100
AcDbText
  0
LWPOLYLINE
  5
5C3C
330
2
100
AcDbEntity
  8
SDDIM1
100
AcDbPolyline
 90
        2
 70
   128
 43
0.0
 10
363.0168301433426
 20
426.1359682938539
 10
395.1479823437388
 20
426.1359682938539
  0
TEXT
  5
5C3D
330
2
100
AcDbEntity
  8
SDDIM
100
AcDbText
 10
401.1369432092745
 20
425.0344129133493
 30
0.0
 40
3.553579947851026
  1
하늘색
  7
굴림
100
AcDbText
  0
TEXT
  5
5C3E
330
2
100
AcDbEntity
  8
SDDIM
100
AcDbText
 10
323.4946845894723
 20
413.4778935507394
 30
0.0
 40
4.442
  1
SDDIM1
  7
굴림
100
AcDbText
  0
TEXT
  5
5C3F
330
2
100
AcDbEntity
  8
SDDIM
100
AcDbText
 10
275.5923165579428
 20
413.0759598555498
 30
0.0
 40
4.441974934813782
  1
이격거리(심도)
  7
굴림
100
AcDbText
  0
TEXT
  5
5C40
330
2
100
AcDbEntity
  8
SDDIM
100
AcDbText
 10
401.1369432092745
 20
413.929475576476
 30
0.0
 40
3.553579947851026
  1
하늘색
  7
굴림
100
AcDbText
  0
TEXT
  5
5C41
330
2
100
AcDbEntity
  8
SDDIM
100
AcDbText
 10
358.2126774666525
 20
413.0259707252019
 30
0.0
 40
4.441974934813782
  1
이격거리(심도)
  7
NGSW
100
AcDbText
  0
TEXT
  5
5CB7
330
2
100
AcDbEntity
  8
sd216
100
AcDbText
 10
402.0728568954495
 20
236.1544772385144
 30
0.0
 40
4.441974934816468
  1
녹색
  7
굴림
100
AcDbText
  0
TEXT
  5
5CCC
330
2
100
AcDbEntity
  8
SD101
100
AcDbText
 10
324.7514158564722
 20
479.2777905644372
 30
0.0
 40
4.441974934816468
  1
SD101
  7
굴림
100
AcDbText
  0
TEXT
  5
5CCD
330
2
100
AcDbEntity
  8
SD300
100
AcDbText
 10
324.7514158564722
 20
468.1728532270983
 30
0.0
 40
4.441974934816468
  1
SD300
  7
굴림
100
AcDbText
  0
TEXT
  5
5CD2
330
2
100
AcDbEntity
  8
SD999
100
AcDbText
 10
324.7514158564722
 20
401.5432292049274
 30
0.0
 40
4.441974934816468
  1
SD999
  7
굴림
100
AcDbText
  0
TEXT
  5
5CD3
330
2
100
AcDbEntity
  8
SD911
100
AcDbText
 10
324.1328466066028
 20
368.6983840287187
 30
0.0
 40
4.441974934816468
  1
SD911
  7
굴림
100
AcDbText
  0
TEXT
  5
5CD4
330
2
100
AcDbEntity
  8
SD911
100
AcDbText
 10
324.1328466066028
 20
379.8033213660576
 30
0.0
 40
4.441974934816468
  1
SD910
  7
굴림
100
AcDbText
  0
ENDSEC
  0
SECTION
  2
OBJECTS
  0
DICTIONARY
  5
9
330
0
100
AcDbDictionary
281
     1
  3
ACAD_CIP_PREVIOUS_PRODUCT_INFO
350
4837
  3
ACAD_COLOR
350
170
  3
ACAD_DETAILVIEWSTYLE
350
4830
  3
ACAD_GROUP
350
24
  3
ACAD_LAYOUT
350
E
  3
ACAD_MATERIAL
350
146
  3
ACAD_MLEADERSTYLE
350
195
  3
ACAD_MLINESTYLE
350
25
  3
ACAD_PLOTSETTINGS
350
26
  3
ACAD_PLOTSTYLENAME
350
8
  3
ACAD_SCALELIST
350
173
  3
ACAD_SECTIONVIEWSTYLE
350
482E
  3
ACAD_TABLESTYLE
350
171
  3
ACAD_VISUALSTYLE
350
15F
  3
ACDB_RECOMPOSE_DATA
350
5D79
  3
AcDbVariableDictionary
350
44A6
  3
ADE_QUERY_LIBRARY
350
B5
  3
AEC_CLASSIFICATION_SYSTEM_DEFS
350
51DC
  3
AEC_DISP_REP_CONFIGURATIONS
350
4660
  3
AEC_DISP_REP_SETS
350
4656
  3
AEC_DISP_REPS
350
44B7
  3
AEC_DISPLAY_PROPS_DEFAULTS
350
44B9
  3
AEC_PROPERTY_SET_DEFS
350
23E0
  3
AEC_VARS
350
201
  3
ASE_INDEX_DICTIONARY
350
46A7
  3
Autodesk_MAP
350
19C
  3
Root
350
1FB
1001
ADE
1000
ADE02C004
1000
[Query]
1000
CaseSensitiveMatch=0
1000
SaveCurrQueryInSession=1
1000
MkSelSetWithQryObj=0
1000
ShowBlockAsInsPt=0
1000
CreateAssociativeHatchObjects=0
1000
ReferenceBoundaryForAreaLocation=1
1000
ShowImageAsBoundary=1
1000
DefaultJoinOperator=2
1000
ColorForAdd=red
1000
ColorForRemove=red
1000
BlockLocnForQuery=1
1000
TextLocnForQuery=1
1000
IncludeAllObjectsInGroups=0
1000
AlwaysUseLibraryDefinitions=0
1000
PreviewDefinitionsFrom=2
1000
[Save Back]
1000
RedefineBlockDefinitions=1
1000
RedefineLayerDefinitions=1
1000
RedefineTextStyleDefinitions=1
1000
RemoveUnusedGroups=1
1000
EraseSavedBackObjects=1
1000
RemoveLockAfterSave=1
1000
CreateHistoryFileOfChanges=0
1000
CreateBackupFileOfSourceDwg=1
1000
DontAddObjectsToSaveSet=0
1000
MarkObjectsForEditingWithoutPrompting=0
1000
FdoDontAddObjsToSvSet=0
1000
FdoEditWithoutPrompt=1
1000
FdoRemUnusedGrps=1
1000
FdoEraseSvdBkObjs=1
1000
FdoRemoveLockOnSave=1
1000
FdoTesselationMaxPointsDistance=0
1000
FdoTesselationMaxCurvesDistance=0
1000
[Coordinate Transformation]
1000
RestoreLastActiveDwgsOnStartup=1
1000
ActivateDwgsOnAttach=1
1000
AdjustSizesAndScalesForChangesInUnits=1
1000
AdjustRotationsForMapDistortions=1
1000
AdjustSizesAndScalesForMapDistortions=1
1000
AdjustElevations=1
1000
AdjustZeroRotationObjects=1
1000
ReconnectDbOnWSOpen=1
1000
NoOfSQLConditionsInHistory=10
  0
DICTIONARY
  5
471A
330
1E
100
AcDbDictionary
280
     1
281
     1
  0
DICTIONARY
  5
46E8
330
15
100
AcDbDictionary
280
     1
281
     1
  3
ACAD_LAYERFILTERS
360
51FF
  3
ACAD_LAYERSTATES
360
4807
  3
ACLYDICTIONARY
360
51FE
  0
DICTIONARY
  5
4667
330
6
100
AcDbDictionary
280
     1
281
     1
  3
ADSK_XREC_LAYER_RECONCILED
360
4668
  0
DICTIONARY
  5
4669
330
A0
100
AcDbDictionary
280
     1
281
     1
  3
ADSK_XREC_LAYER_RECONCILED
360
466A
  0
DICTIONARY
  5
466B
330
51
100
AcDbDictionary
280
     1
281
     1
  3
ADSK_XREC_LAYER_RECONCILED
360
466C
  0
DICTIONARY
  5
466D
330
7E
100
AcDbDictionary
280
     1
281
     1
  3
ADSK_XREC_LAYER_RECONCILED
360
466E
  0
DICTIONARY
  5
466F
330
39
100
AcDbDictionary
280
     1
281
     1
  3
ADSK_XREC_LAYER_RECONCILED
360
4670
  0
DICTIONARY
  5
4671
330
9A
100
AcDbDictionary
280
     1
281
     1
  3
ADSK_XREC_LAYER_RECONCILED
360
4672
  0
DICTIONARY
  5
4673
330
4F
100
AcDbDictionary
280
     1
281
     1
  3
ADSK_XREC_LAYER_RECONCILED
360
4674
  0
DICTIONARY
  5
4675
330
A2
100
AcDbDictionary
280
     1
281
     1
  3
ADSK_XREC_LAYER_RECONCILED
360
4676
  0
DICTIONARY
  5
4677
330
31
100
AcDbDictionary
280
     1
281
     1
  3
ADSK_XREC_LAYER_RECONCILED
360
4678
  0
DICTIONARY
  5
4679
330
33
100
AcDbDictionary
280
     1
281
     1
  3
ADSK_XREC_LAYER_RECONCILED
360
467A
  0
DICTIONARY
  5
467B
330
35
100
AcDbDictionary
280
     1
281
     1
  3
ADSK_XREC_LAYER_RECONCILED
360
467C
  0
DICTIONARY
  5
467D
330
42
100
AcDbDictionary
280
     1
281
     1
  3
ADSK_XREC_LAYER_RECONCILED
360
467E
  0
DICTIONARY
  5
467F
330
37
100
AcDbDictionary
280
     1
281
     1
  3
ADSK_XREC_LAYER_RECONCILED
360
4680
  0
DICTIONARY
  5
4681
330
3E
100
AcDbDictionary
280
     1
281
     1
  3
ADSK_XREC_LAYER_RECONCILED
360
4682
  0
DICTIONARY
  5
4683
330
40
100
AcDbDictionary
280
     1
281
     1
  3
ADSK_XREC_LAYER_RECONCILED
360
4684
  0
DICTIONARY
  5
4685
330
3C
100
AcDbDictionary
280
     1
281
     1
  3
ADSK_XREC_LAYER_RECONCILED
360
4686
  0
DICTIONARY
  5
4689
330
CC
100
AcDbDictionary
280
     1
281
     1
  3
ADSK_XREC_LAYER_RECONCILED
360
468A
  0
DICTIONARY
  5
468B
330
CD
100
AcDbDictionary
280
     1
281
     1
  3
ADSK_XREC_LAYER_RECONCILED
360
468C
  0
DICTIONARY
  5
468D
330
D8
100
AcDbDictionary
280
     1
281
     1
  3
ADSK_XREC_LAYER_RECONCILED
360
468E
  0
DICTIONARY
  5
468F
330
D9
100
AcDbDictionary
280
     1
281
     1
  3
ADSK_XREC_LAYER_RECONCILED
360
4690
  0
DICTIONARY
  5
4693
330
316
100
AcDbDictionary
280
     1
281
     1
  3
ADSK_XREC_LAYER_RECONCILED
360
4694
  0
DICTIONARY
  5
4695
330
317
100
AcDbDictionary
280
     1
281
     1
  3
ADSK_XREC_LAYER_RECONCILED
360
4696
  0
DICTIONARY
  5
469C
330
31C
100
AcDbDictionary
280
     1
281
     1
  3
ADSK_XREC_LAYER_RECONCILED
360
469D
  0
DICTIONARY
  5
469E
330
31D
100
AcDbDictionary
280
     1
281
     1
  3
ADSK_XREC_LAYER_RECONCILED
360
469F
  0
DICTIONARY
  5
46A2
330
31F
100
AcDbDictionary
280
     1
281
     1
  3
ADSK_XREC_LAYER_RECONCILED
360
46A3
  0
DICTIONARY
  5
46A4
330
320
100
AcDbDictionary
280
     1
281
     1
  3
ADSK_XREC_LAYER_RECONCILED
360
46A5
  0
DICTIONARY
  5
51CF
330
51CE
100
AcDbDictionary
280
     1
281
     1
  3
ADSK_XREC_LAYER_RECONCILED
360
51D0
  0
DICTIONARY
  5
57D4
330
57D3
100
AcDbDictionary
280
     1
281
     1
  0
DICTIONARY
  5
57D6
330
57D5
100
AcDbDictionary
280
     1
281
     1
  0
DICTIONARY
  5
3
330
2
100
AcDbDictionary
280
     1
281
     1
  3
ACAD_LAYOUTSELFREF
360
13E
  3
ACAD_SORTENTS
360
483D
  0
DICTIONARY
  5
10
330
F
100
AcDbDictionary
280
     1
281
     1
  3
ACAD_LAYOUTSELFREF
360
141
  0
DICTIONARY
  5
505D
330
4EE6
100
AcDbDictionary
280
     1
281
     1
  0
DICTIONARY
  5
51C2
330
5116
100
AcDbDictionary
280
     1
281
     1
  0
DICTIONARY
  5
5CBC
330
5CB9
100
AcDbDictionary
280
     1
281
     1
  3
ACAD_SORTENTS
360
5CBD
  0
DICTIONARY
  5
5CC8
330
5CC2
100
AcDbDictionary
280
     1
281
     1
  3
ACAD_SORTENTS
360
5CC9
  0
XRECORD
  5
4837
102
{ACAD_REACTORS
330
9
102
}
330
9
100
AcDbXrecord
280
     1
300
MAP
300
2021
300

  0
DICTIONARY
  5
170
102
{ACAD_REACTORS
330
9
102
}
330
9
100
AcDbDictionary
281
     1
  0
DICTIONARY
  5
4830
102
{ACAD_REACTORS
330
9
102
}
330
9
100
AcDbDictionary
281
     1
  3
Imperial24
350
4831
  3
Metric50
350
4ECE
  0
DICTIONARY
  5
24
102
{ACAD_REACTORS
330
9
102
}
330
9
100
AcDbDictionary
281
     1
  0
DICTIONARY
  5
E
102
{ACAD_REACTORS
330
9
102
}
330
9
100
AcDbDictionary
281
     1
  3
Layout1
350
14
  3
Model
350
D
  0
DICTIONARY
  5
146
102
{ACAD_REACTORS
330
9
102
}
330
9
100
AcDbDictionary
281
     1
  3
ByBlock
350
14F
  3
ByLayer
350
147
  3
Global
350
157
  0
DICTIONARY
  5
195
102
{ACAD_REACTORS
330
9
102
}
330
9
100
AcDbDictionary
281
     1
  3
Standard
350
196
  0
DICTIONARY
  5
25
102
{ACAD_REACTORS
330
9
102
}
330
9
100
AcDbDictionary
281
     1
  3
STANDARD
350
29
  0
DICTIONARY
  5
26
102
{ACAD_REACTORS
330
9
102
}
330
9
100
AcDbDictionary
281
     1
  0
ACDBDICTIONARYWDFLT
  5
8
102
{ACAD_REACTORS
330
9
102
}
330
9
100
AcDbDictionary
281
     1
  3
Normal
350
7
100
AcDbDictionaryWithDefault
340
7
  0
DICTIONARY
  5
173
102
{ACAD_REACTORS
330
9
102
}
330
9
100
AcDbDictionary
281
     1
  3
*A1
350
32A
  3
A0
350
174
  3
A1
350
175
  3
A2
350
176
  3
A3
350
177
  3
A4
350
178
  3
A5
350
179
  3
A6
350
17A
  3
A7
350
17B
  3
A8
350
17C
  3
A9
350
17D
  3
B0
350
17E
  3
B1
350
17F
  3
B2
350
180
  3
B3
350
181
  3
B4
350
182
  3
B5
350
183
  3
B6
350
184
  3
B7
350
185
  3
B8
350
186
  3
B9
350
187
  3
C0
350
188
  3
C1
350
189
  3
C2
350
18A
  3
C3
350
18B
  3
C4
350
18C
  3
C5
350
18D
  3
C6
350
18E
  3
C7
350
18F
  3
C8
350
190
  3
C9
350
191
  3
D0
350
192
  3
D1
350
193
  3
D2
350
194
  0
DICTIONARY
  5
482E
102
{ACAD_REACTORS
330
9
102
}
330
9
100
AcDbDictionary
281
     1
  3
Imperial24
350
482F
  3
Metric50
350
4ECD
  0
DICTIONARY
  5
171
102
{ACAD_REACTORS
330
9
102
}
330
9
100
AcDbDictionary
281
     1
  3
Legend
350
1A2
  3
Standard
350
172
  0
DICTIONARY
  5
15F
102
{ACAD_REACTORS
330
9
102
}
330
9
100
AcDbDictionary
281
     1
  3
2dWireframe
350
165
  3
3D Hidden
350
167
  3
3dWireframe
350
166
  3
Basic
350
164
  3
Brighten
350
16B
  3
ColorChange
350
16F
  3
Conceptual
350
168
  3
Dim
350
16A
  3
EdgeColorOff
350
482D
  3
Facepattern
350
16E
  3
Flat
350
160
  3
FlatWithEdges
350
161
  3
Gouraud
350
162
  3
GouraudWithEdges
350
163
  3
Hidden
350
4825
  3
JitterOff
350
482B
  3
Linepattern
350
16D
  3
OverhangOff
350
482C
  3
Realistic
350
169
  3
Shaded
350
482A
  3
Shaded with edges
350
4829
  3
Shades of Gray
350
4826
  3
Sketchy
350
4827
  3
Thicken
350
16C
  3
Wireframe
350
4824
  3
X-Ray
350
4828
  0
XRECORD
  5
5D79
102
{ACAD_REACTORS
330
9
102
}
330
9
100
AcDbXrecord
280
     1
 90
        1
330
172
330
1A2
  0
DICTIONARY
  5
44A6
102
{ACAD_REACTORS
330
9
102
}
330
9
100
AcDbDictionary
281
     1
  3
CANNOSCALE
350
44AA
  3
CMLEADERSTYLE
350
44A8
  3
CTABLESTYLE
350
44A7
  3
CVIEWDETAILSTYLE
350
5060
  3
CVIEWSECTIONSTYLE
350
5061
  3
DIMASSOC
350
4723
  3
INDEXCTL
350
4722
  3
LAYEREVAL
350
5CE7
  3
LAYERNOTIFY
350
5CE8
  3
LIGHTINGUNITS
350
44AB
  3
MSLTSCALE
350
44A9
  3
SORTENTS
350
4721
  0
DICTIONARY
  5
B5
102
{ACAD_REACTORS
330
9
102
}
330
9
100
AcDbDictionary
281
     1
  3
_CurrQry
350
5D76
  0
DICTIONARY
  5
51DC
102
{ACAD_REACTORS
330
9
102
}
330
9
100
AcDbDictionary
281
     1
  0
DICTIONARY
  5
4660
102
{ACAD_REACTORS
330
9
102
}
330
9
100
AcDbDictionary
281
     1
  3
Standard
350
4661
  0
DICTIONARY
  5
4656
102
{ACAD_REACTORS
330
9
102
}
330
9
100
AcDbDictionary
281
     1
  3
Plan Diagnostic
350
465F
  3
낮은 상세 모형
350
465D
  3
낮은 상세 평면도
350
465B
  3
높은 상세 모형
350
465E
  3
높은 상세 평면도
350
465C
  3
모형
350
4657
  3
반사
350
4659
  3
입면도
350
465A
  3
평면도
350
4658
  0
DICTIONARY
  5
44B7
102
{ACAD_REACTORS
330
9
102
}
330
9
100
AcDbDictionary
281
     1
  3
AeccDbDispRepFeatureLine
350
4561
  3
AeccDbDispRepGrading
350
4562
  3
AeccDbDispRepGraph
350
4563
  3
AeccDbDispRepGraphCrossSection
350
4564
  3
AeccDbDispRepGraphProfile
350
4565
  3
AeccDbDispRepGraphProfileNetworkPart
350
45C3
  3
AeccDbDispRepInterference
350
45C4
  3
AeccDbDispRepInterferenceCheck
350
45C5
  3
AeccDbDispRepMatchLine
350
45D2
  3
AeccDbDispRepMaterialSection
350
4566
  3
AeccDbDispRepNetwork
350
45C6
  3
AeccDbDispRepPipe
350
45C7
  3
AeccDbDispRepQuantityTakeoffAggregateTable
350
4567
  3
AeccDbDispRepSampleLine
350
4568
  3
AeccDbDispRepSampleLineGroup
350
4569
  3
AeccDbDispRepSection
350
456A
  3
AeccDbDispRepSectionCorridor
350
45D6
  3
AeccDbDispRepSectionPipeNetwork
350
45C8
  3
AeccDbDispRepSectionViewQuantityTakeoffTable
350
456B
  3
AeccDbDispRepSheet
350
456C
  3
AeccDbDispRepStructure
350
45C9
  3
AeccDbDispRepSurfaceGrid
350
456D
  3
AeccDbDispRepSurfaceTin
350
456E
  3
AeccDbDispRepVAlignment
350
456F
  3
AeccDbDispRepViewFrame
350
45D3
  3
AeccDbViewAlignment
350
4570
  3
AeccDbViewAlignmentCurveLabel
350
4572
  3
AeccDbViewAlignmentDesignSpeedLabeling
350
4573
  3
AeccDbViewAlignmentGeomPointLabeling
350
4574
  3
AeccDbViewAlignmentMinorStationLabeling
350
4575
  3
AeccDbViewAlignmentPILabel
350
4576
  3
AeccDbViewAlignmentSpiralLabel
350
4577
  3
AeccDbViewAlignmentStaEquLabeling
350
4578
  3
AeccDbViewAlignmentStationLabeling
350
4579
  3
AeccDbViewAlignmentTable
350
457A
  3
AeccDbViewAlignmentTangentLabel
350
457B
  3
AeccDbViewAlignmentVAGeomPointLabeling
350
457C
  3
AeccDbViewAssembly
350
45D7
  3
AeccDbViewCorridor
350
45D8
  3
AeccDbViewCurveScheduleTable
350
457D
  3
AeccDbViewFace
350
457E
  3
AeccDbViewFaceScheduleTable
350
457F
  3
AeccDbViewFeature
350
4580
  3
AeccDbViewFeatureLabel
350
4581
  3
AeccDbViewGeneralLabel
350
4582
  3
AeccDbViewLabeling
350
4571
  3
AeccDbViewLegendScheduleTable
350
4583
  3
AeccDbViewLotLine
350
4584
  3
AeccDbViewLotLineScheduleTable
350
4585
  3
AeccDbViewMatchLineLabeling
350
45D4
  3
AeccDbViewNoteLabel
350
4586
  3
AeccDbViewOffsetElevLabel
350
4587
  3
AeccDbViewParcelBoundary
350
4588
  3
AeccDbViewParcelSegmentTable
350
4589
  3
AeccDbViewPipeAndStructureTable
350
45CA
  3
AeccDbViewPipeLabel
350
45CB
  3
AeccDbViewPipeProfileLabel
350
45CC
  3
AeccDbViewPipeSectionLabel
350
45CD
  3
AeccDbViewPointEnt
350
458A
  3
AeccDbViewPointGroup
350
458B
  3
AeccDbViewPointScheduleTable
350
458C
  3
AeccDbViewProfileViewDepthLabel
350
458D
  3
AeccDbViewRightofWay
350
458E
  3
AeccDbViewSampleLineLabeling
350
458F
  3
AeccDbViewSectionGradeBreakLabeling
350
4590
  3
AeccDbViewSectionMinorOffsetLabeling
350
4591
  3
AeccDbViewSectionOffsetLabeling
350
4592
  3
AeccDbViewSectionSegmentLabeling
350
4593
  3
AeccDbViewSectionViewDepthLabel
350
4594
  3
AeccDbViewSpanningPipeLabel
350
45CE
  3
AeccDbViewStaElevLabel
350
4595
  3
AeccDbViewStaOffsetLabel
350
4596
  3
AeccDbViewStructureLabel
350
45CF
  3
AeccDbViewStructureProfileLabel
350
45D0
  3
AeccDbViewStructureSectionLabel
350
45D1
  3
AeccDbViewSubassembly
350
45D9
  3
AeccDbViewSurfaceContourLabeling
350
4597
  3
AeccDbViewSurfaceElevLabel
350
4598
  3
AeccDbViewSurfaceSlopeLabel
350
4599
  3
AeccDbViewSvFigure
350
45DA
  3
AeccDbViewSvNetwork
350
45DB
  3
AeccDbViewTangentIntersectionTable
350
459A
  3
AeccDbViewVAlignmentCrestCurveLabeling
350
459B
  3
AeccDbViewVAlignmentHAGeomPointLabeling
350
459C
  3
AeccDbViewVAlignmentLineLabeling
350
459D
  3
AeccDbViewVAlignmentMinorStationLabeling
350
459E
  3
AeccDbViewVAlignmentPVILabeling
350
459F
  3
AeccDbViewVAlignmentSagCurveLabeling
350
45A0
  3
AeccDbViewVAlignmentStationLabeling
350
45A1
  3
AeccDbViewViewFrameLabeling
350
45D5
  3
AeccuDbDispRepColBlock
350
45A2
  3
AeccuDbDispRepColCircArc2d
350
45A3
  3
AeccuDbDispRepColConCoincident
350
45A4
  3
AeccuDbDispRepColConConcentric
350
45A5
  3
AeccuDbDispRepColConEqualDistance
350
45A6
  3
AeccuDbDispRepColConMidpoint
350
45A7
  3
AeccuDbDispRepColConnector
350
45AD
  3
AeccuDbDispRepColConNormal
350
45A8
  3
AeccuDbDispRepColConParallel
350
45A9
  3
AeccuDbDispRepColConPerpendicular
350
45AA
  3
AeccuDbDispRepColConSymmetric
350
45AB
  3
AeccuDbDispRepColConTangent
350
45AC
  3
AeccuDbDispRepColDimAngle
350
45AE
  3
AeccuDbDispRepColDimDiameter
350
45B0
  3
AeccuDbDispRepColDimDistance
350
45B1
  3
AeccuDbDispRepColDimLength
350
45B2
  3
AeccuDbDispRepColDimMajorRadius
350
45B3
  3
AeccuDbDispRepColDimMinorRadius
350
45B4
  3
AeccuDbDispRepColDimRadius
350
45AF
  3
AeccuDbDispRepColEllipArc2d
350
45B5
  3
AeccuDbDispRepColLayoutData
350
45B6
  3
AeccuDbDispRepColLine2d
350
45B7
  3
AeccuDbDispRepColModAdd
350
45B8
  3
AeccuDbDispRepColModCutPlane
350
45B9
  3
AeccuDbDispRepColModExtrusion
350
45BA
  3
AeccuDbDispRepColModGroup
350
45BB
  3
AeccuDbDispRepColModPath
350
45BC
  3
AeccuDbDispRepColModSubtract
350
45BD
  3
AeccuDbDispRepColModTransition
350
45BE
  3
AeccuDbDispRepColPoint2d
350
45BF
  3
AeccuDbDispRepColProfile
350
45C0
  3
AeccuDbDispRepColWorkPlane
350
45C1
  3
AeccuDbDispRepColWorkPlaneRef
350
45C2
  3
AecDbDispRep2dSection
350
4535
  3
AecDbDispRepAnchor
350
4537
  3
AecDbDispRepAnchorBubToGrid
350
44B8
  3
AecDbDispRepAnchorBubToGridMdl
350
44BB
  3
AecDbDispRepAnchorBubToGridRcp
350
44BD
  3
AecDbDispRepAnchorEntToNode
350
4538
  3
AecDbDispRepAnchorExtendedTagToEnt
350
45DE
  3
AecDbDispRepAnchorTagToEnt
350
45DC
  3
AecDbDispRepBdgElevLineModel
350
45E0
  3
AecDbDispRepBdgElevLinePlan
350
45E2
  3
AecDbDispRepBdgElevLinePlan100
350
44D5
  3
AecDbDispRepBdgElevLinePlan50
350
44F0
  3
AecDbDispRepBdgElevLineRcp
350
45E4
  3
AecDbDispRepBdgSectionLineModel
350
45E6
  3
AecDbDispRepBdgSectionLinePlan
350
45E8
  3
AecDbDispRepBdgSectionLinePlan100
350
44D7
  3
AecDbDispRepBdgSectionLinePlan50
350
44F2
  3
AecDbDispRepBdgSectionLineRcp
350
45EA
  3
AecDbDispRepBdgSectionModel
350
45EC
  3
AecDbDispRepBdgSectionSubDiv
350
45ED
  3
AecDbDispRepCeilingGrid
350
45EF
  3
AecDbDispRepCeilingGridModel
350
45F1
  3
AecDbDispRepCeilingGridPlan100
350
44D9
  3
AecDbDispRepCeilingGridPlan50
350
44F4
  3
AecDbDispRepCeilingGridRcp
350
45F3
  3
AecDbDispRepClipVolModel
350
453A
  3
AecDbDispRepClipVolPlan
350
453C
  3
AecDbDispRepClipVolResSubDiv
350
453F
  3
AecDbDispRepClipVolResult
350
453E
  3
AecDbDispRepColumnGrid
350
44BF
  3
AecDbDispRepColumnGridModel
350
44C1
  3
AecDbDispRepColumnGridPlan100
350
44DB
  3
AecDbDispRepColumnGridPlan50
350
44F6
  3
AecDbDispRepColumnGridRcp
350
44C3
  3
AecDbDispRepCurtainWallLayoutModel
350
45F5
  3
AecDbDispRepCurtainWallLayoutPlan
350
45F7
  3
AecDbDispRepCurtainWallLayoutPlan100
350
44DD
  3
AecDbDispRepCurtainWallLayoutPlan50
350
44F8
  3
AecDbDispRepCurtainWallUnitModel
350
45F9
  3
AecDbDispRepCurtainWallUnitPlan
350
45FB
  3
AecDbDispRepCurtainWallUnitPlan100
350
44DF
  3
AecDbDispRepCurtainWallUnitPlan50
350
44FA
  3
AecDbDispRepDimGroupPlan
350
450F
  3
AecDbDispRepDimGroupPlan100
350
450B
  3
AecDbDispRepDimGroupPlan50
350
450D
  3
AecDbDispRepDisplayTheme
350
4541
  3
AecDbDispRepDoorElev
350
45FF
  3
AecDbDispRepDoorModel
350
45FD
  3
AecDbDispRepDoorNominal
350
4603
  3
AecDbDispRepDoorPlan
350
4601
  3
AecDbDispRepDoorPlan50
350
4511
  3
AecDbDispRepDoorPlanHekto
350
4513
  3
AecDbDispRepDoorRcp
350
4605
  3
AecDbDispRepDoorThresholdPlan
350
4607
  3
AecDbDispRepDoorThresholdSymbolPlan
350
4515
  3
AecDbDispRepEditInPlaceProfile
350
4543
  3
AecDbDispRepEntRef
350
4545
  3
AecDbDispRepLayoutCurve
350
4547
  3
AecDbDispRepLayoutGrid2d
350
4549
  3
AecDbDispRepLayoutGrid3d
350
454B
  3
AecDbDispRepMaskBlockRef
350
454D
  3
AecDbDispRepMaskBlockRefRcp
350
4609
  3
AecDbDispRepMassElemModel
350
4559
  3
AecDbDispRepMassElemPlan100
350
4517
  3
AecDbDispRepMassElemPlan50
350
4519
  3
AecDbDispRepMassElemRcp
350
460B
  3
AecDbDispRepMassElemSchem
350
455B
  3
AecDbDispRepMassGroupModel
350
455D
  3
AecDbDispRepMassGroupPlan
350
455F
  3
AecDbDispRepMassGroupPlan100
350
451B
  3
AecDbDispRepMassGroupPlan50
350
451D
  3
AecDbDispRepMassGroupRcp
350
460D
  3
AecDbDispRepMaterial
350
454F
  3
AecDbDispRepMvBlockRef
350
4551
  3
AecDbDispRepMvBlockRefModel
350
4552
  3
AecDbDispRepMvBlockRefPlan100
350
44E1
  3
AecDbDispRepMvBlockRefPlan50
350
44FC
  3
AecDbDispRepMvBlockRefRcp
350
460F
  3
AecDbDispRepOpening
350
4610
  3
AecDbDispRepOpeningModel
350
4612
  3
AecDbDispRepOpeningPlan100
350
451F
  3
AecDbDispRepOpeningPlan50
350
4521
  3
AecDbDispRepOpeningPlanReflected
350
4523
  3
AecDbDispRepOpeningSillPlan
350
4525
  3
AecDbDispRepPolygonModel
350
4553
  3
AecDbDispRepPolygonTrueColour
350
4555
  3
AecDbDispRepRailingModel
350
4614
  3
AecDbDispRepRailingPlan
350
4616
  3
AecDbDispRepRailingPlan100
350
4527
  3
AecDbDispRepRailingPlan50
350
4529
  3
AecDbDispRepRoofModel
350
4618
  3
AecDbDispRepRoofPlan
350
461A
  3
AecDbDispRepRoofPlan100
350
44E2
  3
AecDbDispRepRoofPlan50
350
44FD
  3
AecDbDispRepRoofRcp
350
461C
  3
AecDbDispRepRoofSlabModel
350
4620
  3
AecDbDispRepRoofSlabPlan
350
4624
  3
AecDbDispRepRoofSlabPlan100
350
44E4
  3
AecDbDispRepRoofSlabPlan50
350
44FF
  3
AecDbDispRepScheduleTable
350
4533
  3
AecDbDispRepSlabModel
350
461E
  3
AecDbDispRepSlabPlan
350
4622
  3
AecDbDispRepSlabPlan100
350
44E6
  3
AecDbDispRepSlabPlan50
350
4501
  3
AecDbDispRepSlice
350
4557
  3
AecDbDispRepSpaceDecomposed
350
4626
  3
AecDbDispRepSpaceModel
350
4628
  3
AecDbDispRepSpacePlan
350
462A
  3
AecDbDispRepSpacePlan100
350
44E8
  3
AecDbDispRepSpacePlan50
350
4503
  3
AecDbDispRepSpaceRcp
350
462C
  3
AecDbDispRepSpaceVolume
350
462E
  3
AecDbDispRepStairModel
350
4630
  3
AecDbDispRepStairPlan
350
4632
  3
AecDbDispRepStairPlan100
350
452B
  3
AecDbDispRepStairPlan50
350
452D
  3
AecDbDispRepStairPlanOverlapping
350
4634
  3
AecDbDispRepStairRcp
350
4636
  3
AecDbDispRepWallGraph
350
4638
  3
AecDbDispRepWallModel
350
463A
  3
AecDbDispRepWallPlan
350
463C
  3
AecDbDispRepWallPlan100
350
44EA
  3
AecDbDispRepWallPlan50
350
4505
  3
AecDbDispRepWallRcp
350
463E
  3
AecDbDispRepWallSchem
350
4640
  3
AecDbDispRepWindowAssemblyModel
350
4642
  3
AecDbDispRepWindowAssemblyPlan
350
4644
  3
AecDbDispRepWindowAssemblyPlan100
350
44EC
  3
AecDbDispRepWindowAssemblyPlan50
350
4507
  3
AecDbDispRepWindowAssemblySillPlan
350
4646
  3
AecDbDispRepWindowElev
350
464A
  3
AecDbDispRepWindowModel
350
4648
  3
AecDbDispRepWindowNominal
350
464E
  3
AecDbDispRepWindowPlan
350
464C
  3
AecDbDispRepWindowPlan100
350
452F
  3
AecDbDispRepWindowPlan50
350
4531
  3
AecDbDispRepWindowRcp
350
4650
  3
AecDbDispRepWindowSillPlan
350
4652
  3
AecDbDispRepZone
350
4654
  3
AecDbDispRepZonePlan100
350
44EE
  3
AecDbDispRepZonePlan50
350
4509
  3
AecsDbDispRepMemberElevationDesign
350
44C5
  3
AecsDbDispRepMemberElevationDetail
350
44C7
  3
AecsDbDispRepMemberLogical
350
44C9
  3
AecsDbDispRepMemberModelDesign
350
44CB
  3
AecsDbDispRepMemberModelDetail
350
44CD
  3
AecsDbDispRepMemberPlanDesign
350
44CF
  3
AecsDbDispRepMemberPlanDetail
350
44D1
  3
AecsDbDispRepMemberPlanSketch
350
44D3
  0
DICTIONARY
  5
44B9
102
{ACAD_REACTORS
330
9
102
}
330
9
100
AcDbDictionary
281
     1
  3
*A1
350
44BA
  3
*A10
350
44CE
  3
*A100
350
450C
  3
*A101
350
450E
  3
*A102
350
44C6
  3
*A103
350
451E
  3
*A104
350
44E5
  3
*A105
350
4633
  3
*A106
350
460C
  3
*A107
350
4613
  3
*A108
350
4651
  3
*A109
350
45F8
  3
*A11
350
4514
  3
*A110
350
4520
  3
*A111
350
4539
  3
*A112
350
460E
  3
*A113
350
4600
  3
*A114
350
4522
  3
*A115
350
4524
  3
*A116
350
44E7
  3
*A117
350
45E5
  3
*A118
350
44EF
  3
*A119
350
4526
  3
*A12
350
464D
  3
*A120
350
453B
  3
*A121
350
4528
  3
*A122
350
452A
  3
*A123
350
44BE
  3
*A124
350
454C
  3
*A125
350
44D4
  3
*A126
350
4635
  3
*A127
350
463B
  3
*A128
350
44E9
  3
*A129
350
454E
  3
*A13
350
45DD
  3
*A130
350
4637
  3
*A131
350
462B
  3
*A132
350
4550
  3
*A133
350
4554
  3
*A134
350
4619
  3
*A135
350
4512
  3
*A136
350
4611
  3
*A137
350
4556
  3
*A138
350
4558
  3
*A139
350
44ED
  3
*A14
350
45EB
  3
*A140
350
44FE
  3
*A141
350
4653
  3
*A15
350
4606
  3
*A16
350
44CA
  3
*A17
350
4655
  3
*A18
350
45EE
  3
*A19
350
45F0
  3
*A2
350
44D2
  3
*A20
350
452E
  3
*A21
350
4639
  3
*A22
350
4536
  3
*A23
350
45F2
  3
*A24
350
4510
  3
*A25
350
4608
  3
*A26
350
45F4
  3
*A27
350
45F6
  3
*A28
350
453D
  3
*A29
350
461B
  3
*A3
350
455A
  3
*A30
350
4516
  3
*A31
350
44F5
  3
*A32
350
44FB
  3
*A33
350
4530
  3
*A34
350
461D
  3
*A35
350
4631
  3
*A36
350
44F7
  3
*A37
350
44EB
  3
*A38
350
461F
  3
*A39
350
4621
  3
*A4
350
455C
  3
*A40
350
44D6
  3
*A41
350
4560
  3
*A42
350
44CC
  3
*A43
350
4623
  3
*A44
350
4625
  3
*A45
350
4534
  3
*A46
350
463F
  3
*A47
350
4548
  3
*A48
350
4518
  3
*A49
350
44C2
  3
*A5
350
4615
  3
*A50
350
4641
  3
*A51
350
451A
  3
*A52
350
4643
  3
*A53
350
4645
  3
*A54
350
4500
  3
*A55
350
45FA
  3
*A56
350
44F9
  3
*A57
350
4604
  3
*A58
350
4647
  3
*A59
350
455E
  3
*A6
350
45E9
  3
*A60
350
44C4
  3
*A61
350
4649
  3
*A62
350
464B
  3
*A63
350
460A
  3
*A64
350
44D8
  3
*A65
350
4627
  3
*A66
350
45DF
  3
*A67
350
4540
  3
*A68
350
4546
  3
*A69
350
45FC
  3
*A7
350
452C
  3
*A70
350
44DA
  3
*A71
350
44F1
  3
*A72
350
4542
  3
*A73
350
4532
  3
*A74
350
44DC
  3
*A75
350
44DE
  3
*A76
350
4629
  3
*A77
350
451C
  3
*A78
350
462F
  3
*A79
350
44BC
  3
*A8
350
44F3
  3
*A80
350
44E0
  3
*A81
350
44E3
  3
*A82
350
4602
  3
*A83
350
4502
  3
*A84
350
4617
  3
*A85
350
45E1
  3
*A86
350
45E7
  3
*A87
350
44D0
  3
*A88
350
4504
  3
*A89
350
45E3
  3
*A9
350
44C8
  3
*A90
350
4506
  3
*A91
350
4508
  3
*A92
350
454A
  3
*A93
350
464F
  3
*A94
350
4544
  3
*A95
350
44C0
  3
*A96
350
450A
  3
*A97
350
462D
  3
*A98
350
463D
  3
*A99
350
45FE
  0
DICTIONARY
  5
23E0
102
{ACAD_REACTORS
330
9
102
}
330
9
100
AcDbDictionary
281
     1
  0
DICTIONARY
  5
201
102
{ACAD_REACTORS
330
9
102
}
330
9
100
AcDbDictionary
281
     1
  3
AEC_VARS_DWG_SETUP
350
202
  0
DICTIONARY
  5
46A7
102
{ACAD_REACTORS
330
9
102
}
330
9
100
AcDbDictionary
281
     1
  3
ASEBlockHierarchyIndexRecord
350
46A8
1001
DCO15
1040
-2091227093.0
  0
DICTIONARY
  5
19C
102
{ACAD_REACTORS
330
9
102
}
330
9
100
AcDbDictionary
281
     1
  3
AcMapDMStylizedEntities
350
1A9
  3
AcMapResourceManager
350
5D74
  3
MAP_DISPLAY_CUSTOMOBJ_REG_TABLE
350
1A0
  3
MAP_DISPLAY_MANAGEMENT_DICTIONARY
350
19D
  3
MAP_DISPLAY_STYLELIBRARY_DICTIONARY
350
19E
  3
MAP_RESOURCE_VERSION_MANAGEMENT_DICTIONARY
350
483C
1001
MapGWS
1000
C:\ProgramData\Autodesk\Autodesk AutoCAD Map 3D 2021\R24.0\MapCache\통신범례GWS1790302107.xml
  0
ACAD_PROXY_OBJECT
  5
1FB
102
{ACAD_REACTORS
330
9
102
}
330
9
100
AcDbProxyObject
 90
      499
 91
      539
 71
    23
 97
       15
 70
     0
161
                65
310
11C09019024152D94C
350
1FC
350
200
 94
        0
1001
ACAD
1000
AcRTDxfName
1000
AECC_TREE_NODE
1000
AcRTDxfName
1000
AECC_TREE_NODE
1000
AcRTDxfName
1000
AECC_TREE_NODE
1000
AcRTDxfName
1000
AECC_TREE_NODE
1000
AcRTDxfName
1000
AECC_TREE_NODE
1001
AcadCodePageInfo
1000
CodePage
1070
    40
  0
DICTIONARY
  5
51FF
102
{ACAD_REACTORS
330
46E8
102
}
330
46E8
100
AcDbDictionary
281
     1
  0
DICTIONARY
  5
4807
102
{ACAD_REACTORS
330
46E8
102
}
330
46E8
100
AcDbDictionary
281
     1
  0
DICTIONARY
  5
51FE
102
{ACAD_REACTORS
330
46E8
102
}
330
46E8
100
AcDbDictionary
281
     1
1001
ACAD
1000
<All
  0
XRECORD
  5
4668
102
{ACAD_REACTORS
330
4667
102
}
330
4667
100
AcDbXrecord
280
     1
290
     1
  0
XRECORD
  5
466A
102
{ACAD_REACTORS
330
4669
102
}
330
4669
100
AcDbXrecord
280
     1
290
     1
  0
XRECORD
  5
466C
102
{ACAD_REACTORS
330
466B
102
}
330
466B
100
AcDbXrecord
280
     1
290
     1
  0
XRECORD
  5
466E
102
{ACAD_REACTORS
330
466D
102
}
330
466D
100
AcDbXrecord
280
     1
290
     1
  0
XRECORD
  5
4670
102
{ACAD_REACTORS
330
466F
102
}
330
466F
100
AcDbXrecord
280
     1
290
     1
  0
XRECORD
  5
4672
102
{ACAD_REACTORS
330
4671
102
}
330
4671
100
AcDbXrecord
280
     1
290
     1
  0
XRECORD
  5
4674
102
{ACAD_REACTORS
330
4673
102
}
330
4673
100
AcDbXrecord
280
     1
290
     1
  0
XRECORD
  5
4676
102
{ACAD_REACTORS
330
4675
102
}
330
4675
100
AcDbXrecord
280
     1
290
     1
  0
XRECORD
  5
4678
102
{ACAD_REACTORS
330
4677
102
}
330
4677
100
AcDbXrecord
280
     1
290
     1
  0
XRECORD
  5
467A
102
{ACAD_REACTORS
330
4679
102
}
330
4679
100
AcDbXrecord
280
     1
290
     1
  0
XRECORD
  5
467C
102
{ACAD_REACTORS
330
467B
102
}
330
467B
100
AcDbXrecord
280
     1
290
     1
  0
XRECORD
  5
467E
102
{ACAD_REACTORS
330
467D
102
}
330
467D
100
AcDbXrecord
280
     1
290
     1
  0
XRECORD
  5
4680
102
{ACAD_REACTORS
330
467F
102
}
330
467F
100
AcDbXrecord
280
     1
290
     1
  0
XRECORD
  5
4682
102
{ACAD_REACTORS
330
4681
102
}
330
4681
100
AcDbXrecord
280
     1
290
     1
  0
XRECORD
  5
4684
102
{ACAD_REACTORS
330
4683
102
}
330
4683
100
AcDbXrecord
280
     1
290
     1
  0
XRECORD
  5
4686
102
{ACAD_REACTORS
330
4685
102
}
330
4685
100
AcDbXrecord
280
     1
290
     1
  0
XRECORD
  5
468A
102
{ACAD_REACTORS
330
4689
102
}
330
4689
100
AcDbXrecord
280
     1
290
     1
  0
XRECORD
  5
468C
102
{ACAD_REACTORS
330
468B
102
}
330
468B
100
AcDbXrecord
280
     1
290
     1
  0
XRECORD
  5
468E
102
{ACAD_REACTORS
330
468D
102
}
330
468D
100
AcDbXrecord
280
     1
290
     1
  0
XRECORD
  5
4690
102
{ACAD_REACTORS
330
468F
102
}
330
468F
100
AcDbXrecord
280
     1
290
     1
  0
XRECORD
  5
4694
102
{ACAD_REACTORS
330
4693
102
}
330
4693
100
AcDbXrecord
280
     1
290
     1
  0
XRECORD
  5
4696
102
{ACAD_REACTORS
330
4695
102
}
330
4695
100
AcDbXrecord
280
     1
290
     1
  0
XRECORD
  5
469D
102
{ACAD_REACTORS
330
469C
102
}
330
469C
100
AcDbXrecord
280
     1
290
     1
  0
XRECORD
  5
469F
102
{ACAD_REACTORS
330
469E
102
}
330
469E
100
AcDbXrecord
280
     1
290
     1
  0
XRECORD
  5
46A3
102
{ACAD_REACTORS
330
46A2
102
}
330
46A2
100
AcDbXrecord
280
     1
290
     1
  0
XRECORD
  5
46A5
102
{ACAD_REACTORS
330
46A4
102
}
330
46A4
100
AcDbXrecord
280
     1
290
     1
  0
XRECORD
  5
51D0
102
{ACAD_REACTORS
330
51CF
102
}
330
51CF
100
AcDbXrecord
280
     1
290
     1
  0
XRECORD
  5
13E
102
{ACAD_REACTORS
330
3
102
}
330
3
100
AcDbXrecord
280
     1
340
2
  0
SORTENTSTABLE
  5
483D
102
{ACAD_REACTORS
330
3
102
}
330
3
100
AcDbSortentsTable
330
2
  0
XRECORD
  5
141
102
{ACAD_REACTORS
330
10
102
}
330
10
100
AcDbXrecord
280
     1
340
F
  0
SORTENTSTABLE
  5
5CBD
102
{ACAD_REACTORS
330
5CBC
102
}
330
5CBC
100
AcDbSortentsTable
330
5CB9
  0
SORTENTSTABLE
  5
5CC9
102
{ACAD_REACTORS
330
5CC8
102
}
330
5CC8
100
AcDbSortentsTable
330
5CC2
  0
ACDBDETAILVIEWSTYLE
  5
4831
102
{ACAD_REACTORS
330
4830
102
}
330
4830
100
AcDbModelDocViewStyle
 70
     0
  3
Imperial24
290
     0
300
Imperial24
 90
        0
100
AcDbDetailViewStyle
 70
     0
 71
     0
 90
        3
 71
     1
340
17
 62
   256
 40
0.24
340
0
 62
   256
 40
0.24
300

 40
0.36
280
     3
 71
     2
340
B
 90
       25
 62
   256
 71
     3
340
17
 62
   256
 40
0.24
 90
        1
 40
0.75
 90
        1
300
%<\AcVar ViewType \f "%tc1">% %<\AcVar ViewDetailId>%\PSCALE %<\AcVar ViewScale \f "%sn">%
 71
     4
340
B
 90
       25
 62
   256
340
B
 90
       25
 62
   256
280
     0
  0
ACDBDETAILVIEWSTYLE
  5
4ECE
102
{ACAD_REACTORS
330
4830
102
}
330
4830
100
AcDbModelDocViewStyle
 70
     0
  3
Metric50
290
     0
300
Metric50
 90
        0
100
AcDbDetailViewStyle
 70
     0
 71
     0
 90
        3
 71
     1
340
17
 62
   256
 40
5.0
340
0
 62
   256
 40
5.0
300

 40
0.0
280
     1
 71
     2
340
B
 90
       25
 62
   256
 71
     3
340
17
 62
   256
 40
5.0
 90
        0
 40
15.0
 90
        1
300
%<\AcVar ViewDetailId>% (%<\AcVar ViewScale \f "%sn">%)
 71
     4
340
B
 90
       25
 62
   256
340
B
 90
       25
 62
   256
280
     0
  0
LAYOUT
  5
14
102
{ACAD_REACTORS
330
E
102
}
330
E
100
AcDbPlotSettings
  1

  2
\\간종석\HP DeskJet 895Cxi
  4

  6

 40
0.0
 41
0.0
 42
0.0
 43
0.0
 44
0.0
 45
0.0
 46
0.0
 47
0.0
 48
0.0
 49
0.0
140
0.0
141
0.0
142
1.0
143
1.0
 70
   688
 72
     0
 73
     0
 74
     5
  7

 75
    16
147
1.0
 76
     0
 77
     2
 78
   300
148
0.0
149
0.0
100
AcDbLayout
  1
Layout1
 70
     1
 71
     1
 10
0.0
 20
0.0
 11
12.0
 21
9.0
 12
176.3793889573376
 22
1545.156672031259
 32
311.2939076320237
 14
1.000000000000000E+20
 24
1.000000000000000E+20
 34
1.000000000000000E+20
 15
-1.000000000000000E+20
 25
-1.000000000000000E+20
 35
-1.000000000000000E+20
146
0.0
 13
0.0
 23
0.0
 33
0.0
 16
1.0
 26
0.0
 36
0.0
 17
0.0
 27
1.0
 37
0.0
 76
     0
330
F
  0
LAYOUT
  5
D
102
{ACAD_XDICTIONARY
360
5221
102
}
102
{ACAD_REACTORS
330
E
102
}
330
E
100
AcDbPlotSettings
  1

  2
\\간종석\HP DeskJet 895Cxi
  4
A4
  6

 40
4.180416584014892
 41
13.49374771118164
 42
4.180404663085937
 43
3.17498779296875
 44
209.9733276367187
 45
296.9259948730469
 46
0.0
 47
0.0
 48
0.0
 49
0.0
140
0.0
141
0.0
142
1.0
143
1.0
 70
 11952
 72
     0
 73
     1
 74
     0
  7

 75
     0
147
1.0
 76
     0
 77
     2
 78
   300
148
-5600.655488764829
149
-6686.868327631755
100
AcDbLayout
  1
Model
 70
     1
 71
     0
 10
0.0
 20
0.0
 11
12.0
 21
9.0
 12
0.0
 22
0.0
 32
0.0
 14
0.0
 24
0.0
 34
0.0
 15
0.0
 25
0.0
 35
0.0
146
0.0
 13
0.0
 23
0.0
 33
0.0
 16
1.0
 26
0.0
 36
0.0
 17
0.0
 27
1.0
 37
0.0
 76
     0
330
2
331
5201
  0
MATERIAL
  5
14F
102
{ACAD_XDICTIONARY
360
150
102
}
102
{ACAD_REACTORS
330
146
102
}
330
146
100
AcDbMaterial
  1
ByBlock
 72
     0
 43
0.0008202099737533
 43
0.0
 43
0.0
 43
0.0
 43
0.0
 43
0.0008202099737533
 43
0.0
 43
0.0
 43
0.0
 43
0.0
 43
1.0
 43
0.0
 43
0.0
 43
0.0
 43
0.0
 43
1.0
 77
     0
 47
0.0008202099737533
 47
0.0
 47
0.0
 47
0.0
 47
0.0
 47
0.0008202099737533
 47
0.0
 47
0.0
 47
0.0
 47
0.0
 47
1.0
 47
0.0
 47
0.0
 47
0.0
 47
0.0
 47
1.0
171
     0
 49
0.0008202099737533
 49
0.0
 49
0.0
 49
0.0
 49
0.0
 49
0.0008202099737533
 49
0.0
 49
0.0
 49
0.0
 49
0.0
 49
1.0
 49
0.0
 49
0.0
 49
0.0
 49
0.0
 49
1.0
175
     0
142
0.0008202099737533
142
0.0
142
0.0
142
0.0
142
0.0
142
0.0008202099737533
142
0.0
142
0.0
142
0.0
142
0.0
142
1.0
142
0.0
142
0.0
142
0.0
142
0.0
142
1.0
179
     0
144
0.0008202099737533
144
0.0
144
0.0
144
0.0
144
0.0
144
0.0008202099737533
144
0.0
144
0.0
144
0.0
144
0.0
144
1.0
144
0.0
144
0.0
144
0.0
144
0.0
144
1.0
147
0.0008202099737533
147
0.0
147
0.0
147
0.0
147
0.0
147
0.0008202099737533
147
0.0
147
0.0
147
0.0
147
0.0
147
1.0
147
0.0
147
0.0
147
0.0
147
0.0
147
1.0
  0
MATERIAL
  5
147
102
{ACAD_XDICTIONARY
360
148
102
}
102
{ACAD_REACTORS
330
146
102
}
330
146
100
AcDbMaterial
  1
ByLayer
 72
     0
 43
0.0008202099737533
 43
0.0
 43
0.0
 43
0.0
 43
0.0
 43
0.0008202099737533
 43
0.0
 43
0.0
 43
0.0
 43
0.0
 43
1.0
 43
0.0
 43
0.0
 43
0.0
 43
0.0
 43
1.0
 77
     0
 47
0.0008202099737533
 47
0.0
 47
0.0
 47
0.0
 47
0.0
 47
0.0008202099737533
 47
0.0
 47
0.0
 47
0.0
 47
0.0
 47
1.0
 47
0.0
 47
0.0
 47
0.0
 47
0.0
 47
1.0
171
     0
 49
0.0008202099737533
 49
0.0
 49
0.0
 49
0.0
 49
0.0
 49
0.0008202099737533
 49
0.0
 49
0.0
 49
0.0
 49
0.0
 49
1.0
 49
0.0
 49
0.0
 49
0.0
 49
0.0
 49
1.0
175
     0
142
0.0008202099737533
142
0.0
142
0.0
142
0.0
142
0.0
142
0.0008202099737533
142
0.0
142
0.0
142
0.0
142
0.0
142
1.0
142
0.0
142
0.0
142
0.0
142
0.0
142
1.0
179
     0
144
0.0008202099737533
144
0.0
144
0.0
144
0.0
144
0.0
144
0.0008202099737533
144
0.0
144
0.0
144
0.0
144
0.0
144
1.0
144
0.0
144
0.0
144
0.0
144
0.0
144
1.0
147
0.0008202099737533
147
0.0
147
0.0
147
0.0
147
0.0
147
0.0008202099737533
147
0.0
147
0.0
147
0.0
147
0.0
147
1.0
147
0.0
147
0.0
147
0.0
147
0.0
147
1.0
  0
MATERIAL
  5
157
102
{ACAD_XDICTIONARY
360
158
102
}
102
{ACAD_REACTORS
330
146
102
}
330
146
100
AcDbMaterial
  1
Global
 72
     0
 43
0.0008202099737533
 43
0.0
 43
0.0
 43
0.0
 43
0.0
 43
0.0008202099737533
 43
0.0
 43
0.0
 43
0.0
 43
0.0
 43
1.0
 43
0.0
 43
0.0
 43
0.0
 43
0.0
 43
1.0
 77
     0
 47
0.0008202099737533
 47
0.0
 47
0.0
 47
0.0
 47
0.0
 47
0.0008202099737533
 47
0.0
 47
0.0
 47
0.0
 47
0.0
 47
1.0
 47
0.0
 47
0.0
 47
0.0
 47
0.0
 47
1.0
171
     0
 49
0.0008202099737533
 49
0.0
 49
0.0
 49
0.0
 49
0.0
 49
0.0008202099737533
 49
0.0
 49
0.0
 49
0.0
 49
0.0
 49
1.0
 49
0.0
 49
0.0
 49
0.0
 49
0.0
 49
1.0
175
     0
142
0.0008202099737533
142
0.0
142
0.0
142
0.0
142
0.0
142
0.0008202099737533
142
0.0
142
0.0
142
0.0
142
0.0
142
1.0
142
0.0
142
0.0
142
0.0
142
0.0
142
1.0
179
     0
144
0.0008202099737533
144
0.0
144
0.0
144
0.0
144
0.0
144
0.0008202099737533
144
0.0
144
0.0
144
0.0
144
0.0
144
1.0
144
0.0
144
0.0
144
0.0
144
0.0
144
1.0
147
0.0008202099737533
147
0.0
147
0.0
147
0.0
147
0.0
147
0.0008202099737533
147
0.0
147
0.0
147
0.0
147
0.0
147
1.0
147
0.0
147
0.0
147
0.0
147
0.0
147
1.0
  0
MLEADERSTYLE
  5
196
102
{ACAD_REACTORS
330
195
102
}
330
195
100
AcDbMLeaderStyle
179
     2
170
     2
171
     1
172
     0
 90
        2
 40
0.0
 41
0.0
173
     1
 91
-1056964608
340
1A
 92
       -2
290
     1
 42
0.09
291
     1
 43
0.36
  3
Standard
 44
0.18
300

342
17
174
     1
178
     6
175
     1
176
     0
 93
-1056964608
 45
0.18
292
     0
297
     0
 46
0.18
 94
-1056964608
 47
1.0
 49
1.0
140
1.0
293
     1
141
0.0
294
     1
177
     0
142
1.0
295
     0
296
     0
143
0.125
271
     0
272
     9
273
     9
298
     1
  0
MLINESTYLE
  5
29
102
{ACAD_REACTORS
330
25
102
}
330
25
100
AcDbMlineStyle
  2
STANDARD
 70
     0
  3

 62
   256
 51
90.0
 52
90.0
 71
     2
 49
0.5
 62
   256
  6
BYLAYER
 49
-0.5
 62
   256
  6
BYLAYER
  0
ACDBPLACEHOLDER
  5
7
102
{ACAD_REACTORS
330
8
102
}
330
8
  0
SCALE
  5
32A
102
{ACAD_REACTORS
330
173
102
}
330
173
100
AcDbScale
 70
     0
300
1" = 1'
140
1.0
141
1.0
290
     1
  0
SCALE
  5
174
102
{ACAD_REACTORS
330
173
102
}
330
173
100
AcDbScale
 70
     0
300
1:1
140
1.0
141
1.0
290
     0
  0
SCALE
  5
175
102
{ACAD_REACTORS
330
173
102
}
330
173
100
AcDbScale
 70
     0
300
1:2
140
1.0
141
2.0
290
     0
  0
SCALE
  5
176
102
{ACAD_REACTORS
330
173
102
}
330
173
100
AcDbScale
 70
     0
300
1:4
140
1.0
141
4.0
290
     0
  0
SCALE
  5
177
102
{ACAD_REACTORS
330
173
102
}
330
173
100
AcDbScale
 70
     0
300
1:5
140
1.0
141
5.0
290
     0
  0
SCALE
  5
178
102
{ACAD_REACTORS
330
173
102
}
330
173
100
AcDbScale
 70
     0
300
1:8
140
1.0
141
8.0
290
     0
  0
SCALE
  5
179
102
{ACAD_REACTORS
330
173
102
}
330
173
100
AcDbScale
 70
     0
300
1:10
140
1.0
141
10.0
290
     0
  0
SCALE
  5
17A
102
{ACAD_REACTORS
330
173
102
}
330
173
100
AcDbScale
 70
     0
300
1:16
140
1.0
141
16.0
290
     0
  0
SCALE
  5
17B
102
{ACAD_REACTORS
330
173
102
}
330
173
100
AcDbScale
 70
     0
300
1:20
140
1.0
141
20.0
290
     0
  0
SCALE
  5
17C
102
{ACAD_REACTORS
330
173
102
}
330
173
100
AcDbScale
 70
     0
300
1:30
140
1.0
141
30.0
290
     0
  0
SCALE
  5
17D
102
{ACAD_REACTORS
330
173
102
}
330
173
100
AcDbScale
 70
     0
300
1:40
140
1.0
141
40.0
290
     0
  0
SCALE
  5
17E
102
{ACAD_REACTORS
330
173
102
}
330
173
100
AcDbScale
 70
     0
300
1:50
140
1.0
141
50.0
290
     0
  0
SCALE
  5
17F
102
{ACAD_REACTORS
330
173
102
}
330
173
100
AcDbScale
 70
     0
300
1:100
140
1.0
141
100.0
290
     0
  0
SCALE
  5
180
102
{ACAD_REACTORS
330
173
102
}
330
173
100
AcDbScale
 70
     0
300
2:1
140
2.0
141
1.0
290
     0
  0
SCALE
  5
181
102
{ACAD_REACTORS
330
173
102
}
330
173
100
AcDbScale
 70
     0
300
4:1
140
4.0
141
1.0
290
     0
  0
SCALE
  5
182
102
{ACAD_REACTORS
330
173
102
}
330
173
100
AcDbScale
 70
     0
300
8:1
140
8.0
141
1.0
290
     0
  0
SCALE
  5
183
102
{ACAD_REACTORS
330
173
102
}
330
173
100
AcDbScale
 70
     0
300
10:1
140
10.0
141
1.0
290
     0
  0
SCALE
  5
184
102
{ACAD_REACTORS
330
173
102
}
330
173
100
AcDbScale
 70
     0
300
100:1
140
100.0
141
1.0
290
     0
  0
SCALE
  5
185
102
{ACAD_REACTORS
330
173
102
}
330
173
100
AcDbScale
 70
     0
300
1/128" = 1'-0"
140
0.0078125
141
12.0
290
     0
  0
SCALE
  5
186
102
{ACAD_REACTORS
330
173
102
}
330
173
100
AcDbScale
 70
     0
300
1/64" = 1'-0"
140
0.015625
141
12.0
290
     0
  0
SCALE
  5
187
102
{ACAD_REACTORS
330
173
102
}
330
173
100
AcDbScale
 70
     0
300
1/32" = 1'-0"
140
0.03125
141
12.0
290
     0
  0
SCALE
  5
188
102
{ACAD_REACTORS
330
173
102
}
330
173
100
AcDbScale
 70
     0
300
1/16" = 1'-0"
140
0.0625
141
12.0
290
     0
  0
SCALE
  5
189
102
{ACAD_REACTORS
330
173
102
}
330
173
100
AcDbScale
 70
     0
300
3/32" = 1'-0"
140
0.09375
141
12.0
290
     0
  0
SCALE
  5
18A
102
{ACAD_REACTORS
330
173
102
}
330
173
100
AcDbScale
 70
     0
300
1/8" = 1'-0"
140
0.125
141
12.0
290
     0
  0
SCALE
  5
18B
102
{ACAD_REACTORS
330
173
102
}
330
173
100
AcDbScale
 70
     0
300
3/16" = 1'-0"
140
0.1875
141
12.0
290
     0
  0
SCALE
  5
18C
102
{ACAD_REACTORS
330
173
102
}
330
173
100
AcDbScale
 70
     0
300
1/4" = 1'-0"
140
0.25
141
12.0
290
     0
  0
SCALE
  5
18D
102
{ACAD_REACTORS
330
173
102
}
330
173
100
AcDbScale
 70
     0
300
3/8" = 1'-0"
140
0.375
141
12.0
290
     0
  0
SCALE
  5
18E
102
{ACAD_REACTORS
330
173
102
}
330
173
100
AcDbScale
 70
     0
300
1/2" = 1'-0"
140
0.5
141
12.0
290
     0
  0
SCALE
  5
18F
102
{ACAD_REACTORS
330
173
102
}
330
173
100
AcDbScale
 70
     0
300
3/4" = 1'-0"
140
0.75
141
12.0
290
     0
  0
SCALE
  5
190
102
{ACAD_REACTORS
330
173
102
}
330
173
100
AcDbScale
 70
     0
300
1" = 1'-0"
140
1.0
141
12.0
290
     0
  0
SCALE
  5
191
102
{ACAD_REACTORS
330
173
102
}
330
173
100
AcDbScale
 70
     0
300
1-1/2" = 1'-0"
140
1.5
141
12.0
290
     0
  0
SCALE
  5
192
102
{ACAD_REACTORS
330
173
102
}
330
173
100
AcDbScale
 70
     0
300
3" = 1'-0"
140
3.0
141
12.0
290
     0
  0
SCALE
  5
193
102
{ACAD_REACTORS
330
173
102
}
330
173
100
AcDbScale
 70
     0
300
6" = 1'-0"
140
6.0
141
12.0
290
     0
  0
SCALE
  5
194
102
{ACAD_REACTORS
330
173
102
}
330
173
100
AcDbScale
 70
     0
300
1'-0" = 1'-0"
140
12.0
141
12.0
290
     0
  0
ACDBSECTIONVIEWSTYLE
  5
482F
102
{ACAD_REACTORS
330
482E
102
}
330
482E
100
AcDbModelDocViewStyle
 70
     0
  3
Imperial24
290
     0
300
Imperial24
 90
        0
100
AcDbSectionViewStyle
 70
     0
 71
     0
 90
       78
 71
     1
340
17
 62
   256
 40
0.24
340
0
340
0
 62
   256
 40
0.24
300
I, O, Q, S, X, Z
 40
0.48
 90
        3
 40
0.18
 90
        1
 71
     2
340
B
 90
       25
 62
   256
340
B
 90
       50
 62
   256
 40
0.24
 40
0.0
 40
0.24
 71
     3
340
17
 62
   256
 40
0.24
 90
        1
 40
0.75
 90
        1
300
%<\AcVar ViewType \f "%tc1">% %<\AcVar ViewSectionStartId>%-%<\AcVar ViewSectionEndId>%\PSCALE %<\AcVar ViewScale \f "%sn">%
 71
     4
 62
   256
 62
   257
300
ANSI31
 40
1.0
 90
        0
290
     0
290
     0
 90
        6
 40
0.0
 40
1.570796326794896
 40
0.2617993877991494
 40
1.308996938995747
 40
-0.2617993877991494
 40
1.832595714594046
  0
ACDBSECTIONVIEWSTYLE
  5
4ECD
102
{ACAD_REACTORS
330
482E
102
}
330
482E
100
AcDbModelDocViewStyle
 70
     0
  3
Metric50
290
     0
300
Metric50
 90
        0
100
AcDbSectionViewStyle
 70
     0
 71
     0
 90
      102
 71
     1
340
17
 62
   256
 40
5.0
340
0
340
0
 62
   256
 40
5.0
300
I, O, Q, S, X, Z
 40
10.0
 90
        0
 40
2.5
 90
        0
 71
     2
340
B
 90
       25
 62
   256
340
B
 90
       50
 62
   256
 40
5.0
 40
2.5
 40
5.0
 71
     3
340
17
 62
   256
 40
5.0
 90
        0
 40
15.0
 90
        1
300
%<\AcVar ViewSectionStartId>%-%<\AcVar ViewSectionEndId>% (%<\AcVar ViewScale \f "%sn">%)
 71
     4
 62
   256
 62
   257
300
ANSI31
 40
1.0
 90
        0
290
     0
290
     0
 90
        6
 40
0.0
 40
1.570796326794896
 40
0.2617993877991494
 40
1.308996938995747
 40
-0.2617993877991494
 40
1.832595714594046
  0
TABLESTYLE
  5
1A2
102
{ACAD_XDICTIONARY
360
44A3
102
}
102
{ACAD_REACTORS
330
171
102
}
330
171
100
AcDbTableStyle
280
     0
  3

 70
     0
 71
     1
 40
0.06
 41
0.06
280
     0
281
     0
  7
STANDARD
140
0.4
170
     4
 62
     0
 63
     7
283
     0
 90
      512
 91
        0
  1

274
    -2
284
     0
 64
     0
275
    -2
285
     0
 65
     0
276
    -2
286
     1
 66
     0
277
    -2
287
     1
 67
     0
278
    -2
288
     0
 68
     0
279
    -2
289
     1
 69
     0
  7
STANDARD
140
0.5
170
     5
 62
     0
 63
     7
283
     0
 90
      512
 91
        0
  1

274
    -2
284
     1
 64
     0
275
    -2
285
     0
 65
     0
276
    -2
286
     1
 66
     0
277
    -2
287
     1
 67
     0
278
    -2
288
     0
 68
     0
279
    -2
289
     1
 69
     0
  7
STANDARD
140
0.4
170
     4
 62
     0
 63
     7
283
     0
 90
      512
 91
        0
  1

274
    -2
284
     1
 64
     0
275
    -2
285
     0
 65
     0
276
    -2
286
     1
 66
     0
277
    -2
287
     1
 67
     0
278
    -2
288
     0
 68
     0
279
    -2
289
     1
 69
     0
  0
TABLESTYLE
  5
172
102
{ACAD_XDICTIONARY
360
44A1
102
}
102
{ACAD_REACTORS
330
171
102
}
330
171
100
AcDbTableStyle
280
     0
  3
Standard
 70
     0
 71
     0
 40
0.06
 41
0.06
280
     0
281
     0
  7
STANDARD
140
0.18
170
     2
 62
     0
 63
     7
283
     0
 90
      512
 91
        0
  1

274
    -2
284
     1
 64
     0
275
    -2
285
     1
 65
     0
276
    -2
286
     1
 66
     0
277
    -2
287
     1
 67
     0
278
    -2
288
     1
 68
     0
279
    -2
289
     1
 69
     0
  7
STANDARD
140
0.25
170
     5
 62
     0
 63
     7
283
     0
 90
      512
 91
        0
  1

274
    -2
284
     1
 64
     0
275
    -2
285
     1
 65
     0
276
    -2
286
     1
 66
     0
277
    -2
287
     1
 67
     0
278
    -2
288
     1
 68
     0
279
    -2
289
     1
 69
     0
  7
STANDARD
140
0.18
170
     5
 62
     0
 63
     7
283
     0
 90
      512
 91
        0
  1

274
    -2
284
     1
 64
     0
275
    -2
285
     1
 65
     0
276
    -2
286
     1
 66
     0
277
    -2
287
     1
 67
     0
278
    -2
288
     1
 68
     0
279
    -2
289
     1
 69
     0
  0
VISUALSTYLE
  5
165
102
{ACAD_REACTORS
330
15F
102
}
330
15F
100
AcDbVisualStyle
  2
2dWireframe
 70
     4
177
     3
291
     0
 70
    58
 90
        0
176
     1
 90
        2
176
     1
 90
        0
176
     1
 90
        0
176
     1
 40
0.6
176
     1
 40
30.0
176
     1
 62
     7
176
     1
 90
        1
176
     1
 90
        4
176
     1
 62
     7
176
     1
 62
   257
176
     1
 90
        1
176
     1
 90
        1
176
     1
 40
1.0
176
     1
 90
        0
176
     1
 62
   257
176
     1
 40
1.0
176
     1
 90
        1
176
     1
 90
        6
176
     1
 90
        2
176
     1
 62
     7
176
     1
 90
        5
176
     1
 90
        0
176
     1
 90
        0
176
     1
290
     0
176
     1
 90
        1
176
     1
 40
0.0
176
     1
 90
        0
176
     1
290
     1
176
     1
290
     1
176
     1
290
     0
176
     1
290
     0
176
     1
290
     0
176
     1
290
     0
176
     1
290
     0
176
     1
290
     0
176
     1
290
     0
176
     1
 90
       50
176
     1
 40
0.0
176
     1
 40
1.0
176
     1
 90
        0
176
     1
 62
    18
420
        0
176
     1
 90
       50
176
     1
 90
        3
176
     1
 62
     5
420
      255
176
     1
290
     0
176
     1
 90
       50
176
     1
 90
       50
176
     1
 90
       50
176
     1
290
     0
176
     1
 90
       50
176
     1
 62
   256
176
     0
 40
1.0
176
     0
 90
        2
176
     1
  1
strokes_ogs.tif
176
     1
290
     0
176
     1
 40
1.0
176
     1
 40
1.0
176
     1
  0
VISUALSTYLE
  5
167
102
{ACAD_REACTORS
330
15F
102
}
330
15F
100
AcDbVisualStyle
  2
3D Hidden
 70
     6
177
     3
291
     0
 70
    58
 90
        1
176
     1
 90
        2
176
     1
 90
        2
176
     1
 90
        0
176
     1
 40
0.6
176
     1
 40
30.0
176
     1
 62
     7
176
     1
 90
        2
176
     1
 90
        2
176
     1
 62
     7
176
     1
 62
   257
176
     1
 90
        2
176
     1
 90
        1
176
     1
 40
40.0
176
     1
 90
        0
176
     1
 62
   257
176
     1
 40
1.0
176
     1
 90
        1
176
     1
 90
        6
176
     1
 90
        2
176
     1
 62
     7
176
     1
 90
        3
176
     1
 90
        0
176
     1
 90
        0
176
     1
290
     0
176
     1
 90
        1
176
     1
 40
0.0
176
     1
 90
        0
176
     1
290
     0
176
     1
290
     1
176
     1
290
     1
176
     1
290
     0
176
     1
290
     0
176
     1
290
     0
176
     1
290
     0
176
     1
290
     0
176
     1
290
     0
176
     1
 90
       50
176
     1
 40
0.0
176
     1
 40
1.0
176
     1
 90
        0
176
     1
 62
    18
420
        0
176
     1
 90
       50
176
     1
 90
        3
176
     1
 62
     5
420
      255
176
     1
290
     0
176
     1
 90
       50
176
     1
 90
       50
176
     1
 90
       50
176
     1
290
     0
176
     1
 90
       50
176
     1
 62
   256
176
     0
 40
1.0
176
     0
 90
        2
176
     1
  1
strokes_ogs.tif
176
     1
290
     0
176
     1
 40
1.0
176
     1
 40
1.0
176
     1
  0
VISUALSTYLE
  5
166
102
{ACAD_REACTORS
330
15F
102
}
330
15F
100
AcDbVisualStyle
  2
3dWireframe
 70
     5
177
     3
291
     0
 70
    58
 90
        0
176
     1
 90
        2
176
     1
 90
        0
176
     1
 90
        0
176
     1
 40
0.6
176
     1
 40
30.0
176
     1
 62
     7
176
     1
 90
        1
176
     1
 90
        4
176
     1
 62
     7
176
     1
 62
   257
176
     1
 90
        1
176
     1
 90
        1
176
     1
 40
1.0
176
     1
 90
        0
176
     1
 62
   257
176
     1
 40
1.0
176
     1
 90
        1
176
     1
 90
        6
176
     1
 90
        2
176
     1
 62
     7
176
     1
 90
        5
176
     1
 90
        0
176
     1
 90
        0
176
     1
290
     0
176
     1
 90
        1
176
     1
 40
0.0
176
     1
 90
        0
176
     1
290
     0
176
     1
290
     1
176
     1
290
     1
176
     1
290
     0
176
     1
290
     0
176
     1
290
     0
176
     1
290
     0
176
     1
290
     0
176
     1
290
     0
176
     1
 90
       50
176
     1
 40
0.0
176
     1
 40
1.0
176
     1
 90
        0
176
     1
 62
    18
420
        0
176
     1
 90
       50
176
     1
 90
        3
176
     1
 62
     5
420
      255
176
     1
290
     0
176
     1
 90
       50
176
     1
 90
       50
176
     1
 90
       50
176
     1
290
     0
176
     1
 90
       50
176
     1
 62
   256
176
     0
 40
1.0
176
     0
 90
        2
176
     1
  1
strokes_ogs.tif
176
     1
290
     0
176
     1
 40
1.0
176
     1
 40
1.0
176
     1
  0
VISUALSTYLE
  5
164
102
{ACAD_REACTORS
330
15F
102
}
330
15F
100
AcDbVisualStyle
  2
Basic
 70
     7
177
     3
291
     1
 70
    58
 90
        1
176
     1
 90
        0
176
     1
 90
        1
176
     1
 90
        0
176
     1
 40
0.6
176
     1
 40
30.0
176
     1
 62
     7
176
     1
 90
        0
176
     1
 90
        4
176
     1
 62
     7
176
     1
 62
   257
176
     1
 90
        1
176
     1
 90
        1
176
     1
 40
1.0
176
     1
 90
        8
176
     1
 62
     7
176
     1
 40
1.0
176
     1
 90
        1
176
     1
 90
        6
176
     1
 90
        2
176
     1
 62
     7
176
     1
 90
        5
176
     1
 90
        0
176
     1
 90
        0
176
     1
290
     0
176
     1
 90
        1
176
     1
 40
0.0
176
     1
 90
        0
176
     1
290
     0
176
     1
290
     1
176
     1
290
     1
176
     1
290
     0
176
     1
290
     0
176
     1
290
     0
176
     1
290
     0
176
     1
290
     0
176
     1
290
     0
176
     1
 90
       50
176
     1
 40
0.0
176
     1
 40
1.0
176
     1
 90
        0
176
     1
 62
    18
420
        0
176
     1
 90
       50
176
     1
 90
        3
176
     1
 62
     5
420
      255
176
     1
290
     0
176
     1
 90
       50
176
     1
 90
       50
176
     1
 90
       50
176
     1
290
     0
176
     1
 90
       50
176
     1
 62
   256
176
     0
 40
1.0
176
     0
 90
        2
176
     1
  1
strokes_ogs.tif
176
     1
290
     0
176
     1
 40
1.0
176
     1
 40
1.0
176
     1
  0
VISUALSTYLE
  5
16B
102
{ACAD_REACTORS
330
15F
102
}
330
15F
100
AcDbVisualStyle
  2
Brighten
 70
    12
177
     3
291
     1
 70
    58
 90
        2
176
     1
 90
        2
176
     1
 90
        0
176
     1
 90
        0
176
     1
 40
0.6
176
     1
 40
30.0
176
     1
 62
     7
176
     1
 90
        1
176
     1
 90
        4
176
     1
 62
     7
176
     1
 62
   257
176
     1
 90
        1
176
     1
 90
        1
176
     1
 40
1.0
176
     1
 90
        8
176
     1
 62
     7
176
     1
 40
1.0
176
     1
 90
        1
176
     1
 90
        6
176
     1
 90
        2
176
     1
 62
     7
176
     1
 90
        5
176
     1
 90
        0
176
     1
 90
        0
176
     1
290
     0
176
     1
 90
        1
176
     1
 40
50.0
176
     1
 90
        0
176
     1
290
     0
176
     1
290
     1
176
     1
290
     1
176
     1
290
     0
176
     1
290
     0
176
     1
290
     0
176
     1
290
     0
176
     1
290
     0
176
     1
290
     0
176
     1
 90
       50
176
     1
 40
0.0
176
     1
 40
1.0
176
     1
 90
        0
176
     1
 62
    18
420
        0
176
     1
 90
       50
176
     1
 90
        3
176
     1
 62
     5
420
      255
176
     1
290
     0
176
     1
 90
       50
176
     1
 90
       50
176
     1
 90
       50
176
     1
290
     0
176
     1
 90
       50
176
     1
 62
   256
176
     0
 40
1.0
176
     0
 90
        2
176
     1
  1
strokes_ogs.tif
176
     1
290
     0
176
     1
 40
1.0
176
     1
 40
1.0
176
     1
  0
VISUALSTYLE
  5
16F
102
{ACAD_REACTORS
330
15F
102
}
330
15F
100
AcDbVisualStyle
  2
ColorChange
 70
    16
177
     3
291
     1
 70
    58
 90
        2
176
     1
 90
        2
176
     1
 90
        3
176
     1
 90
        0
176
     1
 40
0.6
176
     1
 40
30.0
176
     1
 62
     8
176
     1
 90
        1
176
     1
 90
        4
176
     1
 62
     7
176
     1
 62
   257
176
     1
 90
        1
176
     1
 90
        1
176
     1
 40
1.0
176
     1
 90
        8
176
     1
 62
     8
176
     1
 40
1.0
176
     1
 90
        1
176
     1
 90
        6
176
     1
 90
        2
176
     1
 62
     7
176
     1
 90
        5
176
     1
 90
        0
176
     1
 90
        0
176
     1
290
     0
176
     1
 90
        1
176
     1
 40
0.0
176
     1
 90
        0
176
     1
290
     0
176
     1
290
     1
176
     1
290
     1
176
     1
290
     0
176
     1
290
     0
176
     1
290
     0
176
     1
290
     0
176
     1
290
     0
176
     1
290
     0
176
     1
 90
       50
176
     1
 40
0.0
176
     1
 40
1.0
176
     1
 90
        0
176
     1
 62
    18
420
        0
176
     1
 90
       50
176
     1
 90
        3
176
     1
 62
     5
420
      255
176
     1
290
     0
176
     1
 90
       50
176
     1
 90
       50
176
     1
 90
       50
176
     1
290
     0
176
     1
 90
       50
176
     1
 62
   256
176
     0
 40
1.0
176
     0
 90
        2
176
     1
  1
strokes_ogs.tif
176
     1
290
     0
176
     1
 40
1.0
176
     1
 40
1.0
176
     1
  0
VISUALSTYLE
  5
168
102
{ACAD_REACTORS
330
15F
102
}
330
15F
100
AcDbVisualStyle
  2
Conceptual
 70
     9
177
     3
291
     0
 70
    58
 90
        3
176
     1
 90
        2
176
     1
 90
        0
176
     1
 90
        0
176
     1
 40
0.6
176
     1
 40
30.0
176
     1
 62
     7
176
     1
 90
        2
176
     1
 90
        2
176
     1
 62
     7
176
     1
 62
   257
176
     1
 90
        1
176
     1
 90
        1
176
     1
 40
40.0
176
     1
 90
        8
176
     1
 62
     7
176
     1
 40
1.0
176
     1
 90
        1
176
     1
 90
        6
176
     1
 90
        2
176
     1
 62
     7
176
     1
 90
        3
176
     1
 90
        0
176
     1
 90
        0
176
     1
290
     0
176
     1
 90
        1
176
     1
 40
0.0
176
     1
 90
        0
176
     1
290
     0
176
     1
290
     1
176
     1
290
     1
176
     1
290
     0
176
     1
290
     0
176
     1
290
     0
176
     1
290
     0
176
     1
290
     0
176
     1
290
     0
176
     1
 90
       50
176
     1
 40
0.0
176
     1
 40
1.0
176
     1
 90
        0
176
     1
 62
    18
420
        0
176
     1
 90
       50
176
     1
 90
        3
176
     1
 62
     5
420
      255
176
     1
290
     0
176
     1
 90
       50
176
     1
 90
       50
176
     1
 90
       50
176
     1
290
     0
176
     1
 90
       50
176
     1
 62
   256
176
     0
 40
1.0
176
     0
 90
        2
176
     1
  1
strokes_ogs.tif
176
     1
290
     0
176
     1
 40
1.0
176
     1
 40
1.0
176
     1
  0
VISUALSTYLE
  5
16A
102
{ACAD_REACTORS
330
15F
102
}
330
15F
100
AcDbVisualStyle
  2
Dim
 70
    11
177
     3
291
     1
 70
    58
 90
        2
176
     1
 90
        2
176
     1
 90
        0
176
     1
 90
        0
176
     1
 40
0.6
176
     1
 40
30.0
176
     1
 62
     7
176
     1
 90
        1
176
     1
 90
        4
176
     1
 62
     7
176
     1
 62
   257
176
     1
 90
        1
176
     1
 90
        1
176
     1
 40
1.0
176
     1
 90
        8
176
     1
 62
     7
176
     1
 40
1.0
176
     1
 90
        1
176
     1
 90
        6
176
     1
 90
        2
176
     1
 62
     7
176
     1
 90
        5
176
     1
 90
        0
176
     1
 90
        0
176
     1
290
     0
176
     1
 90
        1
176
     1
 40
-50.0
176
     1
 90
        0
176
     1
290
     0
176
     1
290
     1
176
     1
290
     1
176
     1
290
     0
176
     1
290
     0
176
     1
290
     0
176
     1
290
     0
176
     1
290
     0
176
     1
290
     0
176
     1
 90
       50
176
     1
 40
0.0
176
     1
 40
1.0
176
     1
 90
        0
176
     1
 62
    18
420
        0
176
     1
 90
       50
176
     1
 90
        3
176
     1
 62
     5
420
      255
176
     1
290
     0
176
     1
 90
       50
176
     1
 90
       50
176
     1
 90
       50
176
     1
290
     0
176
     1
 90
       50
176
     1
 62
   256
176
     0
 40
1.0
176
     0
 90
        2
176
     1
  1
strokes_ogs.tif
176
     1
290
     0
176
     1
 40
1.0
176
     1
 40
1.0
176
     1
  0
VISUALSTYLE
  5
482D
102
{ACAD_REACTORS
330
15F
102
}
330
15F
100
AcDbVisualStyle
  2
EdgeColorOff
 70
    22
177
     3
291
     1
 70
    58
 90
        2
176
     0
 90
        2
176
     0
 90
        0
176
     0
 90
        0
176
     0
 40
0.6
176
     0
 40
30.0
176
     0
 62
     7
176
     0
 90
        1
176
     0
 90
        4
176
     0
 62
     7
176
     0
 62
   257
176
     0
 90
        1
176
     0
 90
        1
176
     0
 40
1.0
176
     0
 90
        8
176
     2
 62
     7
176
     0
 40
1.0
176
     0
 90
        1
176
     0
 90
        6
176
     0
 90
        2
176
     0
 62
     7
176
     0
 90
        5
176
     0
 90
        0
176
     0
 90
        0
176
     0
290
     0
176
     0
 90
        1
176
     0
 40
0.0
176
     0
 90
        0
176
     0
290
     0
176
     0
290
     1
176
     0
290
     1
176
     0
290
     0
176
     0
290
     0
176
     0
290
     0
176
     0
290
     0
176
     0
290
     0
176
     0
290
     0
176
     0
 90
       50
176
     0
 40
0.0
176
     0
 40
1.0
176
     0
 90
        0
176
     0
 62
    18
420
        0
176
     0
 90
       50
176
     0
 90
        3
176
     0
 62
     5
420
      255
176
     0
290
     0
176
     0
 90
       50
176
     0
 90
       50
176
     0
 90
       50
176
     0
290
     0
176
     0
 90
       50
176
     0
 62
   256
176
     0
 40
1.0
176
     0
 90
        2
176
     0
  1
strokes_ogs.tif
176
     0
290
     0
176
     0
 40
1.0
176
     0
 40
1.0
176
     0
  0
VISUALSTYLE
  5
16E
102
{ACAD_REACTORS
330
15F
102
}
330
15F
100
AcDbVisualStyle
  2
Facepattern
 70
    15
177
     3
291
     1
 70
    58
 90
        2
176
     1
 90
        2
176
     1
 90
        0
176
     1
 90
        0
176
     1
 40
0.6
176
     1
 40
30.0
176
     1
 62
     7
176
     1
 90
        1
176
     1
 90
        4
176
     1
 62
     7
176
     1
 62
   257
176
     1
 90
        1
176
     1
 90
        1
176
     1
 40
1.0
176
     1
 90
        8
176
     1
 62
     7
176
     1
 40
1.0
176
     1
 90
        1
176
     1
 90
        6
176
     1
 90
        2
176
     1
 62
     7
176
     1
 90
        5
176
     1
 90
        0
176
     1
 90
        0
176
     1
290
     0
176
     1
 90
        1
176
     1
 40
0.0
176
     1
 90
        0
176
     1
290
     0
176
     1
290
     1
176
     1
290
     1
176
     1
290
     0
176
     1
290
     0
176
     1
290
     0
176
     1
290
     0
176
     1
290
     0
176
     1
290
     0
176
     1
 90
       50
176
     1
 40
0.0
176
     1
 40
1.0
176
     1
 90
        0
176
     1
 62
    18
420
        0
176
     1
 90
       50
176
     1
 90
        3
176
     1
 62
     5
420
      255
176
     1
290
     0
176
     1
 90
       50
176
     1
 90
       50
176
     1
 90
       50
176
     1
290
     0
176
     1
 90
       50
176
     1
 62
   256
176
     0
 40
1.0
176
     0
 90
        2
176
     1
  1
strokes_ogs.tif
176
     1
290
     0
176
     1
 40
1.0
176
     1
 40
1.0
176
     1
  0
VISUALSTYLE
  5
160
102
{ACAD_REACTORS
330
15F
102
}
330
15F
100
AcDbVisualStyle
  2
Flat
 70
     0
177
     3
291
     1
 70
    58
 90
        2
176
     1
 90
        1
176
     1
 90
        1
176
     1
 90
        2
176
     1
 40
0.6
176
     1
 40
30.0
176
     1
 62
     7
176
     1
 90
        0
176
     1
 90
        4
176
     1
 62
     7
176
     1
 62
   257
176
     1
 90
        1
176
     1
 90
        1
176
     1
 40
1.0
176
     1
 90
        8
176
     1
 62
     7
176
     1
 40
1.0
176
     1
 90
        1
176
     1
 90
        6
176
     1
 90
        2
176
     1
 62
     7
176
     1
 90
        5
176
     1
 90
        0
176
     1
 90
        0
176
     1
290
     0
176
     1
 90
       13
176
     1
 40
0.0
176
     1
 90
        0
176
     1
290
     0
176
     1
290
     1
176
     1
290
     1
176
     1
290
     0
176
     1
290
     0
176
     1
290
     0
176
     1
290
     0
176
     1
290
     0
176
     1
290
     0
176
     1
 90
       50
176
     1
 40
0.0
176
     1
 40
1.0
176
     1
 90
        0
176
     1
 62
    18
420
        0
176
     1
 90
       50
176
     1
 90
        3
176
     1
 62
     5
420
      255
176
     1
290
     0
176
     1
 90
       50
176
     1
 90
       50
176
     1
 90
       50
176
     1
290
     0
176
     1
 90
       50
176
     1
 62
   256
176
     0
 40
1.0
176
     0
 90
        2
176
     1
  1
strokes_ogs.tif
176
     1
290
     0
176
     1
 40
1.0
176
     1
 40
1.0
176
     1
  0
VISUALSTYLE
  5
161
102
{ACAD_REACTORS
330
15F
102
}
330
15F
100
AcDbVisualStyle
  2
FlatWithEdges
 70
     1
177
     3
291
     1
 70
    58
 90
        2
176
     1
 90
        1
176
     1
 90
        1
176
     1
 90
        2
176
     1
 40
0.6
176
     1
 40
30.0
176
     1
 62
     7
176
     1
 90
        1
176
     1
 90
        4
176
     1
 62
     7
176
     1
 62
   257
176
     1
 90
        1
176
     1
 90
        1
176
     1
 40
1.0
176
     1
 90
        0
176
     1
 62
   257
176
     1
 40
1.0
176
     1
 90
        1
176
     1
 90
        6
176
     1
 90
        2
176
     1
 62
     7
176
     1
 90
        5
176
     1
 90
        0
176
     1
 90
        0
176
     1
290
     0
176
     1
 90
       13
176
     1
 40
0.0
176
     1
 90
        0
176
     1
290
     0
176
     1
290
     1
176
     1
290
     1
176
     1
290
     0
176
     1
290
     0
176
     1
290
     0
176
     1
290
     0
176
     1
290
     0
176
     1
290
     0
176
     1
 90
       50
176
     1
 40
0.0
176
     1
 40
1.0
176
     1
 90
        0
176
     1
 62
    18
420
        0
176
     1
 90
       50
176
     1
 90
        3
176
     1
 62
     5
420
      255
176
     1
290
     0
176
     1
 90
       50
176
     1
 90
       50
176
     1
 90
       50
176
     1
290
     0
176
     1
 90
       50
176
     1
 62
   256
176
     0
 40
1.0
176
     0
 90
        2
176
     1
  1
strokes_ogs.tif
176
     1
290
     0
176
     1
 40
1.0
176
     1
 40
1.0
176
     1
  0
VISUALSTYLE
  5
162
102
{ACAD_REACTORS
330
15F
102
}
330
15F
100
AcDbVisualStyle
  2
Gouraud
 70
     2
177
     3
291
     1
 70
    58
 90
        2
176
     1
 90
        2
176
     1
 90
        1
176
     1
 90
        2
176
     1
 40
0.6
176
     1
 40
30.0
176
     1
 62
     7
176
     1
 90
        0
176
     1
 90
        4
176
     1
 62
     7
176
     1
 62
   257
176
     1
 90
        1
176
     1
 90
        1
176
     1
 40
1.0
176
     1
 90
        0
176
     1
 62
     7
176
     1
 40
1.0
176
     1
 90
        1
176
     1
 90
        6
176
     1
 90
        2
176
     1
 62
     7
176
     1
 90
        5
176
     1
 90
        0
176
     1
 90
        0
176
     1
290
     0
176
     1
 90
       13
176
     1
 40
0.0
176
     1
 90
        0
176
     1
290
     0
176
     1
290
     1
176
     1
290
     1
176
     1
290
     0
176
     1
290
     0
176
     1
290
     0
176
     1
290
     0
176
     1
290
     0
176
     1
290
     0
176
     1
 90
       50
176
     1
 40
0.0
176
     1
 40
1.0
176
     1
 90
        0
176
     1
 62
    18
420
        0
176
     1
 90
       50
176
     1
 90
        3
176
     1
 62
     5
420
      255
176
     1
290
     0
176
     1
 90
       50
176
     1
 90
       50
176
     1
 90
       50
176
     1
290
     0
176
     1
 90
       50
176
     1
 62
   256
176
     0
 40
1.0
176
     0
 90
        2
176
     1
  1
strokes_ogs.tif
176
     1
290
     0
176
     1
 40
1.0
176
     1
 40
1.0
176
     1
  0
VISUALSTYLE
  5
163
102
{ACAD_REACTORS
330
15F
102
}
330
15F
100
AcDbVisualStyle
  2
GouraudWithEdges
 70
     3
177
     3
291
     1
 70
    58
 90
        2
176
     1
 90
        2
176
     1
 90
        1
176
     1
 90
        2
176
     1
 40
0.6
176
     1
 40
30.0
176
     1
 62
     7
176
     1
 90
        1
176
     1
 90
        4
176
     1
 62
     7
176
     1
 62
   257
176
     1
 90
        1
176
     1
 90
        1
176
     1
 40
1.0
176
     1
 90
        0
176
     1
 62
   257
176
     1
 40
1.0
176
     1
 90
        1
176
     1
 90
        6
176
     1
 90
        2
176
     1
 62
     7
176
     1
 90
        5
176
     1
 90
        0
176
     1
 90
        0
176
     1
290
     0
176
     1
 90
       13
176
     1
 40
0.0
176
     1
 90
        0
176
     1
290
     0
176
     1
290
     1
176
     1
290
     1
176
     1
290
     0
176
     1
290
     0
176
     1
290
     0
176
     1
290
     0
176
     1
290
     0
176
     1
290
     0
176
     1
 90
       50
176
     1
 40
0.0
176
     1
 40
1.0
176
     1
 90
        0
176
     1
 62
    18
420
        0
176
     1
 90
       50
176
     1
 90
        3
176
     1
 62
     5
420
      255
176
     1
290
     0
176
     1
 90
       50
176
     1
 90
       50
176
     1
 90
       50
176
     1
290
     0
176
     1
 90
       50
176
     1
 62
   256
176
     0
 40
1.0
176
     0
 90
        2
176
     1
  1
strokes_ogs.tif
176
     1
290
     0
176
     1
 40
1.0
176
     1
 40
1.0
176
     1
  0
VISUALSTYLE
  5
4825
102
{ACAD_REACTORS
330
15F
102
}
330
15F
100
AcDbVisualStyle
  2
Hidden
 70
     6
177
     3
291
     0
 70
    58
 90
        1
176
     1
 90
        2
176
     1
 90
        2
176
     1
 90
        0
176
     1
 40
0.6
176
     1
 40
30.0
176
     1
 62
     7
176
     1
 90
        2
176
     1
 90
        2
176
     1
 62
     7
176
     1
 62
   257
176
     1
 90
        2
176
     1
 90
        1
176
     1
 40
40.0
176
     1
 90
        0
176
     1
 62
   257
176
     1
 40
1.0
176
     1
 90
        1
176
     1
 90
        6
176
     1
 90
        2
176
     1
 62
     7
176
     1
 90
        3
176
     1
 90
        0
176
     1
 90
        0
176
     1
290
     0
176
     1
 90
        1
176
     1
 40
0.0
176
     1
 90
        0
176
     1
290
     0
176
     1
290
     1
176
     1
290
     1
176
     1
290
     0
176
     1
290
     0
176
     1
290
     0
176
     1
290
     0
176
     1
290
     0
176
     1
290
     0
176
     1
 90
       50
176
     1
 40
0.0
176
     1
 40
1.0
176
     1
 90
        0
176
     1
 62
    18
420
        0
176
     1
 90
       50
176
     1
 90
        3
176
     1
 62
     5
420
      255
176
     1
290
     0
176
     1
 90
       50
176
     1
 90
       50
176
     1
 90
       50
176
     1
290
     0
176
     1
 90
       50
176
     1
 62
   256
176
     0
 40
1.0
176
     0
 90
        2
176
     1
  1
strokes_ogs.tif
176
     1
290
     0
176
     1
 40
1.0
176
     1
 40
1.0
176
     1
  0
VISUALSTYLE
  5
482B
102
{ACAD_REACTORS
330
15F
102
}
330
15F
100
AcDbVisualStyle
  2
JitterOff
 70
    20
177
     3
291
     1
 70
    58
 90
        2
176
     0
 90
        2
176
     0
 90
        0
176
     0
 90
        0
176
     0
 40
0.6
176
     0
 40
30.0
176
     0
 62
     7
176
     0
 90
        1
176
     0
 90
        4
176
     0
 62
     7
176
     0
 62
   257
176
     0
 90
        1
176
     0
 90
        1
176
     0
 40
1.0
176
     0
 90
       10
176
     2
 62
     7
176
     0
 40
1.0
176
     0
 90
        1
176
     0
 90
        6
176
     0
 90
        2
176
     0
 62
     7
176
     0
 90
        5
176
     0
 90
        0
176
     0
 90
        0
176
     0
290
     0
176
     0
 90
        1
176
     0
 40
0.0
176
     0
 90
        0
176
     0
290
     0
176
     0
290
     1
176
     0
290
     1
176
     0
290
     0
176
     0
290
     0
176
     0
290
     0
176
     0
290
     0
176
     0
290
     0
176
     0
290
     0
176
     0
 90
       50
176
     0
 40
0.0
176
     0
 40
1.0
176
     0
 90
        0
176
     0
 62
    18
420
        0
176
     0
 90
       50
176
     0
 90
        3
176
     0
 62
     5
420
      255
176
     0
290
     0
176
     0
 90
       50
176
     0
 90
       50
176
     0
 90
       50
176
     0
290
     0
176
     0
 90
       50
176
     0
 62
   256
176
     0
 40
1.0
176
     0
 90
        2
176
     0
  1
strokes_ogs.tif
176
     0
290
     0
176
     0
 40
1.0
176
     0
 40
1.0
176
     0
  0
VISUALSTYLE
  5
16D
102
{ACAD_REACTORS
330
15F
102
}
330
15F
100
AcDbVisualStyle
  2
Linepattern
 70
    14
177
     3
291
     1
 70
    58
 90
        2
176
     1
 90
        2
176
     1
 90
        0
176
     1
 90
        0
176
     1
 40
0.6
176
     1
 40
30.0
176
     1
 62
     7
176
     1
 90
        1
176
     1
 90
        4
176
     1
 62
     7
176
     1
 62
   257
176
     1
 90
        7
176
     1
 90
        7
176
     1
 40
1.0
176
     1
 90
        8
176
     1
 62
     7
176
     1
 40
1.0
176
     1
 90
        1
176
     1
 90
        6
176
     1
 90
        2
176
     1
 62
     7
176
     1
 90
        5
176
     1
 90
        0
176
     1
 90
        0
176
     1
290
     0
176
     1
 90
        1
176
     1
 40
0.0
176
     1
 90
        0
176
     1
290
     0
176
     1
290
     1
176
     1
290
     1
176
     1
290
     0
176
     1
290
     0
176
     1
290
     0
176
     1
290
     0
176
     1
290
     0
176
     1
290
     0
176
     1
 90
       50
176
     1
 40
0.0
176
     1
 40
1.0
176
     1
 90
        0
176
     1
 62
    18
420
        0
176
     1
 90
       50
176
     1
 90
        3
176
     1
 62
     5
420
      255
176
     1
290
     0
176
     1
 90
       50
176
     1
 90
       50
176
     1
 90
       50
176
     1
290
     0
176
     1
 90
       50
176
     1
 62
   256
176
     0
 40
1.0
176
     0
 90
        2
176
     1
  1
strokes_ogs.tif
176
     1
290
     0
176
     1
 40
1.0
176
     1
 40
1.0
176
     1
  0
VISUALSTYLE
  5
482C
102
{ACAD_REACTORS
330
15F
102
}
330
15F
100
AcDbVisualStyle
  2
OverhangOff
 70
    21
177
     3
291
     1
 70
    58
 90
        2
176
     0
 90
        2
176
     0
 90
        0
176
     0
 90
        0
176
     0
 40
0.6
176
     0
 40
30.0
176
     0
 62
     7
176
     0
 90
        1
176
     0
 90
        4
176
     0
 62
     7
176
     0
 62
   257
176
     0
 90
        1
176
     0
 90
        1
176
     0
 40
1.0
176
     0
 90
        9
176
     2
 62
     7
176
     0
 40
1.0
176
     0
 90
        1
176
     0
 90
        6
176
     0
 90
        2
176
     0
 62
     7
176
     0
 90
        5
176
     0
 90
        0
176
     0
 90
        0
176
     0
290
     0
176
     0
 90
        1
176
     0
 40
0.0
176
     0
 90
        0
176
     0
290
     0
176
     0
290
     1
176
     0
290
     1
176
     0
290
     0
176
     0
290
     0
176
     0
290
     0
176
     0
290
     0
176
     0
290
     0
176
     0
290
     0
176
     0
 90
       50
176
     0
 40
0.0
176
     0
 40
1.0
176
     0
 90
        0
176
     0
 62
    18
420
        0
176
     0
 90
       50
176
     0
 90
        3
176
     0
 62
     5
420
      255
176
     0
290
     0
176
     0
 90
       50
176
     0
 90
       50
176
     0
 90
       50
176
     0
290
     0
176
     0
 90
       50
176
     0
 62
   256
176
     0
 40
1.0
176
     0
 90
        2
176
     0
  1
strokes_ogs.tif
176
     0
290
     0
176
     0
 40
1.0
176
     0
 40
1.0
176
     0
  0
VISUALSTYLE
  5
169
102
{ACAD_REACTORS
330
15F
102
}
330
15F
100
AcDbVisualStyle
  2
Realistic
 70
     8
177
     3
291
     0
 70
    58
 90
        2
176
     1
 90
        2
176
     1
 90
        0
176
     1
 90
        0
176
     1
 40
0.6
176
     1
 40
30.0
176
     1
 62
     7
176
     1
 90
        1
176
     1
 90
        0
176
     1
 62
     7
176
     1
 62
   257
176
     1
 90
        1
176
     1
 90
        1
176
     1
 40
1.0
176
     1
 90
        8
176
     1
 62
     8
176
     1
 40
1.0
176
     1
 90
        1
176
     1
 90
        6
176
     1
 90
        2
176
     1
 62
     7
176
     1
 90
        5
176
     1
 90
        0
176
     1
 90
        0
176
     1
290
     0
176
     1
 90
       13
176
     1
 40
0.0
176
     1
 90
        0
176
     1
290
     0
176
     1
290
     1
176
     1
290
     1
176
     1
290
     0
176
     1
290
     0
176
     1
290
     0
176
     1
290
     0
176
     1
290
     0
176
     1
290
     0
176
     1
 90
       50
176
     1
 40
0.0
176
     1
 40
1.0
176
     1
 90
        0
176
     1
 62
    18
420
        0
176
     1
 90
       50
176
     1
 90
        3
176
     1
 62
     5
420
      255
176
     1
290
     0
176
     1
 90
       50
176
     1
 90
       50
176
     1
 90
       50
176
     1
290
     0
176
     1
 90
       50
176
     1
 62
   256
176
     0
 40
1.0
176
     0
 90
        2
176
     1
  1
strokes_ogs.tif
176
     1
290
     0
176
     1
 40
1.0
176
     1
 40
1.0
176
     1
  0
VISUALSTYLE
  5
482A
102
{ACAD_REACTORS
330
15F
102
}
330
15F
100
AcDbVisualStyle
  2
Shaded
 70
    27
177
     3
291
     0
 70
    58
 90
        2
176
     1
 90
        2
176
     1
 90
        1
176
     1
 90
        2
176
     1
 40
0.6
176
     1
 40
30.0
176
     1
 62
     7
176
     1
 90
        0
176
     1
 90
        4
176
     1
 62
     7
176
     1
 62
   257
176
     1
 90
        1
176
     1
 90
        1
176
     1
 40
1.0
176
     1
 90
        8
176
     1
 62
   257
176
     1
 40
1.0
176
     1
 90
        1
176
     1
 90
        6
176
     1
 90
        2
176
     1
 62
     8
176
     1
 90
        3
176
     1
 90
        0
176
     1
 90
        0
176
     1
290
     0
176
     1
 90
        5
176
     1
 40
0.0
176
     1
 90
        0
176
     1
290
     0
176
     1
290
     1
176
     1
290
     1
176
     1
290
     0
176
     1
290
     0
176
     1
290
     0
176
     1
290
     0
176
     1
290
     0
176
     1
290
     0
176
     1
 90
       50
176
     1
 40
0.0
176
     1
 40
1.0
176
     1
 90
        0
176
     1
 62
    18
420
        0
176
     1
 90
       50
176
     1
 90
        3
176
     1
 62
     5
420
      255
176
     1
290
     0
176
     1
 90
       50
176
     1
 90
       50
176
     1
 90
       50
176
     1
290
     0
176
     1
 90
       50
176
     1
 62
   256
176
     0
 40
1.0
176
     0
 90
        2
176
     1
  1
strokes_ogs.tif
176
     1
290
     0
176
     1
 40
1.0
176
     1
 40
1.0
176
     1
  0
VISUALSTYLE
  5
4829
102
{ACAD_REACTORS
330
15F
102
}
330
15F
100
AcDbVisualStyle
  2
Shaded with edges
 70
    26
177
     3
291
     0
 70
    58
 90
        2
176
     1
 90
        2
176
     1
 90
        1
176
     1
 90
        2
176
     1
 40
0.6
176
     1
 40
30.0
176
     1
 62
     7
176
     1
 90
        1
176
     1
 90
        2
176
     1
 62
     7
176
     1
 62
   257
176
     1
 90
        2
176
     1
 90
        1
176
     1
 40
1.0
176
     1
 90
        8
176
     1
 62
   257
176
     1
 40
1.0
176
     1
 90
        1
176
     1
 90
        6
176
     1
 90
        2
176
     1
 62
     7
176
     1
 90
        3
176
     1
 90
        0
176
     1
 90
        0
176
     1
290
     0
176
     1
 90
        5
176
     1
 40
0.0
176
     1
 90
        0
176
     1
290
     0
176
     1
290
     1
176
     1
290
     1
176
     1
290
     0
176
     1
290
     0
176
     1
290
     0
176
     1
290
     0
176
     1
290
     0
176
     1
290
     0
176
     1
 90
       50
176
     1
 40
0.0
176
     1
 40
1.0
176
     1
 90
        0
176
     1
 62
    18
420
        0
176
     1
 90
       50
176
     1
 90
        3
176
     1
 62
     5
420
      255
176
     1
290
     0
176
     1
 90
       50
176
     1
 90
       50
176
     1
 90
       50
176
     1
290
     0
176
     1
 90
       50
176
     1
 62
   256
176
     0
 40
1.0
176
     0
 90
        2
176
     1
  1
strokes_ogs.tif
176
     1
290
     0
176
     1
 40
1.0
176
     1
 40
1.0
176
     1
  0
VISUALSTYLE
  5
4826
102
{ACAD_REACTORS
330
15F
102
}
330
15F
100
AcDbVisualStyle
  2
Shades of Gray
 70
    23
177
     3
291
     0
 70
    58
 90
        2
176
     1
 90
        2
176
     1
 90
        3
176
     1
 90
        0
176
     1
 40
0.6
176
     1
 40
30.0
176
     1
 62
     7
176
     1
 90
        2
176
     1
 90
        2
176
     1
 62
     7
176
     1
 62
     7
176
     1
 90
        1
176
     1
 90
        1
176
     1
 40
40.0
176
     1
 90
        8
176
     1
 62
     7
176
     1
 40
1.0
176
     1
 90
        1
176
     1
 90
        6
176
     1
 90
        2
176
     1
 62
     7
176
     1
 90
        3
176
     1
 90
        0
176
     1
 90
        0
176
     1
290
     0
176
     1
 90
        1
176
     1
 40
0.0
176
     1
 90
        0
176
     1
290
     0
176
     1
290
     1
176
     1
290
     1
176
     1
290
     0
176
     1
290
     0
176
     1
290
     0
176
     1
290
     0
176
     1
290
     0
176
     1
290
     0
176
     1
 90
       50
176
     1
 40
0.0
176
     1
 40
1.0
176
     1
 90
        0
176
     1
 62
    18
420
        0
176
     1
 90
       50
176
     1
 90
        3
176
     1
 62
     5
420
      255
176
     1
290
     0
176
     1
 90
       50
176
     1
 90
       50
176
     1
 90
       50
176
     1
290
     0
176
     1
 90
       50
176
     1
 62
   256
176
     0
 40
1.0
176
     0
 90
        2
176
     1
  1
strokes_ogs.tif
176
     1
290
     0
176
     1
 40
1.0
176
     1
 40
1.0
176
     1
  0
VISUALSTYLE
  5
4827
102
{ACAD_REACTORS
330
15F
102
}
330
15F
100
AcDbVisualStyle
  2
Sketchy
 70
    24
177
     3
291
     0
 70
    58
 90
        1
176
     1
 90
        2
176
     1
 90
        2
176
     1
 90
        0
176
     1
 40
0.6
176
     1
 40
30.0
176
     1
 62
     7
176
     1
 90
        2
176
     1
 90
        2
176
     1
 62
     7
176
     1
 62
     7
176
     1
 90
        1
176
     1
 90
        1
176
     1
 40
40.0
176
     1
 90
       11
176
     1
 62
     7
176
     1
 40
1.0
176
     1
 90
        1
176
     1
 90
        6
176
     1
 90
        2
176
     1
 62
     7
176
     1
 90
        6
176
     1
 90
        0
176
     1
 90
        0
176
     1
290
     0
176
     1
 90
        1
176
     1
 40
0.0
176
     1
 90
        0
176
     1
290
     0
176
     1
290
     1
176
     1
290
     1
176
     1
290
     0
176
     1
290
     0
176
     1
290
     0
176
     1
290
     0
176
     1
290
     0
176
     1
290
     0
176
     1
 90
       50
176
     1
 40
0.0
176
     1
 40
1.0
176
     1
 90
        0
176
     1
 62
    18
420
        0
176
     1
 90
       50
176
     1
 90
        3
176
     1
 62
     5
420
      255
176
     1
290
     0
176
     1
 90
       50
176
     1
 90
       50
176
     1
 90
       50
176
     1
290
     0
176
     1
 90
       50
176
     1
 62
   256
176
     0
 40
1.0
176
     0
 90
        2
176
     1
  1
strokes_ogs.tif
176
     1
290
     0
176
     1
 40
1.0
176
     1
 40
1.0
176
     1
  0
VISUALSTYLE
  5
16C
102
{ACAD_REACTORS
330
15F
102
}
330
15F
100
AcDbVisualStyle
  2
Thicken
 70
    13
177
     3
291
     1
 70
    58
 90
        2
176
     1
 90
        2
176
     1
 90
        0
176
     1
 90
        0
176
     1
 40
0.6
176
     1
 40
30.0
176
     1
 62
     7
176
     1
 90
        1
176
     1
 90
        4
176
     1
 62
     7
176
     1
 62
   257
176
     1
 90
        1
176
     1
 90
        1
176
     1
 40
1.0
176
     1
 90
       12
176
     1
 62
     7
176
     1
 40
1.0
176
     1
 90
        1
176
     1
 90
        6
176
     1
 90
        2
176
     1
 62
     7
176
     1
 90
        5
176
     1
 90
        0
176
     1
 90
        0
176
     1
290
     0
176
     1
 90
        1
176
     1
 40
0.0
176
     1
 90
        0
176
     1
290
     0
176
     1
290
     1
176
     1
290
     1
176
     1
290
     0
176
     1
290
     0
176
     1
290
     0
176
     1
290
     0
176
     1
290
     0
176
     1
290
     0
176
     1
 90
       50
176
     1
 40
0.0
176
     1
 40
1.0
176
     1
 90
        0
176
     1
 62
    18
420
        0
176
     1
 90
       50
176
     1
 90
        3
176
     1
 62
     5
420
      255
176
     1
290
     0
176
     1
 90
       50
176
     1
 90
       50
176
     1
 90
       50
176
     1
290
     0
176
     1
 90
       50
176
     1
 62
   256
176
     0
 40
1.0
176
     0
 90
        2
176
     1
  1
strokes_ogs.tif
176
     1
290
     0
176
     1
 40
1.0
176
     1
 40
1.0
176
     1
  0
VISUALSTYLE
  5
4824
102
{ACAD_REACTORS
330
15F
102
}
330
15F
100
AcDbVisualStyle
  2
Wireframe
 70
     5
177
     3
291
     0
 70
    58
 90
        0
176
     1
 90
        2
176
     1
 90
        0
176
     1
 90
        0
176
     1
 40
0.6
176
     1
 40
30.0
176
     1
 62
     7
176
     1
 90
        1
176
     1
 90
        4
176
     1
 62
     7
176
     1
 62
   257
176
     1
 90
        1
176
     1
 90
        1
176
     1
 40
1.0
176
     1
 90
        0
176
     1
 62
   257
176
     1
 40
1.0
176
     1
 90
        1
176
     1
 90
        6
176
     1
 90
        2
176
     1
 62
     7
176
     1
 90
        3
176
     1
 90
        0
176
     1
 90
        0
176
     1
290
     0
176
     1
 90
        1
176
     1
 40
0.0
176
     1
 90
        0
176
     1
290
     0
176
     1
290
     1
176
     1
290
     1
176
     1
290
     0
176
     1
290
     0
176
     1
290
     0
176
     1
290
     0
176
     1
290
     0
176
     1
290
     0
176
     1
 90
       50
176
     1
 40
0.0
176
     1
 40
1.0
176
     1
 90
        0
176
     1
 62
    18
420
        0
176
     1
 90
       50
176
     1
 90
        3
176
     1
 62
     5
420
      255
176
     1
290
     0
176
     1
 90
       50
176
     1
 90
       50
176
     1
 90
       50
176
     1
290
     0
176
     1
 90
       50
176
     1
 62
   256
176
     0
 40
1.0
176
     0
 90
        2
176
     1
  1
strokes_ogs.tif
176
     1
290
     0
176
     1
 40
1.0
176
     1
 40
1.0
176
     1
  0
VISUALSTYLE
  5
4828
102
{ACAD_REACTORS
330
15F
102
}
330
15F
100
AcDbVisualStyle
  2
X-Ray
 70
    25
177
     3
291
     0
 70
    58
 90
        2
176
     1
 90
        2
176
     1
 90
        1
176
     1
 90
        1
176
     1
 40
0.5
176
     1
 40
30.0
176
     1
 62
     7
176
     1
 90
        1
176
     1
 90
        0
176
     1
 62
     7
176
     1
 62
   257
176
     1
 90
        1
176
     1
 90
        1
176
     1
 40
1.0
176
     1
 90
        8
176
     1
 62
     7
176
     1
 40
1.0
176
     1
 90
        1
176
     1
 90
        6
176
     1
 90
        2
176
     1
 62
     7
176
     1
 90
        3
176
     1
 90
        0
176
     1
 90
        0
176
     1
290
     0
176
     1
 90
       13
176
     1
 40
0.0
176
     1
 90
        0
176
     1
290
     0
176
     1
290
     1
176
     1
290
     1
176
     1
290
     0
176
     1
290
     0
176
     1
290
     0
176
     1
290
     0
176
     1
290
     0
176
     1
290
     0
176
     1
 90
       50
176
     1
 40
0.0
176
     1
 40
1.0
176
     1
 90
        0
176
     1
 62
    18
420
        0
176
     1
 90
       50
176
     1
 90
        3
176
     1
 62
     5
420
      255
176
     1
290
     0
176
     1
 90
       50
176
     1
 90
       50
176
     1
 90
       50
176
     1
290
     0
176
     1
 90
       50
176
     1
 62
   256
176
     0
 40
1.0
176
     0
 90
        2
176
     1
  1
strokes_ogs.tif
176
     1
290
     0
176
     1
 40
1.0
176
     1
 40
1.0
176
     1
  0
DICTIONARYVAR
  5
44AA
102
{ACAD_REACTORS
330
44A6
102
}
330
44A6
100
DictionaryVariables
280
     0
  1
1:1
  0
DICTIONARYVAR
  5
44A8
102
{ACAD_REACTORS
330
44A6
102
}
330
44A6
100
DictionaryVariables
280
     0
  1
STANDARD
  0
DICTIONARYVAR
  5
44A7
102
{ACAD_REACTORS
330
44A6
102
}
330
44A6
100
DictionaryVariables
280
     0
  1
STANDARD
  0
DICTIONARYVAR
  5
5060
102
{ACAD_REACTORS
330
44A6
102
}
330
44A6
100
DictionaryVariables
280
     0
  1
Imperial24
  0
DICTIONARYVAR
  5
5061
102
{ACAD_REACTORS
330
44A6
102
}
330
44A6
100
DictionaryVariables
280
     0
  1
Imperial24
  0
DICTIONARYVAR
  5
4723
102
{ACAD_REACTORS
330
44A6
102
}
330
44A6
100
DictionaryVariables
280
     0
  1
1
  0
DICTIONARYVAR
  5
4722
102
{ACAD_REACTORS
330
44A6
102
}
330
44A6
100
DictionaryVariables
280
     0
  1
0
  0
DICTIONARYVAR
  5
5CE7
102
{ACAD_REACTORS
330
44A6
102
}
330
44A6
100
DictionaryVariables
280
     0
  1
1
  0
DICTIONARYVAR
  5
5CE8
102
{ACAD_REACTORS
330
44A6
102
}
330
44A6
100
DictionaryVariables
280
     0
  1
15
  0
DICTIONARYVAR
  5
44AB
102
{ACAD_REACTORS
330
44A6
102
}
330
44A6
100
DictionaryVariables
280
     0
  1
0
  0
DICTIONARYVAR
  5
44A9
102
{ACAD_REACTORS
330
44A6
102
}
330
44A6
100
DictionaryVariables
280
     0
  1
0
  0
DICTIONARYVAR
  5
4721
102
{ACAD_REACTORS
330
44A6
102
}
330
44A6
100
DictionaryVariables
280
     0
  1
127
  0
XRECORD
  5
5D76
102
{ACAD_REACTORS
330
B5
102
}
330
B5
100
AcDbXrecord
280
     1
1000
ADE02C001
1070
     1
1070
     0
1002
{
1002
}
1002
{
1002
}
1002
{
1002
}
1000

  0
ACAD_PROXY_OBJECT
  5
4561
102
{ACAD_REACTORS
330
44B7
102
}
330
44B7
100
AcDbProxyObject
 90
      499
 91
      680
 71
    23
 97
       15
 70
     0
161
                98
310
4CB4D1329338004C932C11C08C
340
0
 94
        0
1001
ACAD
1000
AcRTDxfName
1000
AECC_DISP_REP_FEATURE_LINE
1000
AcRTDxfName
1000
AECC_DISP_REP_FEATURE_LINE
1000
AcRTDxfName
1000
AECC_DISP_REP_FEATURE_LINE
1000
AcRTDxfName
1000
AECC_DISP_REP_FEATURE_LINE
1000
AcRTDxfName
1000
AECC_DISP_REP_FEATURE_LINE
1001
AcadCodePageInfo
1000
CodePage
1070
    40
  0
ACAD_PROXY_OBJECT
  5
4562
102
{ACAD_REACTORS
330
44B7
102
}
330
44B7
100
AcDbProxyObject
 90
      499
 91
      681
 71
    23
 97
       15
 70
     0
161
                98
310
4CB4D1329338004C932C11C08C
340
0
 94
        0
1001
ACAD
1000
AcRTDxfName
1000
AECC_DISP_REP_GRADING
1000
AcRTDxfName
1000
AECC_DISP_REP_GRADING
1000
AcRTDxfName
1000
AECC_DISP_REP_GRADING
1000
AcRTDxfName
1000
AECC_DISP_REP_GRADING
1000
AcRTDxfName
1000
AECC_DISP_REP_GRADING
1001
AcadCodePageInfo
1000
CodePage
1070
    40
  0
ACAD_PROXY_OBJECT
  5
4563
102
{ACAD_REACTORS
330
44B7
102
}
330
44B7
100
AcDbProxyObject
 90
      499
 91
      682
 71
    23
 97
       15
 70
     0
161
                98
310
4CB4D1329338004C932C11C08C
340
0
 94
        0
1001
ACAD
1000
AcRTDxfName
1000
AECC_DISP_REP_GRAPH
1000
AcRTDxfName
1000
AECC_DISP_REP_GRAPH
1000
AcRTDxfName
1000
AECC_DISP_REP_GRAPH
1000
AcRTDxfName
1000
AECC_DISP_REP_GRAPH
1000
AcRTDxfName
1000
AECC_DISP_REP_GRAPH
1001
AcadCodePageInfo
1000
CodePage
1070
    40
  0
ACAD_PROXY_OBJECT
  5
4564
102
{ACAD_REACTORS
330
44B7
102
}
330
44B7
100
AcDbProxyObject
 90
      499
 91
      683
 71
    23
 97
       15
 70
     0
161
                98
310
4CB4D1329338004C932C11C08C
340
0
 94
        0
1001
ACAD
1000
AcRTDxfName
1000
AECC_DISP_REP_SECTION_VIEW
1000
AcRTDxfName
1000
AECC_DISP_REP_SECTION_VIEW
1000
AcRTDxfName
1000
AECC_DISP_REP_SECTION_VIEW
1000
AcRTDxfName
1000
AECC_DISP_REP_SECTION_VIEW
1000
AcRTDxfName
1000
AECC_DISP_REP_SECTION_VIEW
1001
AcadCodePageInfo
1000
CodePage
1070
    40
  0
ACAD_PROXY_OBJECT
  5
4565
102
{ACAD_REACTORS
330
44B7
102
}
330
44B7
100
AcDbProxyObject
 90
      499
 91
      684
 71
    23
 97
       15
 70
     0
161
                98
310
4CB4D1329338004C932C11C08C
340
0
 94
        0
1001
ACAD
1000
AcRTDxfName
1000
AECC_DISP_REP_PROFILE_VIEW
1000
AcRTDxfName
1000
AECC_DISP_REP_PROFILE_VIEW
1000
AcRTDxfName
1000
AECC_DISP_REP_PROFILE_VIEW
1000
AcRTDxfName
1000
AECC_DISP_REP_PROFILE_VIEW
1000
AcRTDxfName
1000
AECC_DISP_REP_PROFILE_VIEW
1001
AcadCodePageInfo
1000
CodePage
1070
    40
  0
ACAD_PROXY_OBJECT
  5
45C3
102
{ACAD_REACTORS
330
44B7
102
}
330
44B7
100
AcDbProxyObject
 90
      499
 91
      778
 71
    23
 97
       15
 70
     0
161
                98
310
4CB4D1329338004C932C11C08C
340
0
 94
        0
1001
ACAD
1000
AcRTDxfName
1000
AECC_DISP_REP_GRAPHPROFILE_NETWORKPART
1000
AcRTDxfName
1000
AECC_DISP_REP_GRAPHPROFILE_NETWORKPART
1000
AcRTDxfName
1000
AECC_DISP_REP_GRAPHPROFILE_NETWORKPART
1000
AcRTDxfName
1000
AECC_DISP_REP_GRAPHPROFILE_NETWORKPART
1000
AcRTDxfName
1000
AECC_DISP_REP_GRAPHPROFILE_NETWORKPART
1001
AcadCodePageInfo
1000
CodePage
1070
    40
  0
ACAD_PROXY_OBJECT
  5
45C4
102
{ACAD_REACTORS
330
44B7
102
}
330
44B7
100
AcDbProxyObject
 90
      499
 91
      779
 71
    23
 97
       15
 70
     0
161
                98
310
4CB4D1329338004C932C11C08C
340
0
 94
        0
1001
ACAD
1000
AcRTDxfName
1000
AECC_DISP_REP_INTERFERENCE_PART
1000
AcRTDxfName
1000
AECC_DISP_REP_INTERFERENCE_PART
1000
AcRTDxfName
1000
AECC_DISP_REP_INTERFERENCE_PART
1000
AcRTDxfName
1000
AECC_DISP_REP_INTERFERENCE_PART
1000
AcRTDxfName
1000
AECC_DISP_REP_INTERFERENCE_PART
1001
AcadCodePageInfo
1000
CodePage
1070
    40
  0
ACAD_PROXY_OBJECT
  5
45C5
102
{ACAD_REACTORS
330
44B7
102
}
330
44B7
100
AcDbProxyObject
 90
      499
 91
      780
 71
    23
 97
       15
 70
     0
161
                98
310
4CB4D1329338004C932C11C08C
340
0
 94
        0
1001
ACAD
1000
AcRTDxfName
1000
AECC_DISP_REP_INTERFERENCE_CHECK
1000
AcRTDxfName
1000
AECC_DISP_REP_INTERFERENCE_CHECK
1000
AcRTDxfName
1000
AECC_DISP_REP_INTERFERENCE_CHECK
1000
AcRTDxfName
1000
AECC_DISP_REP_INTERFERENCE_CHECK
1000
AcRTDxfName
1000
AECC_DISP_REP_INTERFERENCE_CHECK
1001
AcadCodePageInfo
1000
CodePage
1070
    40
  0
ACAD_PROXY_OBJECT
  5
45D2
102
{ACAD_REACTORS
330
44B7
102
}
330
44B7
100
AcDbProxyObject
 90
      499
 91
      793
 71
    23
 97
       15
 70
     0
161
                98
310
4CB4D1329338004C932C11C08C
340
0
 94
        0
1001
ACAD
1000
AcRTDxfName
1000
AECC_DISP_REP_MATCH_LINE
1000
AcRTDxfName
1000
AECC_DISP_REP_MATCH_LINE
1000
AcRTDxfName
1000
AECC_DISP_REP_MATCH_LINE
1000
AcRTDxfName
1000
AECC_DISP_REP_MATCH_LINE
1000
AcRTDxfName
1000
AECC_DISP_REP_MATCH_LINE
1001
AcadCodePageInfo
1000
CodePage
1070
    40
  0
ACAD_PROXY_OBJECT
  5
4566
102
{ACAD_REACTORS
330
44B7
102
}
330
44B7
100
AcDbProxyObject
 90
      499
 91
      685
 71
    23
 97
       15
 70
     0
161
                98
310
4CB4D1329338004C932C11C08C
340
0
 94
        0
1001
ACAD
1000
AcRTDxfName
1000
AECC_DISP_REP_MATERIAL_SECTION
1000
AcRTDxfName
1000
AECC_DISP_REP_MATERIAL_SECTION
1000
AcRTDxfName
1000
AECC_DISP_REP_MATERIAL_SECTION
1000
AcRTDxfName
1000
AECC_DISP_REP_MATERIAL_SECTION
1000
AcRTDxfName
1000
AECC_DISP_REP_MATERIAL_SECTION
1001
AcadCodePageInfo
1000
CodePage
1070
    40
  0
ACAD_PROXY_OBJECT
  5
45C6
102
{ACAD_REACTORS
330
44B7
102
}
330
44B7
100
AcDbProxyObject
 90
      499
 91
      781
 71
    23
 97
       15
 70
     0
161
                98
310
4CB4D1329338004C932C11C08C
340
0
 94
        0
1001
ACAD
1000
AcRTDxfName
1000
AECC_DISP_REP_NETWORK
1000
AcRTDxfName
1000
AECC_DISP_REP_NETWORK
1000
AcRTDxfName
1000
AECC_DISP_REP_NETWORK
1000
AcRTDxfName
1000
AECC_DISP_REP_NETWORK
1000
AcRTDxfName
1000
AECC_DISP_REP_NETWORK
1001
AcadCodePageInfo
1000
CodePage
1070
    40
  0
ACAD_PROXY_OBJECT
  5
45C7
102
{ACAD_REACTORS
330
44B7
102
}
330
44B7
100
AcDbProxyObject
 90
      499
 91
      782
 71
    23
 97
       15
 70
     0
161
                98
310
4CB4D1329338004C932C11C08C
340
0
 94
        0
1001
ACAD
1000
AcRTDxfName
1000
AECC_DISP_REP_PIPE
1000
AcRTDxfName
1000
AECC_DISP_REP_PIPE
1000
AcRTDxfName
1000
AECC_DISP_REP_PIPE
1000
AcRTDxfName
1000
AECC_DISP_REP_PIPE
1000
AcRTDxfName
1000
AECC_DISP_REP_PIPE
1001
AcadCodePageInfo
1000
CodePage
1070
    40
  0
ACAD_PROXY_OBJECT
  5
4567
102
{ACAD_REACTORS
330
44B7
102
}
330
44B7
100
AcDbProxyObject
 90
      499
 91
      686
 71
    23
 97
       15
 70
     0
161
                98
310
4CB4D1329338004C932C11C08C
340
0
 94
        0
1001
ACAD
1000
AcRTDxfName
1000
AECC_DISP_REP_QUANTITY_TAKEOFF_AGGREGATE_EARTHWORK_TABLE
1000
AcRTDxfName
1000
AECC_DISP_REP_QUANTITY_TAKEOFF_AGGREGATE_EARTHWORK_TABLE
1000
AcRTDxfName
1000
AECC_DISP_REP_QUANTITY_TAKEOFF_AGGREGATE_EARTHWORK_TABLE
1000
AcRTDxfName
1000
AECC_DISP_REP_QUANTITY_TAKEOFF_AGGREGATE_EARTHWORK_TABLE
1000
AcRTDxfName
1000
AECC_DISP_REP_QUANTITY_TAKEOFF_AGGREGATE_EARTHWORK_TABLE
1001
AcadCodePageInfo
1000
CodePage
1070
    40
  0
ACAD_PROXY_OBJECT
  5
4568
102
{ACAD_REACTORS
330
44B7
102
}
330
44B7
100
AcDbProxyObject
 90
      499
 91
      687
 71
    23
 97
       15
 70
     0
161
                98
310
4CB4D1329338004C932C11C08C
340
0
 94
        0
1001
ACAD
1000
AcRTDxfName
1000
AECC_DISP_REP_SAMPLE_LINE
1000
AcRTDxfName
1000
AECC_DISP_REP_SAMPLE_LINE
1000
AcRTDxfName
1000
AECC_DISP_REP_SAMPLE_LINE
1000
AcRTDxfName
1000
AECC_DISP_REP_SAMPLE_LINE
1000
AcRTDxfName
1000
AECC_DISP_REP_SAMPLE_LINE
1001
AcadCodePageInfo
1000
CodePage
1070
    40
  0
ACAD_PROXY_OBJECT
  5
4569
102
{ACAD_REACTORS
330
44B7
102
}
330
44B7
100
AcDbProxyObject
 90
      499
 91
      688
 71
    23
 97
       15
 70
     0
161
                98
310
4CB4D1329338004C932C11C08C
340
0
 94
        0
1001
ACAD
1000
AcRTDxfName
1000
AECC_DISP_REP_SAMPLE_LINE_GROUP
1000
AcRTDxfName
1000
AECC_DISP_REP_SAMPLE_LINE_GROUP
1000
AcRTDxfName
1000
AECC_DISP_REP_SAMPLE_LINE_GROUP
1000
AcRTDxfName
1000
AECC_DISP_REP_SAMPLE_LINE_GROUP
1000
AcRTDxfName
1000
AECC_DISP_REP_SAMPLE_LINE_GROUP
1001
AcadCodePageInfo
1000
CodePage
1070
    40
  0
ACAD_PROXY_OBJECT
  5
456A
102
{ACAD_REACTORS
330
44B7
102
}
330
44B7
100
AcDbProxyObject
 90
      499
 91
      689
 71
    23
 97
       15
 70
     0
161
                98
310
4CB4D1329338004C932C11C08C
340
0
 94
        0
1001
ACAD
1000
AcRTDxfName
1000
AECC_DISP_REP_SECTION
1000
AcRTDxfName
1000
AECC_DISP_REP_SECTION
1000
AcRTDxfName
1000
AECC_DISP_REP_SECTION
1000
AcRTDxfName
1000
AECC_DISP_REP_SECTION
1000
AcRTDxfName
1000
AECC_DISP_REP_SECTION
1001
AcadCodePageInfo
1000
CodePage
1070
    40
  0
ACAD_PROXY_OBJECT
  5
45D6
102
{ACAD_REACTORS
330
44B7
102
}
330
44B7
100
AcDbProxyObject
 90
      499
 91
      797
 71
    23
 97
       15
 70
     0
161
                98
310
4CB4D1329338004C932C11C08C
340
0
 94
        0
1001
ACAD
1000
AcRTDxfName
1000
AECC_DISP_REP_SECTION_CORRIDOR
1000
AcRTDxfName
1000
AECC_DISP_REP_SECTION_CORRIDOR
1000
AcRTDxfName
1000
AECC_DISP_REP_SECTION_CORRIDOR
1000
AcRTDxfName
1000
AECC_DISP_REP_SECTION_CORRIDOR
1000
AcRTDxfName
1000
AECC_DISP_REP_SECTION_CORRIDOR
1001
AcadCodePageInfo
1000
CodePage
1070
    40
  0
ACAD_PROXY_OBJECT
  5
45C8
102
{ACAD_REACTORS
330
44B7
102
}
330
44B7
100
AcDbProxyObject
 90
      499
 91
      783
 71
    23
 97
       15
 70
     0
161
                98
310
4CB4D1329338004C932C11C08C
340
0
 94
        0
1001
ACAD
1000
AcRTDxfName
1000
AECC_DISP_REP_SECTION_PIPENETWORK
1000
AcRTDxfName
1000
AECC_DISP_REP_SECTION_PIPENETWORK
1000
AcRTDxfName
1000
AECC_DISP_REP_SECTION_PIPENETWORK
1000
AcRTDxfName
1000
AECC_DISP_REP_SECTION_PIPENETWORK
1000
AcRTDxfName
1000
AECC_DISP_REP_SECTION_PIPENETWORK
1001
AcadCodePageInfo
1000
CodePage
1070
    40
  0
ACAD_PROXY_OBJECT
  5
456B
102
{ACAD_REACTORS
330
44B7
102
}
330
44B7
100
AcDbProxyObject
 90
      499
 91
      690
 71
    23
 97
       15
 70
     0
161
                98
310
4CB4D1329338004C932C11C08C
340
0
 94
        0
1001
ACAD
1000
AcRTDxfName
1000
AECC_DISP_REP_SECTION_VIEW_QUANTITY_TAKEOFF_TABLE
1000
AcRTDxfName
1000
AECC_DISP_REP_SECTION_VIEW_QUANTITY_TAKEOFF_TABLE
1000
AcRTDxfName
1000
AECC_DISP_REP_SECTION_VIEW_QUANTITY_TAKEOFF_TABLE
1000
AcRTDxfName
1000
AECC_DISP_REP_SECTION_VIEW_QUANTITY_TAKEOFF_TABLE
1000
AcRTDxfName
1000
AECC_DISP_REP_SECTION_VIEW_QUANTITY_TAKEOFF_TABLE
1001
AcadCodePageInfo
1000
CodePage
1070
    40
  0
ACAD_PROXY_OBJECT
  5
456C
102
{ACAD_REACTORS
330
44B7
102
}
330
44B7
100
AcDbProxyObject
 90
      499
 91
      691
 71
    23
 97
       15
 70
     0
161
                98
310
4CB4D1329338004C932C11C08C
340
0
 94
        0
1001
ACAD
1000
AcRTDxfName
1000
AECC_DISP_REP_SHEET
1000
AcRTDxfName
1000
AECC_DISP_REP_SHEET
1000
AcRTDxfName
1000
AECC_DISP_REP_SHEET
1000
AcRTDxfName
1000
AECC_DISP_REP_SHEET
1000
AcRTDxfName
1000
AECC_DISP_REP_SHEET
1001
AcadCodePageInfo
1000
CodePage
1070
    40
  0
ACAD_PROXY_OBJECT
  5
45C9
102
{ACAD_REACTORS
330
44B7
102
}
330
44B7
100
AcDbProxyObject
 90
      499
 91
      784
 71
    23
 97
       15
 70
     0
161
                98
310
4CB4D1329338004C932C11C08C
340
0
 94
        0
1001
ACAD
1000
AcRTDxfName
1000
AECC_DISP_REP_STRUCTURE
1000
AcRTDxfName
1000
AECC_DISP_REP_STRUCTURE
1000
AcRTDxfName
1000
AECC_DISP_REP_STRUCTURE
1000
AcRTDxfName
1000
AECC_DISP_REP_STRUCTURE
1000
AcRTDxfName
1000
AECC_DISP_REP_STRUCTURE
1001
AcadCodePageInfo
1000
CodePage
1070
    40
  0
ACAD_PROXY_OBJECT
  5
456D
102
{ACAD_REACTORS
330
44B7
102
}
330
44B7
100
AcDbProxyObject
 90
      499
 91
      692
 71
    23
 97
       15
 70
     0
161
                98
310
4CB4D1329338004C932C11C08C
340
0
 94
        0
1001
ACAD
1000
AcRTDxfName
1000
AECC_DISP_REP_GRID_SURFACE
1000
AcRTDxfName
1000
AECC_DISP_REP_GRID_SURFACE
1000
AcRTDxfName
1000
AECC_DISP_REP_GRID_SURFACE
1000
AcRTDxfName
1000
AECC_DISP_REP_GRID_SURFACE
1000
AcRTDxfName
1000
AECC_DISP_REP_GRID_SURFACE
1001
AcadCodePageInfo
1000
CodePage
1070
    40
  0
ACAD_PROXY_OBJECT
  5
456E
102
{ACAD_REACTORS
330
44B7
102
}
330
44B7
100
AcDbProxyObject
 90
      499
 91
      693
 71
    23
 97
       15
 70
     0
161
                98
310
4CB4D1329338004C932C11C08C
340
0
 94
        0
1001
ACAD
1000
AcRTDxfName
1000
AECC_DISP_REP_TIN_SURFACE
1000
AcRTDxfName
1000
AECC_DISP_REP_TIN_SURFACE
1000
AcRTDxfName
1000
AECC_DISP_REP_TIN_SURFACE
1000
AcRTDxfName
1000
AECC_DISP_REP_TIN_SURFACE
1000
AcRTDxfName
1000
AECC_DISP_REP_TIN_SURFACE
1001
AcadCodePageInfo
1000
CodePage
1070
    40
  0
ACAD_PROXY_OBJECT
  5
456F
102
{ACAD_REACTORS
330
44B7
102
}
330
44B7
100
AcDbProxyObject
 90
      499
 91
      694
 71
    23
 97
       15
 70
     0
161
                98
310
4CB4D1329338004C932C11C08C
340
0
 94
        0
1001
ACAD
1000
AcRTDxfName
1000
AECC_DISP_REP_PROFILE
1000
AcRTDxfName
1000
AECC_DISP_REP_PROFILE
1000
AcRTDxfName
1000
AECC_DISP_REP_PROFILE
1000
AcRTDxfName
1000
AECC_DISP_REP_PROFILE
1000
AcRTDxfName
1000
AECC_DISP_REP_PROFILE
1001
AcadCodePageInfo
1000
CodePage
1070
    40
  0
ACAD_PROXY_OBJECT
  5
45D3
102
{ACAD_REACTORS
330
44B7
102
}
330
44B7
100
AcDbProxyObject
 90
      499
 91
      794
 71
    23
 97
       15
 70
     0
161
                98
310
4CB4D1329338004C932C11C08C
340
0
 94
        0
1001
ACAD
1000
AcRTDxfName
1000
AECC_DISP_REP_VIEW_FRAME
1000
AcRTDxfName
1000
AECC_DISP_REP_VIEW_FRAME
1000
AcRTDxfName
1000
AECC_DISP_REP_VIEW_FRAME
1000
AcRTDxfName
1000
AECC_DISP_REP_VIEW_FRAME
1000
AcRTDxfName
1000
AECC_DISP_REP_VIEW_FRAME
1001
AcadCodePageInfo
1000
CodePage
1070
    40
  0
ACAD_PROXY_OBJECT
  5
4570
102
{ACAD_REACTORS
330
44B7
102
}
330
44B7
100
AcDbProxyObject
 90
      499
 91
      695
 71
    23
 97
       15
 70
     0
161
                98
310
4CB4D1329338004C932C11C08C
340
0
 94
        0
1001
ACAD
1000
AcRTDxfName
1000
AECC_DISP_REP_ALIGNMENT
1000
AcRTDxfName
1000
AECC_DISP_REP_ALIGNMENT
1000
AcRTDxfName
1000
AECC_DISP_REP_ALIGNMENT
1000
AcRTDxfName
1000
AECC_DISP_REP_ALIGNMENT
1000
AcRTDxfName
1000
AECC_DISP_REP_ALIGNMENT
1001
AcadCodePageInfo
1000
CodePage
1070
    40
  0
ACAD_PROXY_OBJECT
  5
4572
102
{ACAD_REACTORS
330
44B7
102
}
330
44B7
100
AcDbProxyObject
 90
      499
 91
      697
 71
    23
 97
       15
 70
     0
161
               116
310
4CB4D1329338004C932C11C084702C
340
0
 94
        0
1001
ACAD
1000
AcRTDxfName
1000
AECC_DISP_REP_ALIGNMENT_CURVE_LABEL
1000
AcRTDxfName
1000
AECC_DISP_REP_ALIGNMENT_CURVE_LABEL
1000
AcRTDxfName
1000
AECC_DISP_REP_ALIGNMENT_CURVE_LABEL
1000
AcRTDxfName
1000
AECC_DISP_REP_ALIGNMENT_CURVE_LABEL
1000
AcRTDxfName
1000
AECC_DISP_REP_ALIGNMENT_CURVE_LABEL
1001
AcadCodePageInfo
1000
CodePage
1070
    40
  0
ACAD_PROXY_OBJECT
  5
4573
102
{ACAD_REACTORS
330
44B7
102
}
330
44B7
100
AcDbProxyObject
 90
      499
 91
      698
 71
    23
 97
       15
 70
     0
161
               116
310
4CB4D1329338004C932C11C084702C
340
0
 94
        0
1001
ACAD
1000
AcRTDxfName
1000
AECC_DISP_REP_ALIGNMENT_DESIGNSPEED_LABEL_GROUP
1000
AcRTDxfName
1000
AECC_DISP_REP_ALIGNMENT_DESIGNSPEED_LABEL_GROUP
1000
AcRTDxfName
1000
AECC_DISP_REP_ALIGNMENT_DESIGNSPEED_LABEL_GROUP
1000
AcRTDxfName
1000
AECC_DISP_REP_ALIGNMENT_DESIGNSPEED_LABEL_GROUP
1000
AcRTDxfName
1000
AECC_DISP_REP_ALIGNMENT_DESIGNSPEED_LABEL_GROUP
1001
AcadCodePageInfo
1000
CodePage
1070
    40
  0
ACAD_PROXY_OBJECT
  5
4574
102
{ACAD_REACTORS
330
44B7
102
}
330
44B7
100
AcDbProxyObject
 90
      499
 91
      699
 71
    23
 97
       15
 70
     0
161
               116
310
4CB4D1329338004C932C11C084702C
340
0
 94
        0
1001
ACAD
1000
AcRTDxfName
1000
AECC_DISP_REP_ALIGNMENT_GEOMPT_LABEL_GROUP
1000
AcRTDxfName
1000
AECC_DISP_REP_ALIGNMENT_GEOMPT_LABEL_GROUP
1000
AcRTDxfName
1000
AECC_DISP_REP_ALIGNMENT_GEOMPT_LABEL_GROUP
1000
AcRTDxfName
1000
AECC_DISP_REP_ALIGNMENT_GEOMPT_LABEL_GROUP
1000
AcRTDxfName
1000
AECC_DISP_REP_ALIGNMENT_GEOMPT_LABEL_GROUP
1001
AcadCodePageInfo
1000
CodePage
1070
    40
  0
ACAD_PROXY_OBJECT
  5
4575
102
{ACAD_REACTORS
330
44B7
102
}
330
44B7
100
AcDbProxyObject
 90
      499
 91
      700
 71
    23
 97
       15
 70
     0
161
               116
310
4CB4D1329338004C932C11C084702C
340
0
 94
        0
1001
ACAD
1000
AcRTDxfName
1000
AECC_DISP_REP_ALIGNMENT_MINOR_STATION_LABEL_GROUP
1000
AcRTDxfName
1000
AECC_DISP_REP_ALIGNMENT_MINOR_STATION_LABEL_GROUP
1000
AcRTDxfName
1000
AECC_DISP_REP_ALIGNMENT_MINOR_STATION_LABEL_GROUP
1000
AcRTDxfName
1000
AECC_DISP_REP_ALIGNMENT_MINOR_STATION_LABEL_GROUP
1000
AcRTDxfName
1000
AECC_DISP_REP_ALIGNMENT_MINOR_STATION_LABEL_GROUP
1001
AcadCodePageInfo
1000
CodePage
1070
    40
  0
ACAD_PROXY_OBJECT
  5
4576
102
{ACAD_REACTORS
330
44B7
102
}
330
44B7
100
AcDbProxyObject
 90
      499
 91
      701
 71
    23
 97
       15
 70
     0
161
               116
310
4CB4D1329338004C932C11C084702C
340
0
 94
        0
1001
ACAD
1000
AcRTDxfName
1000
AECC_DISP_REP_ALIGNMENT_PI_LABEL
1000
AcRTDxfName
1000
AECC_DISP_REP_ALIGNMENT_PI_LABEL
1000
AcRTDxfName
1000
AECC_DISP_REP_ALIGNMENT_PI_LABEL
1000
AcRTDxfName
1000
AECC_DISP_REP_ALIGNMENT_PI_LABEL
1000
AcRTDxfName
1000
AECC_DISP_REP_ALIGNMENT_PI_LABEL
1001
AcadCodePageInfo
1000
CodePage
1070
    40
  0
ACAD_PROXY_OBJECT
  5
4577
102
{ACAD_REACTORS
330
44B7
102
}
330
44B7
100
AcDbProxyObject
 90
      499
 91
      702
 71
    23
 97
       15
 70
     0
161
               116
310
4CB4D1329338004C932C11C084702C
340
0
 94
        0
1001
ACAD
1000
AcRTDxfName
1000
AECC_DISP_REP_ALIGNMENT_SPIRAL_LABEL
1000
AcRTDxfName
1000
AECC_DISP_REP_ALIGNMENT_SPIRAL_LABEL
1000
AcRTDxfName
1000
AECC_DISP_REP_ALIGNMENT_SPIRAL_LABEL
1000
AcRTDxfName
1000
AECC_DISP_REP_ALIGNMENT_SPIRAL_LABEL
1000
AcRTDxfName
1000
AECC_DISP_REP_ALIGNMENT_SPIRAL_LABEL
1001
AcadCodePageInfo
1000
CodePage
1070
    40
  0
ACAD_PROXY_OBJECT
  5
4578
102
{ACAD_REACTORS
330
44B7
102
}
330
44B7
100
AcDbProxyObject
 90
      499
 91
      703
 71
    23
 97
       15
 70
     0
161
               116
310
4CB4D1329338004C932C11C084702C
340
0
 94
        0
1001
ACAD
1000
AcRTDxfName
1000
AECC_DISP_REP_ALIGNMENT_STAEQU_LABEL_GROUP
1000
AcRTDxfName
1000
AECC_DISP_REP_ALIGNMENT_STAEQU_LABEL_GROUP
1000
AcRTDxfName
1000
AECC_DISP_REP_ALIGNMENT_STAEQU_LABEL_GROUP
1000
AcRTDxfName
1000
AECC_DISP_REP_ALIGNMENT_STAEQU_LABEL_GROUP
1000
AcRTDxfName
1000
AECC_DISP_REP_ALIGNMENT_STAEQU_LABEL_GROUP
1001
AcadCodePageInfo
1000
CodePage
1070
    40
  0
ACAD_PROXY_OBJECT
  5
4579
102
{ACAD_REACTORS
330
44B7
102
}
330
44B7
100
AcDbProxyObject
 90
      499
 91
      704
 71
    23
 97
       15
 70
     0
161
               116
310
4CB4D1329338004C932C11C084702C
340
0
 94
        0
1001
ACAD
1000
AcRTDxfName
1000
AECC_DISP_REP_ALIGNMENT_STATION_LABEL_GROUP
1000
AcRTDxfName
1000
AECC_DISP_REP_ALIGNMENT_STATION_LABEL_GROUP
1000
AcRTDxfName
1000
AECC_DISP_REP_ALIGNMENT_STATION_LABEL_GROUP
1000
AcRTDxfName
1000
AECC_DISP_REP_ALIGNMENT_STATION_LABEL_GROUP
1000
AcRTDxfName
1000
AECC_DISP_REP_ALIGNMENT_STATION_LABEL_GROUP
1001
AcadCodePageInfo
1000
CodePage
1070
    40
  0
ACAD_PROXY_OBJECT
  5
457A
102
{ACAD_REACTORS
330
44B7
102
}
330
44B7
100
AcDbProxyObject
 90
      499
 91
      705
 71
    23
 97
       15
 70
     0
161
                98
310
4CB4D1329338004C932C11C08C
340
0
 94
        0
1001
ACAD
1000
AcRTDxfName
1000
AECC_DISP_REP_ALIGNMENT_TABLE
1000
AcRTDxfName
1000
AECC_DISP_REP_ALIGNMENT_TABLE
1000
AcRTDxfName
1000
AECC_DISP_REP_ALIGNMENT_TABLE
1000
AcRTDxfName
1000
AECC_DISP_REP_ALIGNMENT_TABLE
1000
AcRTDxfName
1000
AECC_DISP_REP_ALIGNMENT_TABLE
1001
AcadCodePageInfo
1000
CodePage
1070
    40
  0
ACAD_PROXY_OBJECT
  5
457B
102
{ACAD_REACTORS
330
44B7
102
}
330
44B7
100
AcDbProxyObject
 90
      499
 91
      706
 71
    23
 97
       15
 70
     0
161
               116
310
4CB4D1329338004C932C11C084702C
340
0
 94
        0
1001
ACAD
1000
AcRTDxfName
1000
AECC_DISP_REP_ALIGNMENT_TANGENT_LABEL
1000
AcRTDxfName
1000
AECC_DISP_REP_ALIGNMENT_TANGENT_LABEL
1000
AcRTDxfName
1000
AECC_DISP_REP_ALIGNMENT_TANGENT_LABEL
1000
AcRTDxfName
1000
AECC_DISP_REP_ALIGNMENT_TANGENT_LABEL
1000
AcRTDxfName
1000
AECC_DISP_REP_ALIGNMENT_TANGENT_LABEL
1001
AcadCodePageInfo
1000
CodePage
1070
    40
  0
ACAD_PROXY_OBJECT
  5
457C
102
{ACAD_REACTORS
330
44B7
102
}
330
44B7
100
AcDbProxyObject
 90
      499
 91
      707
 71
    23
 97
       15
 70
     0
161
               116
310
4CB4D1329338004C932C11C084702C
340
0
 94
        0
1001
ACAD
1000
AcRTDxfName
1000
AECC_DISP_REP_ALIGNMENT_VERTICAL_GEOMPT_LABELING
1000
AcRTDxfName
1000
AECC_DISP_REP_ALIGNMENT_VERTICAL_GEOMPT_LABELING
1000
AcRTDxfName
1000
AECC_DISP_REP_ALIGNMENT_VERTICAL_GEOMPT_LABELING
1000
AcRTDxfName
1000
AECC_DISP_REP_ALIGNMENT_VERTICAL_GEOMPT_LABELING
1000
AcRTDxfName
1000
AECC_DISP_REP_ALIGNMENT_VERTICAL_GEOMPT_LABELING
1001
AcadCodePageInfo
1000
CodePage
1070
    40
  0
ACAD_PROXY_OBJECT
  5
45D7
102
{ACAD_REACTORS
330
44B7
102
}
330
44B7
100
AcDbProxyObject
 90
      499
 91
      798
 71
    23
 97
       15
 70
     0
161
                98
310
4CB4D1329338004C932C11C08C
340
0
 94
        0
1001
ACAD
1000
AcRTDxfName
1000
AECC_DISP_REP_ASSEMBLY
1000
AcRTDxfName
1000
AECC_DISP_REP_ASSEMBLY
1000
AcRTDxfName
1000
AECC_DISP_REP_ASSEMBLY
1000
AcRTDxfName
1000
AECC_DISP_REP_ASSEMBLY
1000
AcRTDxfName
1000
AECC_DISP_REP_ASSEMBLY
1001
AcadCodePageInfo
1000
CodePage
1070
    40
  0
ACAD_PROXY_OBJECT
  5
45D8
102
{ACAD_REACTORS
330
44B7
102
}
330
44B7
100
AcDbProxyObject
 90
      499
 91
      799
 71
    23
 97
       15
 70
     0
161
                98
310
4CB4D1329338004C932C11C08C
340
0
 94
        0
1001
ACAD
1000
AcRTDxfName
1000
AECC_DISP_REP_CORRIDOR
1000
AcRTDxfName
1000
AECC_DISP_REP_CORRIDOR
1000
AcRTDxfName
1000
AECC_DISP_REP_CORRIDOR
1000
AcRTDxfName
1000
AECC_DISP_REP_CORRIDOR
1000
AcRTDxfName
1000
AECC_DISP_REP_CORRIDOR
1001
AcadCodePageInfo
1000
CodePage
1070
    40
  0
ACAD_PROXY_OBJECT
  5
457D
102
{ACAD_REACTORS
330
44B7
102
}
330
44B7
100
AcDbProxyObject
 90
      499
 91
      708
 71
    23
 97
       15
 70
     0
161
                98
310
4CB4D1329338004C932C11C08C
340
0
 94
        0
1001
ACAD
1000
AcRTDxfName
1000
AECC_DISP_REP_CURVE_TABLE
1000
AcRTDxfName
1000
AECC_DISP_REP_CURVE_TABLE
1000
AcRTDxfName
1000
AECC_DISP_REP_CURVE_TABLE
1000
AcRTDxfName
1000
AECC_DISP_REP_CURVE_TABLE
1000
AcRTDxfName
1000
AECC_DISP_REP_CURVE_TABLE
1001
AcadCodePageInfo
1000
CodePage
1070
    40
  0
ACAD_PROXY_OBJECT
  5
457E
102
{ACAD_REACTORS
330
44B7
102
}
330
44B7
100
AcDbProxyObject
 90
      499
 91
      709
 71
    23
 97
       15
 70
     0
161
                98
310
4CB4D1329338004C932C11C08C
340
0
 94
        0
1001
ACAD
1000
AcRTDxfName
1000
AECC_DISP_REP_FACE
1000
AcRTDxfName
1000
AECC_DISP_REP_FACE
1000
AcRTDxfName
1000
AECC_DISP_REP_FACE
1000
AcRTDxfName
1000
AECC_DISP_REP_PARCEL
1000
AcRTDxfName
1000
AECC_DISP_REP_PARCEL
1001
AcadCodePageInfo
1000
CodePage
1070
    40
  0
ACAD_PROXY_OBJECT
  5
457F
102
{ACAD_REACTORS
330
44B7
102
}
330
44B7
100
AcDbProxyObject
 90
      499
 91
      710
 71
    23
 97
       15
 70
     0
161
                98
310
4CB4D1329338004C932C11C08C
340
0
 94
        0
1001
ACAD
1000
AcRTDxfName
1000
AECC_DISP_REP_PARCEL_TABLE
1000
AcRTDxfName
1000
AECC_DISP_REP_PARCEL_TABLE
1000
AcRTDxfName
1000
AECC_DISP_REP_PARCEL_TABLE
1000
AcRTDxfName
1000
AECC_DISP_REP_PARCEL_TABLE
1000
AcRTDxfName
1000
AECC_DISP_REP_PARCEL_TABLE
1001
AcadCodePageInfo
1000
CodePage
1070
    40
  0
ACAD_PROXY_OBJECT
  5
4580
102
{ACAD_REACTORS
330
44B7
102
}
330
44B7
100
AcDbProxyObject
 90
      499
 91
      711
 71
    23
 97
       15
 70
     0
161
                98
310
4CB4D1329338004C932C11C08C
340
0
 94
        0
1001
ACAD
1000
AcRTDxfName
1000
AECC_DISP_REP_FEATURE
1000
AcRTDxfName
1000
AECC_DISP_REP_FEATURE
1000
AcRTDxfName
1000
AECC_DISP_REP_FEATURE
1000
AcRTDxfName
1000
AECC_DISP_REP_FEATURE
1000
AcRTDxfName
1000
AECC_DISP_REP_FEATURE
1001
AcadCodePageInfo
1000
CodePage
1070
    40
  0
ACAD_PROXY_OBJECT
  5
4581
102
{ACAD_REACTORS
330
44B7
102
}
330
44B7
100
AcDbProxyObject
 90
      499
 91
      712
 71
    23
 97
       15
 70
     0
161
               116
310
4CB4D1329338004C932C11C084702C
340
0
 94
        0
1001
ACAD
1000
AcRTDxfName
1000
AECC_DISP_REP_FEATURE_LABEL
1000
AcRTDxfName
1000
AECC_DISP_REP_FEATURE_LABEL
1000
AcRTDxfName
1000
AECC_DISP_REP_FEATURE_LABEL
1000
AcRTDxfName
1000
AECC_DISP_REP_FEATURE_LABEL
1000
AcRTDxfName
1000
AECC_DISP_REP_FEATURE_LABEL
1001
AcadCodePageInfo
1000
CodePage
1070
    40
  0
ACAD_PROXY_OBJECT
  5
4582
102
{ACAD_REACTORS
330
44B7
102
}
330
44B7
100
AcDbProxyObject
 90
      499
 91
      713
 71
    23
 97
       15
 70
     0
161
               116
310
4CB4D1329338004C932C11C084702C
340
0
 94
        0
1001
ACAD
1000
AcRTDxfName
1000
AECC_DISP_REP_GENERAL_SEGMENT_LABEL
1000
AcRTDxfName
1000
AECC_DISP_REP_GENERAL_SEGMENT_LABEL
1000
AcRTDxfName
1000
AECC_DISP_REP_GENERAL_SEGMENT_LABEL
1000
AcRTDxfName
1000
AECC_DISP_REP_GENERAL_SEGMENT_LABEL
1000
AcRTDxfName
1000
AECC_DISP_REP_GENERAL_SEGMENT_LABEL
1001
AcadCodePageInfo
1000
CodePage
1070
    40
  0
ACAD_PROXY_OBJECT
  5
4571
102
{ACAD_REACTORS
330
44B7
102
}
330
44B7
100
AcDbProxyObject
 90
      499
 91
      696
 71
    23
 97
       15
 70
     0
161
                98
310
4CB4D1329338004C932C11C08C
340
0
 94
        0
1001
ACAD
1000
AcRTDxfName
1000
AECC_DISP_REP_LABELING
1000
AcRTDxfName
1000
AECC_DISP_REP_LABELING
1000
AcRTDxfName
1000
AECC_DISP_REP_LABELING
1000
AcRTDxfName
1000
AECC_DISP_REP_LABELING
1000
AcRTDxfName
1000
AECC_DISP_REP_LABELING
1001
AcadCodePageInfo
1000
CodePage
1070
    40
  0
ACAD_PROXY_OBJECT
  5
4583
102
{ACAD_REACTORS
330
44B7
102
}
330
44B7
100
AcDbProxyObject
 90
      499
 91
      714
 71
    23
 97
       15
 70
     0
161
                98
310
4CB4D1329338004C932C11C08C
340
0
 94
        0
1001
ACAD
1000
AcRTDxfName
1000
AECC_DISP_REP_LEGEND_TABLE
1000
AcRTDxfName
1000
AECC_DISP_REP_LEGEND_TABLE
1000
AcRTDxfName
1000
AECC_DISP_REP_LEGEND_TABLE
1000
AcRTDxfName
1000
AECC_DISP_REP_LEGEND_TABLE
1000
AcRTDxfName
1000
AECC_DISP_REP_LEGEND_TABLE
1001
AcadCodePageInfo
1000
CodePage
1070
    40
  0
ACAD_PROXY_OBJECT
  5
4584
102
{ACAD_REACTORS
330
44B7
102
}
330
44B7
100
AcDbProxyObject
 90
      499
 91
      715
 71
    23
 97
       15
 70
     0
161
                98
310
4CB4D1329338004C932C11C08C
340
0
 94
        0
1001
ACAD
1000
AcRTDxfName
1000
AECC_DISP_REP_PARCEL_SEGMENT
1000
AcRTDxfName
1000
AECC_DISP_REP_PARCEL_SEGMENT
1000
AcRTDxfName
1000
AECC_DISP_REP_PARCEL_SEGMENT
1000
AcRTDxfName
1000
AECC_DISP_REP_PARCEL_SEGMENT
1000
AcRTDxfName
1000
AECC_DISP_REP_PARCEL_SEGMENT
1001
AcadCodePageInfo
1000
CodePage
1070
    40
  0
ACAD_PROXY_OBJECT
  5
4585
102
{ACAD_REACTORS
330
44B7
102
}
330
44B7
100
AcDbProxyObject
 90
      499
 91
      716
 71
    23
 97
       15
 70
     0
161
                98
310
4CB4D1329338004C932C11C08C
340
0
 94
        0
1001
ACAD
1000
AcRTDxfName
1000
AECC_DISP_REP_LINE_TABLE
1000
AcRTDxfName
1000
AECC_DISP_REP_LINE_TABLE
1000
AcRTDxfName
1000
AECC_DISP_REP_LINE_TABLE
1000
AcRTDxfName
1000
AECC_DISP_REP_LINE_TABLE
1000
AcRTDxfName
1000
AECC_DISP_REP_LINE_TABLE
1001
AcadCodePageInfo
1000
CodePage
1070
    40
  0
ACAD_PROXY_OBJECT
  5
45D4
102
{ACAD_REACTORS
330
44B7
102
}
330
44B7
100
AcDbProxyObject
 90
      499
 91
      795
 71
    23
 97
       15
 70
     0
161
               116
310
4CB4D1329338004C932C11C084702C
340
0
 94
        0
1001
ACAD
1000
AcRTDxfName
1000
AECC_DISP_REP_MATCHLINE_LABELING
1000
AcRTDxfName
1000
AECC_DISP_REP_MATCHLINE_LABELING
1000
AcRTDxfName
1000
AECC_DISP_REP_MATCHLINE_LABELING
1000
AcRTDxfName
1000
AECC_DISP_REP_MATCHLINE_LABELING
1000
AcRTDxfName
1000
AECC_DISP_REP_MATCHLINE_LABELING
1001
AcadCodePageInfo
1000
CodePage
1070
    40
  0
ACAD_PROXY_OBJECT
  5
4586
102
{ACAD_REACTORS
330
44B7
102
}
330
44B7
100
AcDbProxyObject
 90
      499
 91
      717
 71
    23
 97
       15
 70
     0
161
               116
310
4CB4D1329338004C932C11C084702C
340
0
 94
        0
1001
ACAD
1000
AcRTDxfName
1000
AECC_DISP_REP_NOTE_LABEL
1000
AcRTDxfName
1000
AECC_DISP_REP_NOTE_LABEL
1000
AcRTDxfName
1000
AECC_DISP_REP_NOTE_LABEL
1000
AcRTDxfName
1000
AECC_DISP_REP_NOTE_LABEL
1000
AcRTDxfName
1000
AECC_DISP_REP_NOTE_LABEL
1001
AcadCodePageInfo
1000
CodePage
1070
    40
  0
ACAD_PROXY_OBJECT
  5
4587
102
{ACAD_REACTORS
330
44B7
102
}
330
44B7
100
AcDbProxyObject
 90
      499
 91
      718
 71
    23
 97
       15
 70
     0
161
               116
310
4CB4D1329338004C932C11C084702C
340
0
 94
        0
1001
ACAD
1000
AcRTDxfName
1000
AECC_DISP_REP_OFFSET_ELEV_LABEL
1000
AcRTDxfName
1000
AECC_DISP_REP_OFFSET_ELEV_LABEL
1000
AcRTDxfName
1000
AECC_DISP_REP_OFFSET_ELEV_LABEL
1000
AcRTDxfName
1000
AECC_DISP_REP_OFFSET_ELEV_LABEL
1000
AcRTDxfName
1000
AECC_DISP_REP_OFFSET_ELEV_LABEL
1001
AcadCodePageInfo
1000
CodePage
1070
    40
  0
ACAD_PROXY_OBJECT
  5
4588
102
{ACAD_REACTORS
330
44B7
102
}
330
44B7
100
AcDbProxyObject
 90
      499
 91
      719
 71
    23
 97
       15
 70
     0
161
                98
310
4CB4D1329338004C932C11C08C
340
0
 94
        0
1001
ACAD
1000
AcRTDxfName
1000
AECC_DISP_REP_PARCEL_BOUNDARY
1000
AcRTDxfName
1000
AECC_DISP_REP_PARCEL_BOUNDARY
1000
AcRTDxfName
1000
AECC_DISP_REP_PARCEL_BOUNDARY
1000
AcRTDxfName
1000
AECC_DISP_REP_PARCEL_BOUNDARY
1000
AcRTDxfName
1000
AECC_DISP_REP_PARCEL_BOUNDARY
1001
AcadCodePageInfo
1000
CodePage
1070
    40
  0
ACAD_PROXY_OBJECT
  5
4589
102
{ACAD_REACTORS
330
44B7
102
}
330
44B7
100
AcDbProxyObject
 90
      499
 91
      720
 71
    23
 97
       15
 70
     0
161
                98
310
4CB4D1329338004C932C11C08C
340
0
 94
        0
1001
ACAD
1000
AcRTDxfName
1000
AECC_DISP_REP_PARCEL_SEGMENT_TABLE
1000
AcRTDxfName
1000
AECC_DISP_REP_PARCEL_SEGMENT_TABLE
1000
AcRTDxfName
1000
AECC_DISP_REP_PARCEL_SEGMENT_TABLE
1000
AcRTDxfName
1000
AECC_DISP_REP_PARCEL_SEGMENT_TABLE
1000
AcRTDxfName
1000
AECC_DISP_REP_PARCEL_SEGMENT_TABLE
1001
AcadCodePageInfo
1000
CodePage
1070
    40
  0
ACAD_PROXY_OBJECT
  5
45CA
102
{ACAD_REACTORS
330
44B7
102
}
330
44B7
100
AcDbProxyObject
 90
      499
 91
      785
 71
    23
 97
       15
 70
     0
161
                98
310
4CB4D1329338004C932C11C08C
340
0
 94
        0
1001
ACAD
1000
AcRTDxfName
1000
AECC_DISP_REP_PIPE_TABLE
1000
AcRTDxfName
1000
AECC_DISP_REP_PIPE_TABLE
1000
AcRTDxfName
1000
AECC_DISP_REP_PIPE_TABLE
1000
AcRTDxfName
1000
AECC_DISP_REP_PIPE_TABLE
1000
AcRTDxfName
1000
AECC_DISP_REP_PIPE_TABLE
1001
AcadCodePageInfo
1000
CodePage
1070
    40
  0
ACAD_PROXY_OBJECT
  5
45CB
102
{ACAD_REACTORS
330
44B7
102
}
330
44B7
100
AcDbProxyObject
 90
      499
 91
      786
 71
    23
 97
       15
 70
     0
161
               116
310
4CB4D1329338004C932C11C084702C
340
0
 94
        0
1001
ACAD
1000
AcRTDxfName
1000
AECC_DISP_REP_PIPE_LABELING
1000
AcRTDxfName
1000
AECC_DISP_REP_PIPE_LABELING
1000
AcRTDxfName
1000
AECC_DISP_REP_PIPE_LABELING
1000
AcRTDxfName
1000
AECC_DISP_REP_PIPE_LABELING
1000
AcRTDxfName
1000
AECC_DISP_REP_PIPE_LABELING
1001
AcadCodePageInfo
1000
CodePage
1070
    40
  0
ACAD_PROXY_OBJECT
  5
45CC
102
{ACAD_REACTORS
330
44B7
102
}
330
44B7
100
AcDbProxyObject
 90
      499
 91
      787
 71
    23
 97
       15
 70
     0
161
               116
310
4CB4D1329338004C932C11C084702C
340
0
 94
        0
1001
ACAD
1000
AcRTDxfName
1000
AECC_DISP_REP_PIPE_PROFILE_LABELING
1000
AcRTDxfName
1000
AECC_DISP_REP_PIPE_PROFILE_LABELING
1000
AcRTDxfName
1000
AECC_DISP_REP_PIPE_PROFILE_LABELING
1000
AcRTDxfName
1000
AECC_DISP_REP_PIPE_PROFILE_LABELING
1000
AcRTDxfName
1000
AECC_DISP_REP_PIPE_PROFILE_LABELING
1001
AcadCodePageInfo
1000
CodePage
1070
    40
  0
ACAD_PROXY_OBJECT
  5
45CD
102
{ACAD_REACTORS
330
44B7
102
}
330
44B7
100
AcDbProxyObject
 90
      499
 91
      788
 71
    23
 97
       15
 70
     0
161
               116
310
4CB4D1329338004C932C11C084702C
340
0
 94
        0
1001
ACAD
1000
AcRTDxfName
1000
AECC_DISP_REP_PIPE_SECTION_LABELING
1000
AcRTDxfName
1000
AECC_DISP_REP_PIPE_SECTION_LABELING
1000
AcRTDxfName
1000
AECC_DISP_REP_PIPE_SECTION_LABELING
1000
AcRTDxfName
1000
AECC_DISP_REP_PIPE_SECTION_LABELING
1000
AcRTDxfName
1000
AECC_DISP_REP_PIPE_SECTION_LABELING
1001
AcadCodePageInfo
1000
CodePage
1070
    40
  0
ACAD_PROXY_OBJECT
  5
458A
102
{ACAD_REACTORS
330
44B7
102
}
330
44B7
100
AcDbProxyObject
 90
      499
 91
      721
 71
    23
 97
       15
 70
     0
161
                98
310
4CB4D1329338004C932C11C08C
340
0
 94
        0
1001
ACAD
1000
AcRTDxfName
1000
AECC_DISP_REP_POINT_ENT
1000
AcRTDxfName
1000
AECC_DISP_REP_POINT_ENT
1000
AcRTDxfName
1000
AECC_DISP_REP_POINT_ENT
1000
AcRTDxfName
1000
AECC_DISP_REP_POINT_ENT
1000
AcRTDxfName
1000
AECC_DISP_REP_POINT_ENT
1001
AcadCodePageInfo
1000
CodePage
1070
    40
  0
ACAD_PROXY_OBJECT
  5
458B
102
{ACAD_REACTORS
330
44B7
102
}
330
44B7
100
AcDbProxyObject
 90
      499
 91
      722
 71
    23
 97
       15
 70
     0
161
                98
310
4CB4D1329338004C932C11C08C
340
0
 94
        0
1001
ACAD
1000
AcRTDxfName
1000
AECC_DISP_REP_POINT_GROUP
1000
AcRTDxfName
1000
AECC_DISP_REP_POINT_GROUP
1000
AcRTDxfName
1000
AECC_DISP_REP_POINT_GROUP
1000
AcRTDxfName
1000
AECC_DISP_REP_POINT_GROUP
1000
AcRTDxfName
1000
AECC_DISP_REP_POINT_GROUP
1001
AcadCodePageInfo
1000
CodePage
1070
    40
  0
ACAD_PROXY_OBJECT
  5
458C
102
{ACAD_REACTORS
330
44B7
102
}
330
44B7
100
AcDbProxyObject
 90
      499
 91
      723
 71
    23
 97
       15
 70
     0
161
                98
310
4CB4D1329338004C932C11C08C
340
0
 94
        0
1001
ACAD
1000
AcRTDxfName
1000
AECC_DISP_REP_POINT_TABLE
1000
AcRTDxfName
1000
AECC_DISP_REP_POINT_TABLE
1000
AcRTDxfName
1000
AECC_DISP_REP_POINT_TABLE
1000
AcRTDxfName
1000
AECC_DISP_REP_POINT_TABLE
1000
AcRTDxfName
1000
AECC_DISP_REP_POINT_TABLE
1001
AcadCodePageInfo
1000
CodePage
1070
    40
  0
ACAD_PROXY_OBJECT
  5
458D
102
{ACAD_REACTORS
330
44B7
102
}
330
44B7
100
AcDbProxyObject
 90
      499
 91
      724
 71
    23
 97
       15
 70
     0
161
               116
310
4CB4D1329338004C932C11C084702C
340
0
 94
        0
1001
ACAD
1000
AcRTDxfName
1000
AECC_DISP_REP_PROFILE_VIEW_DEPTH_LABEL
1000
AcRTDxfName
1000
AECC_DISP_REP_PROFILE_VIEW_DEPTH_LABEL
1000
AcRTDxfName
1000
AECC_DISP_REP_PROFILE_VIEW_DEPTH_LABEL
1000
AcRTDxfName
1000
AECC_DISP_REP_PROFILE_VIEW_DEPTH_LABEL
1000
AcRTDxfName
1000
AECC_DISP_REP_PROFILE_VIEW_DEPTH_LABEL
1001
AcadCodePageInfo
1000
CodePage
1070
    40
  0
ACAD_PROXY_OBJECT
  5
458E
102
{ACAD_REACTORS
330
44B7
102
}
330
44B7
100
AcDbProxyObject
 90
      499
 91
      725
 71
    23
 97
       15
 70
     0
161
                98
310
4CB4D1329338004C932C11C08C
340
0
 94
        0
1001
ACAD
1000
AcRTDxfName
1000
AECC_DISP_REP_RIGHT_OF_WAY
1000
AcRTDxfName
1000
AECC_DISP_REP_RIGHT_OF_WAY
1000
AcRTDxfName
1000
AECC_DISP_REP_RIGHT_OF_WAY
1000
AcRTDxfName
1000
AECC_DISP_REP_RIGHT_OF_WAY
1000
AcRTDxfName
1000
AECC_DISP_REP_RIGHT_OF_WAY
1001
AcadCodePageInfo
1000
CodePage
1070
    40
  0
ACAD_PROXY_OBJECT
  5
458F
102
{ACAD_REACTORS
330
44B7
102
}
330
44B7
100
AcDbProxyObject
 90
      499
 91
      726
 71
    23
 97
       15
 70
     0
161
               116
310
4CB4D1329338004C932C11C084702C
340
0
 94
        0
1001
ACAD
1000
AcRTDxfName
1000
AECC_DISP_REP_SAMPLELINE_LABELING
1000
AcRTDxfName
1000
AECC_DISP_REP_SAMPLELINE_LABELING
1000
AcRTDxfName
1000
AECC_DISP_REP_SAMPLELINE_LABELING
1000
AcRTDxfName
1000
AECC_DISP_REP_SAMPLELINE_LABELING
1000
AcRTDxfName
1000
AECC_DISP_REP_SAMPLELINE_LABELING
1001
AcadCodePageInfo
1000
CodePage
1070
    40
  0
ACAD_PROXY_OBJECT
  5
4590
102
{ACAD_REACTORS
330
44B7
102
}
330
44B7
100
AcDbProxyObject
 90
      499
 91
      727
 71
    23
 97
       15
 70
     0
161
               116
310
4CB4D1329338004C932C11C084702C
340
0
 94
        0
1001
ACAD
1000
AcRTDxfName
1000
AECC_DISP_REP_SECTION_GRADEBREAK_LABEL_GROUP
1000
AcRTDxfName
1000
AECC_DISP_REP_SECTION_GRADEBREAK_LABEL_GROUP
1000
AcRTDxfName
1000
AECC_DISP_REP_SECTION_GRADEBREAK_LABEL_GROUP
1000
AcRTDxfName
1000
AECC_DISP_REP_SECTION_GRADEBREAK_LABEL_GROUP
1000
AcRTDxfName
1000
AECC_DISP_REP_SECTION_GRADEBREAK_LABEL_GROUP
1001
AcadCodePageInfo
1000
CodePage
1070
    40
  0
ACAD_PROXY_OBJECT
  5
4591
102
{ACAD_REACTORS
330
44B7
102
}
330
44B7
100
AcDbProxyObject
 90
      499
 91
      728
 71
    23
 97
       15
 70
     0
161
               116
310
4CB4D1329338004C932C11C084702C
340
0
 94
        0
1001
ACAD
1000
AcRTDxfName
1000
AECC_DISP_REP_SECTION_MINOR_OFFSET_LABEL_GROUP
1000
AcRTDxfName
1000
AECC_DISP_REP_SECTION_MINOR_OFFSET_LABEL_GROUP
1000
AcRTDxfName
1000
AECC_DISP_REP_SECTION_MINOR_OFFSET_LABEL_GROUP
1000
AcRTDxfName
1000
AECC_DISP_REP_SECTION_MINOR_OFFSET_LABEL_GROUP
1000
AcRTDxfName
1000
AECC_DISP_REP_SECTION_MINOR_OFFSET_LABEL_GROUP
1001
AcadCodePageInfo
1000
CodePage
1070
    40
  0
ACAD_PROXY_OBJECT
  5
4592
102
{ACAD_REACTORS
330
44B7
102
}
330
44B7
100
AcDbProxyObject
 90
      499
 91
      729
 71
    23
 97
       15
 70
     0
161
               116
310
4CB4D1329338004C932C11C084702C
340
0
 94
        0
1001
ACAD
1000
AcRTDxfName
1000
AECC_DISP_REP_SECTION_OFFSET_LABEL_GROUP
1000
AcRTDxfName
1000
AECC_DISP_REP_SECTION_OFFSET_LABEL_GROUP
1000
AcRTDxfName
1000
AECC_DISP_REP_SECTION_OFFSET_LABEL_GROUP
1000
AcRTDxfName
1000
AECC_DISP_REP_SECTION_OFFSET_LABEL_GROUP
1000
AcRTDxfName
1000
AECC_DISP_REP_SECTION_OFFSET_LABEL_GROUP
1001
AcadCodePageInfo
1000
CodePage
1070
    40
  0
ACAD_PROXY_OBJECT
  5
4593
102
{ACAD_REACTORS
330
44B7
102
}
330
44B7
100
AcDbProxyObject
 90
      499
 91
      730
 71
    23
 97
       15
 70
     0
161
               116
310
4CB4D1329338004C932C11C084702C
340
0
 94
        0
1001
ACAD
1000
AcRTDxfName
1000
AECC_DISP_REP_SECTION_SEGMENT_LABEL_GROUP
1000
AcRTDxfName
1000
AECC_DISP_REP_SECTION_SEGMENT_LABEL_GROUP
1000
AcRTDxfName
1000
AECC_DISP_REP_SECTION_SEGMENT_LABEL_GROUP
1000
AcRTDxfName
1000
AECC_DISP_REP_SECTION_SEGMENT_LABEL_GROUP
1000
AcRTDxfName
1000
AECC_DISP_REP_SECTION_SEGMENT_LABEL_GROUP
1001
AcadCodePageInfo
1000
CodePage
1070
    40
  0
ACAD_PROXY_OBJECT
  5
4594
102
{ACAD_REACTORS
330
44B7
102
}
330
44B7
100
AcDbProxyObject
 90
      499
 91
      731
 71
    23
 97
       15
 70
     0
161
               116
310
4CB4D1329338004C932C11C084702C
340
0
 94
        0
1001
ACAD
1000
AcRTDxfName
1000
AECC_DISP_REP_SECTION_VIEW_DEPTH_LABEL
1000
AcRTDxfName
1000
AECC_DISP_REP_SECTION_VIEW_DEPTH_LABEL
1000
AcRTDxfName
1000
AECC_DISP_REP_SECTION_VIEW_DEPTH_LABEL
1000
AcRTDxfName
1000
AECC_DISP_REP_SECTION_VIEW_DEPTH_LABEL
1000
AcRTDxfName
1000
AECC_DISP_REP_SECTION_VIEW_DEPTH_LABEL
1001
AcadCodePageInfo
1000
CodePage
1070
    40
  0
ACAD_PROXY_OBJECT
  5
45CE
102
{ACAD_REACTORS
330
44B7
102
}
330
44B7
100
AcDbProxyObject
 90
      499
 91
      789
 71
    23
 97
       15
 70
     0
161
               116
310
4CB4D1329338004C932C11C084702C
340
0
 94
        0
1001
ACAD
1000
AcRTDxfName
1000
AECC_DISP_REP_SPANNING_PIPE_LABELING
1000
AcRTDxfName
1000
AECC_DISP_REP_SPANNING_PIPE_LABELING
1000
AcRTDxfName
1000
AECC_DISP_REP_SPANNING_PIPE_LABELING
1000
AcRTDxfName
1000
AECC_DISP_REP_SPANNING_PIPE_LABELING
1000
AcRTDxfName
1000
AECC_DISP_REP_SPANNING_PIPE_LABELING
1001
AcadCodePageInfo
1000
CodePage
1070
    40
  0
ACAD_PROXY_OBJECT
  5
4595
102
{ACAD_REACTORS
330
44B7
102
}
330
44B7
100
AcDbProxyObject
 90
      499
 91
      732
 71
    23
 97
       15
 70
     0
161
               116
310
4CB4D1329338004C932C11C084702C
340
0
 94
        0
1001
ACAD
1000
AcRTDxfName
1000
AECC_DISP_REP_STATION_ELEV_LABEL
1000
AcRTDxfName
1000
AECC_DISP_REP_STATION_ELEV_LABEL
1000
AcRTDxfName
1000
AECC_DISP_REP_STATION_ELEV_LABEL
1000
AcRTDxfName
1000
AECC_DISP_REP_STATION_ELEV_LABEL
1000
AcRTDxfName
1000
AECC_DISP_REP_STATION_ELEV_LABEL
1001
AcadCodePageInfo
1000
CodePage
1070
    40
  0
ACAD_PROXY_OBJECT
  5
4596
102
{ACAD_REACTORS
330
44B7
102
}
330
44B7
100
AcDbProxyObject
 90
      499
 91
      733
 71
    23
 97
       15
 70
     0
161
               116
310
4CB4D1329338004C932C11C084702C
340
0
 94
        0
1001
ACAD
1000
AcRTDxfName
1000
AECC_DISP_REP_ALIGNMENT_STATION_OFFSET_LABEL
1000
AcRTDxfName
1000
AECC_DISP_REP_ALIGNMENT_STATION_OFFSET_LABEL
1000
AcRTDxfName
1000
AECC_DISP_REP_ALIGNMENT_STATION_OFFSET_LABEL
1000
AcRTDxfName
1000
AECC_DISP_REP_ALIGNMENT_STATION_OFFSET_LABEL
1000
AcRTDxfName
1000
AECC_DISP_REP_ALIGNMENT_STATION_OFFSET_LABEL
1001
AcadCodePageInfo
1000
CodePage
1070
    40
  0
ACAD_PROXY_OBJECT
  5
45CF
102
{ACAD_REACTORS
330
44B7
102
}
330
44B7
100
AcDbProxyObject
 90
      499
 91
      790
 71
    23
 97
       15
 70
     0
161
               116
310
4CB4D1329338004C932C11C084702C
340
0
 94
        0
1001
ACAD
1000
AcRTDxfName
1000
AECC_DISP_REP_STRUCTURE_LABELING
1000
AcRTDxfName
1000
AECC_DISP_REP_STRUCTURE_LABELING
1000
AcRTDxfName
1000
AECC_DISP_REP_STRUCTURE_LABELING
1000
AcRTDxfName
1000
AECC_DISP_REP_STRUCTURE_LABELING
1000
AcRTDxfName
1000
AECC_DISP_REP_STRUCTURE_LABELING
1001
AcadCodePageInfo
1000
CodePage
1070
    40
  0
ACAD_PROXY_OBJECT
  5
45D0
102
{ACAD_REACTORS
330
44B7
102
}
330
44B7
100
AcDbProxyObject
 90
      499
 91
      791
 71
    23
 97
       15
 70
     0
161
               116
310
4CB4D1329338004C932C11C084702C
340
0
 94
        0
1001
ACAD
1000
AcRTDxfName
1000
AECC_DISP_REP_STRUCTURE_PROFILE_LABELING
1000
AcRTDxfName
1000
AECC_DISP_REP_STRUCTURE_PROFILE_LABELING
1000
AcRTDxfName
1000
AECC_DISP_REP_STRUCTURE_PROFILE_LABELING
1000
AcRTDxfName
1000
AECC_DISP_REP_STRUCTURE_PROFILE_LABELING
1000
AcRTDxfName
1000
AECC_DISP_REP_STRUCTURE_PROFILE_LABELING
1001
AcadCodePageInfo
1000
CodePage
1070
    40
  0
ACAD_PROXY_OBJECT
  5
45D1
102
{ACAD_REACTORS
330
44B7
102
}
330
44B7
100
AcDbProxyObject
 90
      499
 91
      792
 71
    23
 97
       15
 70
     0
161
               116
310
4CB4D1329338004C932C11C084702C
340
0
 94
        0
1001
ACAD
1000
AcRTDxfName
1000
AECC_DISP_REP_STRUCTURE_SECTION_LABELING
1000
AcRTDxfName
1000
AECC_DISP_REP_STRUCTURE_SECTION_LABELING
1000
AcRTDxfName
1000
AECC_DISP_REP_STRUCTURE_SECTION_LABELING
1000
AcRTDxfName
1000
AECC_DISP_REP_STRUCTURE_SECTION_LABELING
1000
AcRTDxfName
1000
AECC_DISP_REP_STRUCTURE_SECTION_LABELING
1001
AcadCodePageInfo
1000
CodePage
1070
    40
  0
ACAD_PROXY_OBJECT
  5
45D9
102
{ACAD_REACTORS
330
44B7
102
}
330
44B7
100
AcDbProxyObject
 90
      499
 91
      800
 71
    23
 97
       15
 70
     0
161
                98
310
4CB4D1329338004C932C11C08C
340
0
 94
        0
1001
ACAD
1000
AcRTDxfName
1000
AECC_DISP_REP_SUBASSEMBLY
1000
AcRTDxfName
1000
AECC_DISP_REP_SUBASSEMBLY
1000
AcRTDxfName
1000
AECC_DISP_REP_SUBASSEMBLY
1000
AcRTDxfName
1000
AECC_DISP_REP_SUBASSEMBLY
1000
AcRTDxfName
1000
AECC_DISP_REP_SUBASSEMBLY
1001
AcadCodePageInfo
1000
CodePage
1070
    40
  0
ACAD_PROXY_OBJECT
  5
4597
102
{ACAD_REACTORS
330
44B7
102
}
330
44B7
100
AcDbProxyObject
 90
      499
 91
      734
 71
    23
 97
       15
 70
     0
161
               116
310
4CB4D1329338004C932C11C084702C
340
0
 94
        0
1001
ACAD
1000
AcRTDxfName
1000
AECC_DISP_REP_SURFACE_CONTOUR_LABEL_GROUP
1000
AcRTDxfName
1000
AECC_DISP_REP_SURFACE_CONTOUR_LABEL_GROUP
1000
AcRTDxfName
1000
AECC_DISP_REP_SURFACE_CONTOUR_LABEL_GROUP
1000
AcRTDxfName
1000
AECC_DISP_REP_SURFACE_CONTOUR_LABEL_GROUP
1000
AcRTDxfName
1000
AECC_DISP_REP_SURFACE_CONTOUR_LABEL_GROUP
1001
AcadCodePageInfo
1000
CodePage
1070
    40
  0
ACAD_PROXY_OBJECT
  5
4598
102
{ACAD_REACTORS
330
44B7
102
}
330
44B7
100
AcDbProxyObject
 90
      499
 91
      735
 71
    23
 97
       15
 70
     0
161
               116
310
4CB4D1329338004C932C11C084702C
340
0
 94
        0
1001
ACAD
1000
AcRTDxfName
1000
AECC_DISP_REP_SURFACE_ELEVATION_LABEL
1000
AcRTDxfName
1000
AECC_DISP_REP_SURFACE_ELEVATION_LABEL
1000
AcRTDxfName
1000
AECC_DISP_REP_SURFACE_ELEVATION_LABEL
1000
AcRTDxfName
1000
AECC_DISP_REP_SURFACE_ELEVATION_LABEL
1000
AcRTDxfName
1000
AECC_DISP_REP_SURFACE_ELEVATION_LABEL
1001
AcadCodePageInfo
1000
CodePage
1070
    40
  0
ACAD_PROXY_OBJECT
  5
4599
102
{ACAD_REACTORS
330
44B7
102
}
330
44B7
100
AcDbProxyObject
 90
      499
 91
      736
 71
    23
 97
       15
 70
     0
161
               116
310
4CB4D1329338004C932C11C084702C
340
0
 94
        0
1001
ACAD
1000
AcRTDxfName
1000
AECC_DISP_REP_SURFACE_SLOPE_LABEL
1000
AcRTDxfName
1000
AECC_DISP_REP_SURFACE_SLOPE_LABEL
1000
AcRTDxfName
1000
AECC_DISP_REP_SURFACE_SLOPE_LABEL
1000
AcRTDxfName
1000
AECC_DISP_REP_SURFACE_SLOPE_LABEL
1000
AcRTDxfName
1000
AECC_DISP_REP_SURFACE_SLOPE_LABEL
1001
AcadCodePageInfo
1000
CodePage
1070
    40
  0
ACAD_PROXY_OBJECT
  5
45DA
102
{ACAD_REACTORS
330
44B7
102
}
330
44B7
100
AcDbProxyObject
 90
      499
 91
      801
 71
    23
 97
       15
 70
     0
161
                98
310
4CB4D1329338004C932C11C08C
340
0
 94
        0
1001
ACAD
1000
AcRTDxfName
1000
AECC_DISP_REP_SVFIGURE
1000
AcRTDxfName
1000
AECC_DISP_REP_SVFIGURE
1000
AcRTDxfName
1000
AECC_DISP_REP_SVFIGURE
1000
AcRTDxfName
1000
AECC_DISP_REP_SVFIGURE
1000
AcRTDxfName
1000
AECC_DISP_REP_SVFIGURE
1001
AcadCodePageInfo
1000
CodePage
1070
    40
  0
ACAD_PROXY_OBJECT
  5
45DB
102
{ACAD_REACTORS
330
44B7
102
}
330
44B7
100
AcDbProxyObject
 90
      499
 91
      802
 71
    23
 97
       15
 70
     0
161
                98
310
4CB4D1329338004C932C11C08C
340
0
 94
        0
1001
ACAD
1000
AcRTDxfName
1000
AECC_DISP_REP_SVNETWORK
1000
AcRTDxfName
1000
AECC_DISP_REP_SVNETWORK
1000
AcRTDxfName
1000
AECC_DISP_REP_SVNETWORK
1000
AcRTDxfName
1000
AECC_DISP_REP_SVNETWORK
1000
AcRTDxfName
1000
AECC_DISP_REP_SVNETWORK
1001
AcadCodePageInfo
1000
CodePage
1070
    40
  0
ACAD_PROXY_OBJECT
  5
459A
102
{ACAD_REACTORS
330
44B7
102
}
330
44B7
100
AcDbProxyObject
 90
      499
 91
      737
 71
    23
 97
       15
 70
     0
161
                98
310
4CB4D1329338004C932C11C08C
340
0
 94
        0
1001
ACAD
1000
AcRTDxfName
1000
AECC_DISP_REP_TANGENT_INTERSECTION_TABLE
1000
AcRTDxfName
1000
AECC_DISP_REP_TANGENT_INTERSECTION_TABLE
1000
AcRTDxfName
1000
AECC_DISP_REP_TANGENT_INTERSECTION_TABLE
1000
AcRTDxfName
1000
AECC_DISP_REP_TANGENT_INTERSECTION_TABLE
1000
AcRTDxfName
1000
AECC_DISP_REP_TANGENT_INTERSECTION_TABLE
1001
AcadCodePageInfo
1000
CodePage
1070
    40
  0
ACAD_PROXY_OBJECT
  5
459B
102
{ACAD_REACTORS
330
44B7
102
}
330
44B7
100
AcDbProxyObject
 90
      499
 91
      738
 71
    23
 97
       15
 70
     0
161
               116
310
4CB4D1329338004C932C11C084702C
340
0
 94
        0
1001
ACAD
1000
AcRTDxfName
1000
AECC_DISP_REP_VALIGNMENT_CRESTCURVE_LABEL_GROUP
1000
AcRTDxfName
1000
AECC_DISP_REP_VALIGNMENT_CRESTCURVE_LABEL_GROUP
1000
AcRTDxfName
1000
AECC_DISP_REP_VALIGNMENT_CRESTCURVE_LABEL_GROUP
1000
AcRTDxfName
1000
AECC_DISP_REP_VALIGNMENT_CRESTCURVE_LABEL_GROUP
1000
AcRTDxfName
1000
AECC_DISP_REP_VALIGNMENT_CRESTCURVE_LABEL_GROUP
1001
AcadCodePageInfo
1000
CodePage
1070
    40
  0
ACAD_PROXY_OBJECT
  5
459C
102
{ACAD_REACTORS
330
44B7
102
}
330
44B7
100
AcDbProxyObject
 90
      499
 91
      739
 71
    23
 97
       15
 70
     0
161
               116
310
4CB4D1329338004C932C11C084702C
340
0
 94
        0
1001
ACAD
1000
AcRTDxfName
1000
AECC_DISP_REP_VALIGNMENT_HAGEOMPT_LABEL_GROUP
1000
AcRTDxfName
1000
AECC_DISP_REP_VALIGNMENT_HAGEOMPT_LABEL_GROUP
1000
AcRTDxfName
1000
AECC_DISP_REP_VALIGNMENT_HAGEOMPT_LABEL_GROUP
1000
AcRTDxfName
1000
AECC_DISP_REP_VALIGNMENT_HAGEOMPT_LABEL_GROUP
1000
AcRTDxfName
1000
AECC_DISP_REP_VALIGNMENT_HAGEOMPT_LABEL_GROUP
1001
AcadCodePageInfo
1000
CodePage
1070
    40
  0
ACAD_PROXY_OBJECT
  5
459D
102
{ACAD_REACTORS
330
44B7
102
}
330
44B7
100
AcDbProxyObject
 90
      499
 91
      740
 71
    23
 97
       15
 70
     0
161
               116
310
4CB4D1329338004C932C11C084702C
340
0
 94
        0
1001
ACAD
1000
AcRTDxfName
1000
AECC_DISP_REP_VALIGNMENT_LINE_LABEL_GROUP
1000
AcRTDxfName
1000
AECC_DISP_REP_VALIGNMENT_LINE_LABEL_GROUP
1000
AcRTDxfName
1000
AECC_DISP_REP_VALIGNMENT_LINE_LABEL_GROUP
1000
AcRTDxfName
1000
AECC_DISP_REP_VALIGNMENT_LINE_LABEL_GROUP
1000
AcRTDxfName
1000
AECC_DISP_REP_VALIGNMENT_LINE_LABEL_GROUP
1001
AcadCodePageInfo
1000
CodePage
1070
    40
  0
ACAD_PROXY_OBJECT
  5
459E
102
{ACAD_REACTORS
330
44B7
102
}
330
44B7
100
AcDbProxyObject
 90
      499
 91
      741
 71
    23
 97
       15
 70
     0
161
               116
310
4CB4D1329338004C932C11C084702C
340
0
 94
        0
1001
ACAD
1000
AcRTDxfName
1000
AECC_DISP_REP_VALIGNMENT_MINOR_STATION_LABEL_GROUP
1000
AcRTDxfName
1000
AECC_DISP_REP_VALIGNMENT_MINOR_STATION_LABEL_GROUP
1000
AcRTDxfName
1000
AECC_DISP_REP_VALIGNMENT_MINOR_STATION_LABEL_GROUP
1000
AcRTDxfName
1000
AECC_DISP_REP_VALIGNMENT_MINOR_STATION_LABEL_GROUP
1000
AcRTDxfName
1000
AECC_DISP_REP_VALIGNMENT_MINOR_STATION_LABEL_GROUP
1001
AcadCodePageInfo
1000
CodePage
1070
    40
  0
ACAD_PROXY_OBJECT
  5
459F
102
{ACAD_REACTORS
330
44B7
102
}
330
44B7
100
AcDbProxyObject
 90
      499
 91
      742
 71
    23
 97
       15
 70
     0
161
               116
310
4CB4D1329338004C932C11C084702C
340
0
 94
        0
1001
ACAD
1000
AcRTDxfName
1000
AECC_DISP_REP_VALIGNMENT_PVI_LABEL_GROUP
1000
AcRTDxfName
1000
AECC_DISP_REP_VALIGNMENT_PVI_LABEL_GROUP
1000
AcRTDxfName
1000
AECC_DISP_REP_VALIGNMENT_PVI_LABEL_GROUP
1000
AcRTDxfName
1000
AECC_DISP_REP_VALIGNMENT_PVI_LABEL_GROUP
1000
AcRTDxfName
1000
AECC_DISP_REP_VALIGNMENT_PVI_LABEL_GROUP
1001
AcadCodePageInfo
1000
CodePage
1070
    40
  0
ACAD_PROXY_OBJECT
  5
45A0
102
{ACAD_REACTORS
330
44B7
102
}
330
44B7
100
AcDbProxyObject
 90
      499
 91
      743
 71
    23
 97
       15
 70
     0
161
               116
310
4CB4D1329338004C932C11C084702C
340
0
 94
        0
1001
ACAD
1000
AcRTDxfName
1000
AECC_DISP_REP_VALIGNMENT_SAGCURVE_LABEL_GROUP
1000
AcRTDxfName
1000
AECC_DISP_REP_VALIGNMENT_SAGCURVE_LABEL_GROUP
1000
AcRTDxfName
1000
AECC_DISP_REP_VALIGNMENT_SAGCURVE_LABEL_GROUP
1000
AcRTDxfName
1000
AECC_DISP_REP_VALIGNMENT_SAGCURVE_LABEL_GROUP
1000
AcRTDxfName
1000
AECC_DISP_REP_VALIGNMENT_SAGCURVE_LABEL_GROUP
1001
AcadCodePageInfo
1000
CodePage
1070
    40
  0
ACAD_PROXY_OBJECT
  5
45A1
102
{ACAD_REACTORS
330
44B7
102
}
330
44B7
100
AcDbProxyObject
 90
      499
 91
      744
 71
    23
 97
       15
 70
     0
161
               116
310
4CB4D1329338004C932C11C084702C
340
0
 94
        0
1001
ACAD
1000
AcRTDxfName
1000
AECC_DISP_REP_VALIGNMENT_STATION_LABEL_GROUP
1000
AcRTDxfName
1000
AECC_DISP_REP_VALIGNMENT_STATION_LABEL_GROUP
1000
AcRTDxfName
1000
AECC_DISP_REP_VALIGNMENT_STATION_LABEL_GROUP
1000
AcRTDxfName
1000
AECC_DISP_REP_VALIGNMENT_STATION_LABEL_GROUP
1000
AcRTDxfName
1000
AECC_DISP_REP_VALIGNMENT_STATION_LABEL_GROUP
1001
AcadCodePageInfo
1000
CodePage
1070
    40
  0
ACAD_PROXY_OBJECT
  5
45D5
102
{ACAD_REACTORS
330
44B7
102
}
330
44B7
100
AcDbProxyObject
 90
      499
 91
      796
 71
    23
 97
       15
 70
     0
161
               116
310
4CB4D1329338004C932C11C084702C
340
0
 94
        0
1001
ACAD
1000
AcRTDxfName
1000
AECC_DISP_REP_VIEWFRAME_LABELING
1000
AcRTDxfName
1000
AECC_DISP_REP_VIEWFRAME_LABELING
1000
AcRTDxfName
1000
AECC_DISP_REP_VIEWFRAME_LABELING
1000
AcRTDxfName
1000
AECC_DISP_REP_VIEWFRAME_LABELING
1000
AcRTDxfName
1000
AECC_DISP_REP_VIEWFRAME_LABELING
1001
AcadCodePageInfo
1000
CodePage
1070
    40
  0
ACAD_PROXY_OBJECT
  5
45A2
102
{ACAD_REACTORS
330
44B7
102
}
330
44B7
100
AcDbProxyObject
 90
      499
 91
      745
 71
    23
 97
       15
 70
     0
161
                90
310
4CB4D1329338004C932C4B4C
340
0
 94
        0
1001
ACAD
1000
AcRTDxfName
1000
AEC_DISP_REP_COL_BLOCK
1000
AcRTDxfName
1000
AEC_DISP_REP_COL_BLOCK
1000
AcRTDxfName
1000
AEC_DISP_REP_COL_BLOCK
1000
AcRTDxfName
1000
AEC_DISP_REP_COL_BLOCK
1000
AcRTDxfName
1000
AEC_DISP_REP_COL_BLOCK
1001
AcadCodePageInfo
1000
CodePage
1070
    40
  0
ACAD_PROXY_OBJECT
  5
45A3
102
{ACAD_REACTORS
330
44B7
102
}
330
44B7
100
AcDbProxyObject
 90
      499
 91
      746
 71
    23
 97
       15
 70
     0
161
                90
310
4CB4D1329338004C932C4B4C
340
0
 94
        0
1001
ACAD
1000
AcRTDxfName
1000
AEC_DISP_REP_COL_CIRCARC2D
1000
AcRTDxfName
1000
AEC_DISP_REP_COL_CIRCARC2D
1000
AcRTDxfName
1000
AEC_DISP_REP_COL_CIRCARC2D
1000
AcRTDxfName
1000
AEC_DISP_REP_COL_CIRCARC2D
1000
AcRTDxfName
1000
AEC_DISP_REP_COL_CIRCARC2D
1001
AcadCodePageInfo
1000
CodePage
1070
    40
  0
ACAD_PROXY_OBJECT
  5
45A4
102
{ACAD_REACTORS
330
44B7
102
}
330
44B7
100
AcDbProxyObject
 90
      499
 91
      747
 71
    23
 97
       15
 70
     0
161
                90
310
4CB4D1329338004C932C4B4C
340
0
 94
        0
1001
ACAD
1000
AcRTDxfName
1000
AEC_DISP_REP_COL_CONCOINCIDENT
1000
AcRTDxfName
1000
AEC_DISP_REP_COL_CONCOINCIDENT
1000
AcRTDxfName
1000
AEC_DISP_REP_COL_CONCOINCIDENT
1000
AcRTDxfName
1000
AEC_DISP_REP_COL_CONCOINCIDENT
1000
AcRTDxfName
1000
AEC_DISP_REP_COL_CONCOINCIDENT
1001
AcadCodePageInfo
1000
CodePage
1070
    40
  0
ACAD_PROXY_OBJECT
  5
45A5
102
{ACAD_REACTORS
330
44B7
102
}
330
44B7
100
AcDbProxyObject
 90
      499
 91
      748
 71
    23
 97
       15
 70
     0
161
                90
310
4CB4D1329338004C932C4B4C
340
0
 94
        0
1001
ACAD
1000
AcRTDxfName
1000
AEC_DISP_REP_COL_CONCONCENTRIC
1000
AcRTDxfName
1000
AEC_DISP_REP_COL_CONCONCENTRIC
1000
AcRTDxfName
1000
AEC_DISP_REP_COL_CONCONCENTRIC
1000
AcRTDxfName
1000
AEC_DISP_REP_COL_CONCONCENTRIC
1000
AcRTDxfName
1000
AEC_DISP_REP_COL_CONCONCENTRIC
1001
AcadCodePageInfo
1000
CodePage
1070
    40
  0
ACAD_PROXY_OBJECT
  5
45A6
102
{ACAD_REACTORS
330
44B7
102
}
330
44B7
100
AcDbProxyObject
 90
      499
 91
      749
 71
    23
 97
       15
 70
     0
161
                90
310
4CB4D1329338004C932C4B4C
340
0
 94
        0
1001
ACAD
1000
AcRTDxfName
1000
AEC_DISP_REP_COL_CONEQUALDISTANCE
1000
AcRTDxfName
1000
AEC_DISP_REP_COL_CONEQUALDISTANCE
1000
AcRTDxfName
1000
AEC_DISP_REP_COL_CONEQUALDISTANCE
1000
AcRTDxfName
1000
AEC_DISP_REP_COL_CONEQUALDISTANCE
1000
AcRTDxfName
1000
AEC_DISP_REP_COL_CONEQUALDISTANCE
1001
AcadCodePageInfo
1000
CodePage
1070
    40
  0
ACAD_PROXY_OBJECT
  5
45A7
102
{ACAD_REACTORS
330
44B7
102
}
330
44B7
100
AcDbProxyObject
 90
      499
 91
      750
 71
    23
 97
       15
 70
     0
161
                90
310
4CB4D1329338004C932C4B4C
340
0
 94
        0
1001
ACAD
1000
AcRTDxfName
1000
AEC_DISP_REP_COL_CONMIDPOINT
1000
AcRTDxfName
1000
AEC_DISP_REP_COL_CONMIDPOINT
1000
AcRTDxfName
1000
AEC_DISP_REP_COL_CONMIDPOINT
1000
AcRTDxfName
1000
AEC_DISP_REP_COL_CONMIDPOINT
1000
AcRTDxfName
1000
AEC_DISP_REP_COL_CONMIDPOINT
1001
AcadCodePageInfo
1000
CodePage
1070
    40
  0
ACAD_PROXY_OBJECT
  5
45AD
102
{ACAD_REACTORS
330
44B7
102
}
330
44B7
100
AcDbProxyObject
 90
      499
 91
      756
 71
    23
 97
       15
 70
     0
161
                90
310
4CB4D1329338004C932C4B4C
340
0
 94
        0
1001
ACAD
1000
AcRTDxfName
1000
AEC_DISP_REP_COL_CONNECTOR
1000
AcRTDxfName
1000
AEC_DISP_REP_COL_CONNECTOR
1000
AcRTDxfName
1000
AEC_DISP_REP_COL_CONNECTOR
1000
AcRTDxfName
1000
AEC_DISP_REP_COL_CONNECTOR
1000
AcRTDxfName
1000
AEC_DISP_REP_COL_CONNECTOR
1001
AcadCodePageInfo
1000
CodePage
1070
    40
  0
ACAD_PROXY_OBJECT
  5
45A8
102
{ACAD_REACTORS
330
44B7
102
}
330
44B7
100
AcDbProxyObject
 90
      499
 91
      751
 71
    23
 97
       15
 70
     0
161
                90
310
4CB4D1329338004C932C4B4C
340
0
 94
        0
1001
ACAD
1000
AcRTDxfName
1000
AEC_DISP_REP_COL_CONNORMAL
1000
AcRTDxfName
1000
AEC_DISP_REP_COL_CONNORMAL
1000
AcRTDxfName
1000
AEC_DISP_REP_COL_CONNORMAL
1000
AcRTDxfName
1000
AEC_DISP_REP_COL_CONNORMAL
1000
AcRTDxfName
1000
AEC_DISP_REP_COL_CONNORMAL
1001
AcadCodePageInfo
1000
CodePage
1070
    40
  0
ACAD_PROXY_OBJECT
  5
45A9
102
{ACAD_REACTORS
330
44B7
102
}
330
44B7
100
AcDbProxyObject
 90
      499
 91
      752
 71
    23
 97
       15
 70
     0
161
                90
310
4CB4D1329338004C932C4B4C
340
0
 94
        0
1001
ACAD
1000
AcRTDxfName
1000
AEC_DISP_REP_COL_CONPARALLEL
1000
AcRTDxfName
1000
AEC_DISP_REP_COL_CONPARALLEL
1000
AcRTDxfName
1000
AEC_DISP_REP_COL_CONPARALLEL
1000
AcRTDxfName
1000
AEC_DISP_REP_COL_CONPARALLEL
1000
AcRTDxfName
1000
AEC_DISP_REP_COL_CONPARALLEL
1001
AcadCodePageInfo
1000
CodePage
1070
    40
  0
ACAD_PROXY_OBJECT
  5
45AA
102
{ACAD_REACTORS
330
44B7
102
}
330
44B7
100
AcDbProxyObject
 90
      499
 91
      753
 71
    23
 97
       15
 70
     0
161
                90
310
4CB4D1329338004C932C4B4C
340
0
 94
        0
1001
ACAD
1000
AcRTDxfName
1000
AEC_DISP_REP_COL_CONPERPENDICULAR
1000
AcRTDxfName
1000
AEC_DISP_REP_COL_CONPERPENDICULAR
1000
AcRTDxfName
1000
AEC_DISP_REP_COL_CONPERPENDICULAR
1000
AcRTDxfName
1000
AEC_DISP_REP_COL_CONPERPENDICULAR
1000
AcRTDxfName
1000
AEC_DISP_REP_COL_CONPERPENDICULAR
1001
AcadCodePageInfo
1000
CodePage
1070
    40
  0
ACAD_PROXY_OBJECT
  5
45AB
102
{ACAD_REACTORS
330
44B7
102
}
330
44B7
100
AcDbProxyObject
 90
      499
 91
      754
 71
    23
 97
       15
 70
     0
161
                90
310
4CB4D1329338004C932C4B4C
340
0
 94
        0
1001
ACAD
1000
AcRTDxfName
1000
AEC_DISP_REP_COL_CONSYMMETRIC
1000
AcRTDxfName
1000
AEC_DISP_REP_COL_CONSYMMETRIC
1000
AcRTDxfName
1000
AEC_DISP_REP_COL_CONSYMMETRIC
1000
AcRTDxfName
1000
AEC_DISP_REP_COL_CONSYMMETRIC
1000
AcRTDxfName
1000
AEC_DISP_REP_COL_CONSYMMETRIC
1001
AcadCodePageInfo
1000
CodePage
1070
    40
  0
ACAD_PROXY_OBJECT
  5
45AC
102
{ACAD_REACTORS
330
44B7
102
}
330
44B7
100
AcDbProxyObject
 90
      499
 91
      755
 71
    23
 97
       15
 70
     0
161
                90
310
4CB4D1329338004C932C4B4C
340
0
 94
        0
1001
ACAD
1000
AcRTDxfName
1000
AEC_DISP_REP_COL_CONTANGENT
1000
AcRTDxfName
1000
AEC_DISP_REP_COL_CONTANGENT
1000
AcRTDxfName
1000
AEC_DISP_REP_COL_CONTANGENT
1000
AcRTDxfName
1000
AEC_DISP_REP_COL_CONTANGENT
1000
AcRTDxfName
1000
AEC_DISP_REP_COL_CONTANGENT
1001
AcadCodePageInfo
1000
CodePage
1070
    40
  0
ACAD_PROXY_OBJECT
  5
45AE
102
{ACAD_REACTORS
330
44B7
102
}
330
44B7
100
AcDbProxyObject
 90
      499
 91
      757
 71
    23
 97
       15
 70
     0
161
                90
310
4CB4D1329338004C932C4B4C
340
0
 94
        0
1001
ACAD
1000
AcRTDxfName
1000
AEC_DISP_REP_COL_DIMANGLE
1000
AcRTDxfName
1000
AEC_DISP_REP_COL_DIMANGLE
1000
AcRTDxfName
1000
AEC_DISP_REP_COL_DIMANGLE
1000
AcRTDxfName
1000
AEC_DISP_REP_COL_DIMANGLE
1000
AcRTDxfName
1000
AEC_DISP_REP_COL_DIMANGLE
1001
AcadCodePageInfo
1000
CodePage
1070
    40
  0
ACAD_PROXY_OBJECT
  5
45B0
102
{ACAD_REACTORS
330
44B7
102
}
330
44B7
100
AcDbProxyObject
 90
      499
 91
      759
 71
    23
 97
       15
 70
     0
161
               100
310
4CB4D1329338004C932C4B52DC
340
0
 94
        0
1001
ACAD
1000
AcRTDxfName
1000
AEC_DISP_REP_COL_DIMDIAMETER
1000
AcRTDxfName
1000
AEC_DISP_REP_COL_DIMDIAMETER
1000
AcRTDxfName
1000
AEC_DISP_REP_COL_DIMDIAMETER
1000
AcRTDxfName
1000
AEC_DISP_REP_COL_DIMDIAMETER
1000
AcRTDxfName
1000
AEC_DISP_REP_COL_DIMDIAMETER
1001
AcadCodePageInfo
1000
CodePage
1070
    40
  0
ACAD_PROXY_OBJECT
  5
45B1
102
{ACAD_REACTORS
330
44B7
102
}
330
44B7
100
AcDbProxyObject
 90
      499
 91
      760
 71
    23
 97
       15
 70
     0
161
                90
310
4CB4D1329338004C932C4B4C
340
0
 94
        0
1001
ACAD
1000
AcRTDxfName
1000
AEC_DISP_REP_COL_DIMDISTANCE
1000
AcRTDxfName
1000
AEC_DISP_REP_COL_DIMDISTANCE
1000
AcRTDxfName
1000
AEC_DISP_REP_COL_DIMDISTANCE
1000
AcRTDxfName
1000
AEC_DISP_REP_COL_DIMDISTANCE
1000
AcRTDxfName
1000
AEC_DISP_REP_COL_DIMDISTANCE
1001
AcadCodePageInfo
1000
CodePage
1070
    40
  0
ACAD_PROXY_OBJECT
  5
45B2
102
{ACAD_REACTORS
330
44B7
102
}
330
44B7
100
AcDbProxyObject
 90
      499
 91
      761
 71
    23
 97
       15
 70
     0
161
                90
310
4CB4D1329338004C932C4B4C
340
0
 94
        0
1001
ACAD
1000
AcRTDxfName
1000
AEC_DISP_REP_COL_DIMLENGTH
1000
AcRTDxfName
1000
AEC_DISP_REP_COL_DIMLENGTH
1000
AcRTDxfName
1000
AEC_DISP_REP_COL_DIMLENGTH
1000
AcRTDxfName
1000
AEC_DISP_REP_COL_DIMLENGTH
1000
AcRTDxfName
1000
AEC_DISP_REP_COL_DIMLENGTH
1001
AcadCodePageInfo
1000
CodePage
1070
    40
  0
ACAD_PROXY_OBJECT
  5
45B3
102
{ACAD_REACTORS
330
44B7
102
}
330
44B7
100
AcDbProxyObject
 90
      499
 91
      762
 71
    23
 97
       15
 70
     0
161
               100
310
4CB4D1329338004C932C4B52DC
340
0
 94
        0
1001
ACAD
1000
AcRTDxfName
1000
AEC_DISP_REP_COL_DIMMAJORRADIUS
1000
AcRTDxfName
1000
AEC_DISP_REP_COL_DIMMAJORRADIUS
1000
AcRTDxfName
1000
AEC_DISP_REP_COL_DIMMAJORRADIUS
1000
AcRTDxfName
1000
AEC_DISP_REP_COL_DIMMAJORRADIUS
1000
AcRTDxfName
1000
AEC_DISP_REP_COL_DIMMAJORRADIUS
1001
AcadCodePageInfo
1000
CodePage
1070
    40
  0
ACAD_PROXY_OBJECT
  5
45B4
102
{ACAD_REACTORS
330
44B7
102
}
330
44B7
100
AcDbProxyObject
 90
      499
 91
      763
 71
    23
 97
       15
 70
     0
161
               100
310
4CB4D1329338004C932C4B52DC
340
0
 94
        0
1001
ACAD
1000
AcRTDxfName
1000
AEC_DISP_REP_COL_DIMMINORRADIUS
1000
AcRTDxfName
1000
AEC_DISP_REP_COL_DIMMINORRADIUS
1000
AcRTDxfName
1000
AEC_DISP_REP_COL_DIMMINORRADIUS
1000
AcRTDxfName
1000
AEC_DISP_REP_COL_DIMMINORRADIUS
1000
AcRTDxfName
1000
AEC_DISP_REP_COL_DIMMINORRADIUS
1001
AcadCodePageInfo
1000
CodePage
1070
    40
  0
ACAD_PROXY_OBJECT
  5
45AF
102
{ACAD_REACTORS
330
44B7
102
}
330
44B7
100
AcDbProxyObject
 90
      499
 91
      758
 71
    23
 97
       15
 70
     0
161
                90
310
4CB4D1329338004C932C4B4C
340
0
 94
        0
1001
ACAD
1000
AcRTDxfName
1000
AEC_DISP_REP_DCM_DIMRADIUS
1000
AcRTDxfName
1000
AEC_DISP_REP_DCM_DIMRADIUS
1000
AcRTDxfName
1000
AEC_DISP_REP_DCM_DIMRADIUS
1000
AcRTDxfName
1000
AEC_DISP_REP_DCM_DIMRADIUS
1000
AcRTDxfName
1000
AEC_DISP_REP_DCM_DIMRADIUS
1001
AcadCodePageInfo
1000
CodePage
1070
    40
  0
ACAD_PROXY_OBJECT
  5
45B5
102
{ACAD_REACTORS
330
44B7
102
}
330
44B7
100
AcDbProxyObject
 90
      499
 91
      764
 71
    23
 97
       15
 70
     0
161
                90
310
4CB4D1329338004C932C4B4C
340
0
 94
        0
1001
ACAD
1000
AcRTDxfName
1000
AEC_DISP_REP_COL_ELLIPARC2D
1000
AcRTDxfName
1000
AEC_DISP_REP_COL_ELLIPARC2D
1000
AcRTDxfName
1000
AEC_DISP_REP_COL_ELLIPARC2D
1000
AcRTDxfName
1000
AEC_DISP_REP_COL_ELLIPARC2D
1000
AcRTDxfName
1000
AEC_DISP_REP_COL_ELLIPARC2D
1001
AcadCodePageInfo
1000
CodePage
1070
    40
  0
ACAD_PROXY_OBJECT
  5
45B6
102
{ACAD_REACTORS
330
44B7
102
}
330
44B7
100
AcDbProxyObject
 90
      499
 91
      765
 71
    23
 97
       15
 70
     0
161
                90
310
4CB4D1329338004C932C4B4C
340
0
 94
        0
1001
ACAD
1000
AcRTDxfName
1000
AEC_DISP_REP_COL_LAYOUTDATA
1000
AcRTDxfName
1000
AEC_DISP_REP_COL_LAYOUTDATA
1000
AcRTDxfName
1000
AEC_DISP_REP_COL_LAYOUTDATA
1000
AcRTDxfName
1000
AEC_DISP_REP_COL_LAYOUTDATA
1000
AcRTDxfName
1000
AEC_DISP_REP_COL_LAYOUTDATA
1001
AcadCodePageInfo
1000
CodePage
1070
    40
  0
ACAD_PROXY_OBJECT
  5
45B7
102
{ACAD_REACTORS
330
44B7
102
}
330
44B7
100
AcDbProxyObject
 90
      499
 91
      766
 71
    23
 97
       15
 70
     0
161
                90
310
4CB4D1329338004C932C4B4C
340
0
 94
        0
1001
ACAD
1000
AcRTDxfName
1000
AEC_DISP_REP_COL_LINE2D
1000
AcRTDxfName
1000
AEC_DISP_REP_COL_LINE2D
1000
AcRTDxfName
1000
AEC_DISP_REP_COL_LINE2D
1000
AcRTDxfName
1000
AEC_DISP_REP_COL_LINE2D
1000
AcRTDxfName
1000
AEC_DISP_REP_COL_LINE2D
1001
AcadCodePageInfo
1000
CodePage
1070
    40
  0
ACAD_PROXY_OBJECT
  5
45B8
102
{ACAD_REACTORS
330
44B7
102
}
330
44B7
100
AcDbProxyObject
 90
      499
 91
      767
 71
    23
 97
       15
 70
     0
161
                90
310
4CB4D1329338004C932C4B4C
340
0
 94
        0
1001
ACAD
1000
AcRTDxfName
1000
AEC_DISP_REP_COL_MODIFIER_ADD
1000
AcRTDxfName
1000
AEC_DISP_REP_COL_MODIFIER_ADD
1000
AcRTDxfName
1000
AEC_DISP_REP_COL_MODIFIER_ADD
1000
AcRTDxfName
1000
AEC_DISP_REP_COL_MODIFIER_ADD
1000
AcRTDxfName
1000
AEC_DISP_REP_COL_MODIFIER_ADD
1001
AcadCodePageInfo
1000
CodePage
1070
    40
  0
ACAD_PROXY_OBJECT
  5
45B9
102
{ACAD_REACTORS
330
44B7
102
}
330
44B7
100
AcDbProxyObject
 90
      499
 91
      768
 71
    23
 97
       15
 70
     0
161
                90
310
4CB4D1329338004C932C4B4C
340
0
 94
        0
1001
ACAD
1000
AcRTDxfName
1000
AEC_DISP_REP_COL_MODIFIER_CUTPLANE
1000
AcRTDxfName
1000
AEC_DISP_REP_COL_MODIFIER_CUTPLANE
1000
AcRTDxfName
1000
AEC_DISP_REP_COL_MODIFIER_CUTPLANE
1000
AcRTDxfName
1000
AEC_DISP_REP_COL_MODIFIER_CUTPLANE
1000
AcRTDxfName
1000
AEC_DISP_REP_COL_MODIFIER_CUTPLANE
1001
AcadCodePageInfo
1000
CodePage
1070
    40
  0
ACAD_PROXY_OBJECT
  5
45BA
102
{ACAD_REACTORS
330
44B7
102
}
330
44B7
100
AcDbProxyObject
 90
      499
 91
      769
 71
    23
 97
       15
 70
     0
161
                90
310
4CB4D1329338004C932C4B4C
340
0
 94
        0
1001
ACAD
1000
AcRTDxfName
1000
AEC_DISP_REP_COL_MODIFIER_EXTRUSION
1000
AcRTDxfName
1000
AEC_DISP_REP_COL_MODIFIER_EXTRUSION
1000
AcRTDxfName
1000
AEC_DISP_REP_COL_MODIFIER_EXTRUSION
1000
AcRTDxfName
1000
AEC_DISP_REP_COL_MODIFIER_EXTRUSION
1000
AcRTDxfName
1000
AEC_DISP_REP_COL_MODIFIER_EXTRUSION
1001
AcadCodePageInfo
1000
CodePage
1070
    40
  0
ACAD_PROXY_OBJECT
  5
45BB
102
{ACAD_REACTORS
330
44B7
102
}
330
44B7
100
AcDbProxyObject
 90
      499
 91
      770
 71
    23
 97
       15
 70
     0
161
                90
310
4CB4D1329338004C932C4B4C
340
0
 94
        0
1001
ACAD
1000
AcRTDxfName
1000
AEC_DISP_REP_COL_MODIFIER_GROUP
1000
AcRTDxfName
1000
AEC_DISP_REP_COL_MODIFIER_GROUP
1000
AcRTDxfName
1000
AEC_DISP_REP_COL_MODIFIER_GROUP
1000
AcRTDxfName
1000
AEC_DISP_REP_COL_MODIFIER_GROUP
1000
AcRTDxfName
1000
AEC_DISP_REP_COL_MODIFIER_GROUP
1001
AcadCodePageInfo
1000
CodePage
1070
    40
  0
ACAD_PROXY_OBJECT
  5
45BC
102
{ACAD_REACTORS
330
44B7
102
}
330
44B7
100
AcDbProxyObject
 90
      499
 91
      771
 71
    23
 97
       15
 70
     0
161
                90
310
4CB4D1329338004C932C4B4C
340
0
 94
        0
1001
ACAD
1000
AcRTDxfName
1000
AEC_DISP_REP_COL_MODIFIER_PATH
1000
AcRTDxfName
1000
AEC_DISP_REP_COL_MODIFIER_PATH
1000
AcRTDxfName
1000
AEC_DISP_REP_COL_MODIFIER_PATH
1000
AcRTDxfName
1000
AEC_DISP_REP_COL_MODIFIER_PATH
1000
AcRTDxfName
1000
AEC_DISP_REP_COL_MODIFIER_PATH
1001
AcadCodePageInfo
1000
CodePage
1070
    40
  0
ACAD_PROXY_OBJECT
  5
45BD
102
{ACAD_REACTORS
330
44B7
102
}
330
44B7
100
AcDbProxyObject
 90
      499
 91
      772
 71
    23
 97
       15
 70
     0
161
                90
310
4CB4D1329338004C932C4B4C
340
0
 94
        0
1001
ACAD
1000
AcRTDxfName
1000
AEC_DISP_REP_COL_MODIFIER_SUBTRACT
1000
AcRTDxfName
1000
AEC_DISP_REP_COL_MODIFIER_SUBTRACT
1000
AcRTDxfName
1000
AEC_DISP_REP_COL_MODIFIER_SUBTRACT
1000
AcRTDxfName
1000
AEC_DISP_REP_COL_MODIFIER_SUBTRACT
1000
AcRTDxfName
1000
AEC_DISP_REP_COL_MODIFIER_SUBTRACT
1001
AcadCodePageInfo
1000
CodePage
1070
    40
  0
ACAD_PROXY_OBJECT
  5
45BE
102
{ACAD_REACTORS
330
44B7
102
}
330
44B7
100
AcDbProxyObject
 90
      499
 91
      773
 71
    23
 97
       15
 70
     0
161
                90
310
4CB4D1329338004C932C4B4C
340
0
 94
        0
1001
ACAD
1000
AcRTDxfName
1000
AEC_DISP_REP_COL_MODIFIER_TRANSITION
1000
AcRTDxfName
1000
AEC_DISP_REP_COL_MODIFIER_TRANSITION
1000
AcRTDxfName
1000
AEC_DISP_REP_COL_MODIFIER_TRANSITION
1000
AcRTDxfName
1000
AEC_DISP_REP_COL_MODIFIER_TRANSITION
1000
AcRTDxfName
1000
AEC_DISP_REP_COL_MODIFIER_TRANSITION
1001
AcadCodePageInfo
1000
CodePage
1070
    40
  0
ACAD_PROXY_OBJECT
  5
45BF
102
{ACAD_REACTORS
330
44B7
102
}
330
44B7
100
AcDbProxyObject
 90
      499
 91
      774
 71
    23
 97
       15
 70
     0
161
                90
310
4CB4D1329338004C932C4B4C
340
0
 94
        0
1001
ACAD
1000
AcRTDxfName
1000
AEC_DISP_REP_COL_POINT2D
1000
AcRTDxfName
1000
AEC_DISP_REP_COL_POINT2D
1000
AcRTDxfName
1000
AEC_DISP_REP_COL_POINT2D
1000
AcRTDxfName
1000
AEC_DISP_REP_COL_POINT2D
1000
AcRTDxfName
1000
AEC_DISP_REP_COL_POINT2D
1001
AcadCodePageInfo
1000
CodePage
1070
    40
  0
ACAD_PROXY_OBJECT
  5
45C0
102
{ACAD_REACTORS
330
44B7
102
}
330
44B7
100
AcDbProxyObject
 90
      499
 91
      775
 71
    23
 97
       15
 70
     0
161
                90
310
4CB4D1329338004C932C4B4C
340
0
 94
        0
1001
ACAD
1000
AcRTDxfName
1000
AEC_DISP_REP_COL_PROFILE
1000
AcRTDxfName
1000
AEC_DISP_REP_COL_PROFILE
1000
AcRTDxfName
1000
AEC_DISP_REP_COL_PROFILE
1000
AcRTDxfName
1000
AEC_DISP_REP_COL_PROFILE
1000
AcRTDxfName
1000
AEC_DISP_REP_COL_PROFILE
1001
AcadCodePageInfo
1000
CodePage
1070
    40
  0
ACAD_PROXY_OBJECT
  5
45C1
102
{ACAD_REACTORS
330
44B7
102
}
330
44B7
100
AcDbProxyObject
 90
      499
 91
      776
 71
    23
 97
       15
 70
     0
161
                90
310
4CB4D1329338004C932C4B4C
340
0
 94
        0
1001
ACAD
1000
AcRTDxfName
1000
AEC_DISP_REP_COL_WORKPLANE
1000
AcRTDxfName
1000
AEC_DISP_REP_COL_WORKPLANE
1000
AcRTDxfName
1000
AEC_DISP_REP_COL_WORKPLANE
1000
AcRTDxfName
1000
AEC_DISP_REP_COL_WORKPLANE
1000
AcRTDxfName
1000
AEC_DISP_REP_COL_WORKPLANE
1001
AcadCodePageInfo
1000
CodePage
1070
    40
  0
ACAD_PROXY_OBJECT
  5
45C2
102
{ACAD_REACTORS
330
44B7
102
}
330
44B7
100
AcDbProxyObject
 90
      499
 91
      777
 71
    23
 97
       15
 70
     0
161
               100
310
4CB4D1329338004C932C4B52DC
340
0
 94
        0
1001
ACAD
1000
AcRTDxfName
1000
AEC_DISP_REP_COL_WORKPLANE_REF
1000
AcRTDxfName
1000
AEC_DISP_REP_COL_WORKPLANE_REF
1000
AcRTDxfName
1000
AEC_DISP_REP_COL_WORKPLANE_REF
1000
AcRTDxfName
1000
AEC_DISP_REP_COL_WORKPLANE_REF
1000
AcRTDxfName
1000
AEC_DISP_REP_COL_WORKPLANE_REF
1001
AcadCodePageInfo
1000
CodePage
1070
    40
  0
XRECORD
  5
46A8
102
{ACAD_REACTORS
330
46A7
102
}
330
46A7
100
AcDbXrecord
280
     1
330
5A34
330
5A3B
330
5A3C
330
5A3F
330
5A40
330
5A57
330
5A86
330
5A87
330
5A88
330
5A9E
330
5AAC
330
5AAD
  0
DMSTYLIZEDENTITIESTABLE
  5
1A9
102
{ACAD_REACTORS
330
19C
102
}
330
19C
100
AcMapDMStylizedEntitiesTable
 70
     1
  0
MAPRESOURCEMANAGEROBJECT
  5
5D74
102
{ACAD_REACTORS
330
19C
102
}
330
19C
100
AcMapResourceManager
 70
     1
 90
        0
  0
DATATABLE
  5
1A0
102
{ACAD_REACTORS
330
19C
102
}
330
19C
100
AcDbDataTable
 70
     2
 90
        4
 91
       15
  1

 92
        3
  2
OriginalClassName
  3
AcMapDMDefaultStyle
  3
AcMapDMEntityStyle
  3
AcMapDMRasterStyle
  3
AcMapDMSEAnnotationStyle
  3
AcMapDMSEHatchStyle
  3
AcMapDMSETextStyle
  3
AcMapDMThematicStyle
  3
AcMapDMBaseElement
  3
AcMapDMAttachedDwgsQueryElement
  3
AcMapDMFeatureElement
  3
AcMapDMLayerElement
  3
AcMapDMCurrentDwgQueryElement
  3
AcMapDMRasterElement
  3
AcMapDMTopoElement
  3
AcMapDMTopoQueryElement
 92
        3
  2
ProxyDisplayName
  3
Default
  3
Entity
  3
Raster
  3
Annotation
  3
Hatch
  3
Text
  3
Thematic
  3
Map Base
  3
Ade Query
  3
Feature Class
  3
Layer
  3
Ade Project Query
  3
Raster
  3
Topology
  3
Topology Query
 92
        1
  2
CustomObjectType
 93
        2
 93
        2
 93
        2
 93
        2
 93
        2
 93
        2
 93
        2
 93
        1
 93
        1
 93
        1
 93
        1
 93
        1
 93
        1
 93
        1
 93
        1
 92
        1
  2
StyleCoExistanceType
 93
        1
 93
        1
 93
        1
 93
        1
 93
        1
 93
        1
 93
        2
 93
        0
 93
        0
 93
        0
 93
        0
 93
        0
 93
        0
 93
        0
 93
        0
  0
DMMAPMANAGER
  5
19D
102
{ACAD_REACTORS
330
19C
102
}
330
19C
100
AcDbDictionary
281
     1
  3
DisplayMap1
350
1A1
100
AcDbDictionaryWithDefault
340
1A1
100
AcMapDMMapManager
 70
     1
340
1A1
  0
DMSTYLELIBRARY
  5
19E
102
{ACAD_REACTORS
330
19C
102
}
330
19C
100
AcMapDMStyleLibrary
 70
     1
 70
     1
360
19F
  0
DICTIONARY
  5
483C
102
{ACAD_REACTORS
330
19C
102
}
330
19C
100
AcDbDictionary
281
     1
  0
ACAD_PROXY_OBJECT
  5
1FC
330
1FB
100
AcDbProxyObject
 90
      499
 91
      540
 71
    23
 97
       15
 70
     0
161
             22275
310
11C09059712003800002000008046105958D8D11894DD5C999858D954DB1BDC19531858995B0004000008044D05958D8D11891D95B995C985B131858995B0006000008048505958D8D11894D958DD1A5BDB935A5B9BDC93D9999CD95D131858995B1A5B99C0041010000084000201164165636344625472616E7369656E744
310
76C79706873001040002010E4165636344624C6F744C696E65001840002011C41656363446253747275637475726553656374696F6E4C6162656C001080400002200008048D05958D8D11895905B1A59DB9B595B9D10DC995CDD10DD5C9D99531858995B1A5B99C004200008045D05958D8D118941A5C1954D958DD1A5BDB9
310
31858995B0006200008043105958D8D11891DC985C1A0001300008046905958D8D11891DC985C1A14DD5C195C995B195D985D1A5BDB8019314C0400002300008049105958D8D118905B1A59DB9B595B9D135A5B9BDC94DD185D1A5BDB931858995B1A5B99C003300008044D05958D8D1189199585D1D5C99531858995B0004
310
300008046505958D8D11894D958DD1A5BDB941A5C1953995D1DDBDC9AC005300008049105958D8D118945D585B9D1A5D1E55185AD95BD9999059D9DC9959D85D195518589B194006300008046D05958D8D11893995D1DDBDC9AD4185C9D10DBDB9B9958DD1BDC8001400008045D05958D8D11894185C9D14D958DD1A5BDB93
310
1858995B000540100000D00400002400008047105958D8D118905B1A59DB9B595B9D15185B99D95B9D131858995B0003400008043D05958D8D118931858995B1A5B99C004400008047905958D8D118905B1A59DB9B595B9D14DD18515C5D531858995B1A5B99C005400008045505958D8D11894DD1C9D58DD1D5C995318589
310
95B0006400008049905958D8D11894D958DD1A5BDB959A595DD45D585B9D1A5D1E55185AD95BD9999518589B194001500008043D05958D8D118941BDA5B9D115B9D000250100001540400002500008043905958D8D1189199585D1D5C994003500008045505958D8D11894185C98D95B109BDD5B99185C9E40045000080481
310
05958D8D11894D958DD1A5BDB91DC985919509C99585AD31858995B1A5B99C005500008046505958D8D11895905B1A59DB9B595B9D131858995B1A5B99C001600008049105958D8D11895905B1A59DB9B595B9D121051D95BDB541BDA5B9D131858995B1A5B99C00A60E00000980002011E416563634462477261706850726
310
F66696C654E6574776F726B50617274000980400003600008047505958D8D11894D958DD1A5BDB94D959DB595B9D131858995B1A5B99C004600008043105958D8D11894DA19595D0005600008043905958D8D11891DC98591A5B99C001700008046105958D8D118905B1A59DB9B595B9D131858995B1A5B99C002700008046
310
105958D8D11894DC185B9B9A5B99D41A5C19531858995B0003700008045505958D8D11894DD1853D9999CD95D131858995B0004700008044D05958D8D11894DD18515B195D931858995B0005700008045D05958D8D118941A5C19541C9BD99A5B19531858995B0000800008046905958D8D118905B1A59DB9B595B9D10DD5C
310
9D99531858995B0001800008046905958D8D118905D5D1BD199585D1D5C99531858995B1A5B99C002800008042905958D8D11891D95BC003800008045D05958D8D118905B1A59DB9B595B9D1412531858995B0004800008044505958D8D11894DD5C999858D9551A5B8005800008045905958D8D11894D958DD1A5BDB90DBD
310
C9C9A591BDC8000900008046105958D8D11893585D18DA131A5B99531858995B1A5B99C001900008043505958D8D118915B9D1A5D1E4002900008043105958D8D118931858995B001990E40002011B416563634462416C69676E6D656E7453706972616C4C6162656C001240002012041656363446256416C69676E6D656E7
310
453746174696F6E4C6162656C696E67001640002011C41656363446253656374696F6E5669657744657074684C6162656C000280002011941656363446253616D706C654C696E654C6162656C696E67000680002011C41656363446250726F66696C655669657744657074684C6162656C000A80002011A4165636344624C6
310
567656E645363686564756C655461626C65000E8000201174165636344625061727450726F66696C654C6162656C001280002011F416563634462416C69676E6D656E7453746174696F6E4C6162656C696E67001680002011741656363446253757266616365456C65764C6162656C0002C000201194165636344625061726
310
3656C5365676D656E745461626C650006C0002011041656363446253764E6574776F726B000AC0002011141656363446252696768744F66576179000EC00020119416563634462506F696E745363686564756C655461626C650002C0400004B00008048D05958D8D118905B1A59DB9B595B9D159051D95BDB541BDA5B9D131
310
858995B1A5B99C005B00008043D05958D8D11894DD919A59DD5C994000C00008044D05958D8D118949D5B9D1A5B5954DD185D194001C00008049505958D8D11895905B1A59DB9B595B9D135A5B9BDC94DD185D1A5BDB931858995B1A5B99C002C00008045105958D8D11894D8DA19591D5B195518589B194003C00008047D0
310
5958D8D11895185B99D95B9D125B9D195C9CD958DD1A5BDB9518589B194004C00008044905958D8D1189199585D1D5C99531A5B994005C00008044D05958D8D11893995D1DDBDC9AD4DD185D194000D00008048505958D8D11895905B1A59DB9B595B9D14D859D0DD5C9D99531858995B1A5B99C001D00008045105958D8D1
310
1891DC985C1A13585CDCD2185D5B0002D00008044105958D8D118941A5C19531858995B0003D00008047505958D8D11895905B1A59DB9B595B9D131A5B99531858995B1A5B99C004D00008047105958D8D118941A5C19505B9914DD1C9D58DD1D5C995518589B194018D1740002011D41656363446253757266616365436F6
310
E746F75724C6162656C696E6700038000201164165636344624D6174657269616C53656374696F6E00078000201164165636344624F6666736574456C65764C6162656C000B80002011641656363446253656374696F6E4C6162656C696E67000F800020123416563634462416C69676E6D656E7444657369676E537065656
310
44C6162656C696E670013800020113416563634462526F61647761795374617465006385E00008044905958D8D11894DD5C999858D951DC9A590000F00008044905958D8D11893995D1DDBDC9AD4185C9D0001F00008044905958D8D11894DD58985CDCD95B589B1E4002F00008047105958D8D11894D958DD1A5BDB93D999
310
9CD95D131858995B1A5B99C003F00008044505958D8D118941BDA5B9D11DC9BDD5C0004F00008047105958D8D11894DD1C9D58DD1D5C99541C9BD99A5B19531858995B0018F17C0002011B4165636344624C6F744C696E655363686564756C655461626C6500040000201104165636344624E6F74654C6162656C000C00002
310
011C41656363446256416C69676E6D656E745056494C6162656C696E670014000020121416563634462416C69676E6D656E7447656F6D506F696E744C6162656C696E6700240380001900440002011A416563634462416C69676E6D656E7450494C6162656C696E67000C400020118416563634462566965774672616D654C
310
6162656C696E670014400020115416563634462416C69676E6D656E745461626C65006441200008046105958D8D118919858D954D8DA19591D5B195518589B194003200008046505958D8D11890DD5C9D9954D8DA19591D5B195518589B194005200008043905958D8D11891D95BD7D85958C019294C
350
21D
350
2BD
350
233
350
297
350
247
350
2C7
350
251
350
2B1
350
249
350
2CB
350
277
350
23B
350
245
350
2B5
350
2DB
350
20B
350
22F
350
29B
350
27F
350
25F
350
26D
350
255
350
25B
350
219
350
24D
350
213
350
2AD
350
2A1
350
279
350
2AB
350
2DD
350
22D
350
267
350
293
350
2CF
350
2CD
350
1FD
350
243
350
26F
350
29D
350
2A3
350
239
350
209
350
2A5
350
2A9
350
2A7
350
275
350
203
350
21F
350
235
350
20D
350
2BF
350
291
350
257
350
227
350
24B
350
28F
350
211
350
2D9
350
29F
350
28B
350
27D
350
24F
350
26B
350
215
350
2B9
350
269
350
2C3
350
281
350
27B
350
229
350
21B
350
2C1
350
285
350
2D3
350
28D
350
2C5
350
231
350
261
350
2D7
350
23F
350
273
350
2D1
350
271
350
287
350
2B7
350
259
350
265
350
295
350
205
350
283
350
289
350
2BB
350
25D
350
2B3
350
299
350
221
350
2AF
350
23D
350
253
350
263
350
2D5
350
207
350
223
350
241
350
20F
350
2DF
350
217
350
2C9
350
22B
350
225
350
237
350
1FE
 94
        0
1001
ACAD
1000
AcRTDxfName
1000
AECC_CLASS_NODE
1000
AcRTDxfName
1000
AECC_CLASS_NODE
1000
AcRTDxfName
1000
AECC_CLASS_NODE
1000
AcRTDxfName
1000
AECC_CLASS_NODE
1000
AcRTDxfName
1000
AECC_CLASS_NODE
1001
AcadCodePageInfo
1000
CodePage
1070
    40
  0
ACAD_PROXY_OBJECT
  5
200
330
1FB
100
AcDbProxyObject
 90
      499
 91
      542
 71
    23
 97
       15
 70
     0
161
              6758
310
11C092DAAB99A082061B18C80061A1085000018480061A4084800018080061A8F00C88061A1085000001A88061A3085000000488061A408480001188806060045A2018180082840602811208806060047A201810000000005494B08247220181245220181444A20181444220181440A28180A040321018684214000002A101
310
86924120000022101869E21200000121018690212000001A1018694C12000000210186B6620A08180A0442A20180C41220180C232281868421400002122818690212000020228186A3E032081868421400000120818690212000000208186A7020A00180A0840A10180A0430A00180A0823210186842140000212101869021
310
2000021A1018694612000020210186C40A08180A08622181818019E8606060266A18181801908606060263A18181809CC8606091C68606091C28606091C086060910C8A061A108500001048A061A408480001068A061A518480001008A061B08C82061A1085000008482061A4084800008082061ACC902800602819A886060
310
60069218181809A08606060246A20186C712181818008C80061A1085000008480061A4084800008080061A8F1D2860627FFFFFFFFFFFFFFFE74218189FFFFFFFFFFFFFFFF9CE860627FFFFFFFFFFFFFFFE65A10180C60A10180A04432101868421400004121018690212000041A1018694412000040210186C60A08180A0C3
310
32001868421400003120018690212000030202186A3C432081868421400004120818690212000041A0818694812000040208186B6660A00180A06432001868421400004120018690212000040200186A3C00A20180A067221818788288060600222201818008688060600212201818019C84061A4085000019484061A49050
310
00019284061A3905000018C84061A1085000018484061A4084800018684061A5504800018084061A8F002840602831A686061A8090E88060C00000000000000000000000000000000432201830000000000000000000000000000000010888060C0000000000000000000000000000000041A2018300000000000000000000
310
0000000000000828A0602819A284061A4985000019E82061A7085000018C82061A1085000018A82061A4904800018882061A7A84800018482061A4084800018682061A5304800018082061AD98028206028128
330
0
 94
        0
1001
ACAD
1000
AcRTDxfName
1000
AECC_ROOT_SETTINGS_NODE
1000
AcRTDxfName
1000
AECC_ROOT_SETTINGS_NODE
1000
AcRTDxfName
1000
AECC_ROOT_SETTINGS_NODE
1000
AcRTDxfName
1000
AECC_ROOT_SETTINGS_NODE
1000
AcRTDxfName
1000
AECC_ROOT_SETTINGS_NODE
1001
AcadCodePageInfo
1000
CodePage
1070
    40
  0
DICTIONARY
  5
5221
330
D
100
AcDbDictionary
280
     1
281
     1
  0
DICTIONARY
  5
150
330
14F
100
AcDbDictionary
280
     1
281
     1
  3
BUMPTILE
360
152
  3
DIFFUSETILE
360
151
  3
OPACITYTILE
360
155
  3
REFLECTIONTILE
360
154
  3
REFRACTIONTILE
360
156
  3
SPECULARTILE
360
153
  0
DICTIONARY
  5
148
330
147
100
AcDbDictionary
280
     1
281
     1
  3
BUMPTILE
360
14A
  3
DIFFUSETILE
360
149
  3
OPACITYTILE
360
14D
  3
REFLECTIONTILE
360
14C
  3
REFRACTIONTILE
360
14E
  3
SPECULARTILE
360
14B
  0
DICTIONARY
  5
158
330
157
100
AcDbDictionary
280
     1
281
     1
  3
BUMPTILE
360
15A
  3
DIFFUSETILE
360
159
  3
OPACITYTILE
360
15D
  3
REFLECTIONTILE
360
15C
  3
REFRACTIONTILE
360
15E
  3
SPECULARTILE
360
15B
  0
DICTIONARY
  5
44A3
330
1A2
100
AcDbDictionary
280
     1
281
     1
  3
ACAD_ROUNDTRIP_2008_TABLESTYLE_CELLSTYLEMAP
360
5D78
  0
DICTIONARY
  5
44A1
330
172
100
AcDbDictionary
280
     1
281
     1
  3
ACAD_ROUNDTRIP_2008_TABLESTYLE_CELLSTYLEMAP
360
5D77
  0
DMMAP
  5
1A1
102
{ACAD_REACTORS
330
19D
330
1A3
102
}
330
19D
100
AcMapDMMap
 70
     1
  1
기본값
 70
     1
330
0
100
AcMapDMMap
 70
     1
 90
        1
360
1A3
 90
        1
 40
1.797693134862314E+99
 70
     1
100
AcMapDMMap
 70
     6
 70
     0
 40
1.797693134862314E+99
290
     1
290
     1
 40
1.0
 40
3.0
  1
Legend
 90
        1
 40
1.797693134862314E+99
  1

 70
     0
 40
1.0
 70
     1
 90
        0
 90
        1
360
1A4
 40
1201.180864386221
290
     0
290
     1
 40
1.0
 90
       40
290
     0
290
     1
 40
-358.1869359867999
 40
13.93017634309666
 40
1071.121537374788
 40
813.6747275446861
  1

290
     1
 40
45.0
 40
45.0
1001
MapManagementAppName
1070
     1
1070
     0
1040
0.0
1040
0.0
1040
1000.0
1040
1000.0
1000

  0
DMSTYLECATEGORY
  5
19F
102
{ACAD_REACTORS
330
19E
102
}
330
0
100
AcMapDMStyleCategory
 70
     1
  1
화면표시 스타일
 70
     0
  0
ACAD_PROXY_OBJECT
  5
21D
330
1FC
100
AcDbProxyObject
 90
      499
 91
      540
 71
    23
 97
       15
 70
     0
161
               418
310
11C08800E0000901298380002A0801400102400400102204600001C0010180003000403243D05958D8D118905CDCD95B589B1E400C
350
21E
 94
        0
1001
ACAD
1000
AcRTDxfName
1000
AECC_CLASS_NODE
1000
AcRTDxfName
1000
AECC_CLASS_NODE
1000
AcRTDxfName
1000
AECC_CLASS_NODE
1000
AcRTDxfName
1000
AECC_CLASS_NODE
1000
AcRTDxfName
1000
AECC_CLASS_NODE
1001
AcadCodePageInfo
1000
CodePage
1070
    40
  0
ACAD_PROXY_OBJECT
  5
2BD
330
1FC
100
AcDbProxyObject
 90
      499
 91
      540
 71
    23
 97
       15
 70
     0
161
               507
310
11C082000008046105958D8D11894DD5C999858D954DB1BDC19531858995B002404A60E0000923082CAC6C688C4A6EAE4CCC2C6CAA6D8DEE0CA98C2C4CAD800C
350
2BE
 94
        0
1001
ACAD
1000
AcRTDxfName
1000
AECC_CLASS_NODE
1000
AcRTDxfName
1000
AECC_CLASS_NODE
1000
AcRTDxfName
1000
AECC_CLASS_NODE
1000
AcRTDxfName
1000
AECC_CLASS_NODE
1000
AcRTDxfName
1000
AECC_CLASS_NODE
1001
AcadCodePageInfo
1000
CodePage
1070
    40
  0
ACAD_PROXY_OBJECT
  5
233
330
1FC
100
AcDbProxyObject
 90
      499
 91
      540
 71
    23
 97
       15
 70
     0
161
               612
310
11C084000008044D05958D8D11891D95B995C985B131858995B002404A60E0000A820050004090010004088118000070004060000C00100C91341656363446247656E6572616C4C6162656C00C
350
234
 94
        0
1001
ACAD
1000
AcRTDxfName
1000
AECC_CLASS_NODE
1000
AcRTDxfName
1000
AECC_CLASS_NODE
1000
AcRTDxfName
1000
AECC_CLASS_NODE
1000
AcRTDxfName
1000
AECC_CLASS_NODE
1000
AcRTDxfName
1000
AECC_CLASS_NODE
1001
AcadCodePageInfo
1000
CodePage
1070
    40
  0
ACAD_PROXY_OBJECT
  5
297
330
1FC
100
AcDbProxyObject
 90
      499
 91
      540
 71
    23
 97
       15
 70
     0
161
               651
310
11C086000008048505958D8D11894D958DD1A5BDB935A5B9BDC93D9999CD95D131858995B1A5B99C02404A60E0000924282CAC6C688C4A6CAC6E8D2DEDC9AD2DCDEE49ECCCCE6CAE898C2C4CAD8D2DCCE00C
350
298
 94
        0
1001
ACAD
1000
AcRTDxfName
1000
AECC_CLASS_NODE
1000
AcRTDxfName
1000
AECC_CLASS_NODE
1000
AcRTDxfName
1000
AECC_CLASS_NODE
1000
AcRTDxfName
1000
AECC_CLASS_NODE
1000
AcRTDxfName
1000
AECC_CLASS_NODE
1001
AcadCodePageInfo
1000
CodePage
1070
    40
  0
ACAD_PROXY_OBJECT
  5
247
330
1FC
100
AcDbProxyObject
 90
      499
 91
      540
 71
    23
 97
       15
 70
     0
161
               450
310
11C0841010000901298380002A0801400102400400102204600001C0010180003000403244D05958D8D118925B9D195C99995C995B98D9400C
350
248
 94
        0
1001
ACAD
1000
AcRTDxfName
1000
AECC_CLASS_NODE
1000
AcRTDxfName
1000
AECC_CLASS_NODE
1000
AcRTDxfName
1000
AECC_CLASS_NODE
1000
AcRTDxfName
1000
AECC_CLASS_NODE
1000
AcRTDxfName
1000
AECC_CLASS_NODE
1001
AcadCodePageInfo
1000
CodePage
1070
    40
  0
ACAD_PROXY_OBJECT
  5
2C7
330
1FC
100
AcDbProxyObject
 90
      499
 91
      540
 71
    23
 97
       15
 70
     0
161
               475
310
11C082100008045905958D8D118951C985B9CDA595B9D11DB1E5C1A1CC02404A60E0000922C82CAC6C688C4A8E4C2DCE6D2CADCE88ED8F2E0D0E600C
350
2C8
 94
        0
1001
ACAD
1000
AcRTDxfName
1000
AECC_CLASS_NODE
1000
AcRTDxfName
1000
AECC_CLASS_NODE
1000
AcRTDxfName
1000
AECC_CLASS_NODE
1000
AcRTDxfName
1000
AECC_CLASS_NODE
1000
AcRTDxfName
1000
AECC_CLASS_NODE
1001
AcadCodePageInfo
1000
CodePage
1070
    40
  0
ACAD_PROXY_OBJECT
  5
251
330
1FC
100
AcDbProxyObject
 90
      499
 91
      540
 71
    23
 97
       15
 70
     0
161
               532
310
11C084100008043905958D8D118931BDD131A5B99402404A60E0000A820050004090010004088118000070004060000C00100C90E4165636344624C6F744C696E6500C
350
252
 94
        0
1001
ACAD
1000
AcRTDxfName
1000
AECC_CLASS_NODE
1000
AcRTDxfName
1000
AECC_CLASS_NODE
1000
AcRTDxfName
1000
AECC_CLASS_NODE
1000
AcRTDxfName
1000
AECC_CLASS_NODE
1000
AcRTDxfName
1000
AECC_CLASS_NODE
1001
AcadCodePageInfo
1000
CodePage
1070
    40
  0
ACAD_PROXY_OBJECT
  5
2B1
330
1FC
100
AcDbProxyObject
 90
      499
 91
      540
 71
    23
 97
       15
 70
     0
161
               571
310
11C086100008047105958D8D11894DD1C9D58DD1D5C9954D958DD1A5BDB931858995B002404A60E0000923882CAC6C688C4A6E8E4EAC6E8EAE4CAA6CAC6E8D2DEDC98C2C4CAD800C
350
2B2
 94
        0
1001
ACAD
1000
AcRTDxfName
1000
AECC_CLASS_NODE
1000
AcRTDxfName
1000
AECC_CLASS_NODE
1000
AcRTDxfName
1000
AECC_CLASS_NODE
1000
AcRTDxfName
1000
AECC_CLASS_NODE
1000
AcRTDxfName
1000
AECC_CLASS_NODE
1001
AcadCodePageInfo
1000
CodePage
1070
    40
  0
ACAD_PROXY_OBJECT
  5
249
330
1FC
100
AcDbProxyObject
 90
      499
 91
      540
 71
    23
 97
       15
 70
     0
161
               305
310
11C084201000090129838000248C20B2B1B1A23124B73A32B93332B932B731B2A1B432B1B5804C
350
24A
 94
        0
1001
ACAD
1000
AcRTDxfName
1000
AECC_CLASS_NODE
1000
AcRTDxfName
1000
AECC_CLASS_NODE
1000
AcRTDxfName
1000
AECC_CLASS_NODE
1000
AcRTDxfName
1000
AECC_CLASS_NODE
1000
AcRTDxfName
1000
AECC_CLASS_NODE
1001
AcadCodePageInfo
1000
CodePage
1070
    40
  0
ACAD_PROXY_OBJECT
  5
2CB
330
1FC
100
AcDbProxyObject
 90
      499
 91
      540
 71
    23
 97
       15
 70
     0
161
               683
310
11C082200008048D05958D8D11895905B1A59DB9B595B9D10DC995CDD10DD5C9D99531858995B1A5B99C02404A60E0000924682CAC6C688C4AC82D8D2CEDCDACADCE886E4CAE6E886EAE4ECCA98C2C4CAD8D2DCCE00C
350
2CC
 94
        0
1001
ACAD
1000
AcRTDxfName
1000
AECC_CLASS_NODE
1000
AcRTDxfName
1000
AECC_CLASS_NODE
1000
AcRTDxfName
1000
AECC_CLASS_NODE
1000
AcRTDxfName
1000
AECC_CLASS_NODE
1000
AcRTDxfName
1000
AECC_CLASS_NODE
1001
AcadCodePageInfo
1000
CodePage
1070
    40
  0
ACAD_PROXY_OBJECT
  5
277
330
1FC
100
AcDbProxyObject
 90
      499
 91
      540
 71
    23
 97
       15
 70
     0
161
               491
310
11C084200008045D05958D8D118941A5C1954D958DD1A5BDB931858995B002404A60E0000922E82CAC6C688C4A0D2E0CAA6CAC6E8D2DEDC98C2C4CAD800C
350
278
 94
        0
1001
ACAD
1000
AcRTDxfName
1000
AECC_CLASS_NODE
1000
AcRTDxfName
1000
AECC_CLASS_NODE
1000
AcRTDxfName
1000
AECC_CLASS_NODE
1000
AcRTDxfName
1000
AECC_CLASS_NODE
1000
AcRTDxfName
1000
AECC_CLASS_NODE
1001
AcadCodePageInfo
1000
CodePage
1070
    40
  0
ACAD_PROXY_OBJECT
  5
23B
330
1FC
100
AcDbProxyObject
 90
      499
 91
      540
 71
    23
 97
       15
 70
     0
161
               315
310
11C086200008043105958D8D11891DC985C1A002404A60E0000921882CAC6C688C48EE4C2E0D000C
350
23C
 94
        0
1001
ACAD
1000
AcRTDxfName
1000
AECC_CLASS_NODE
1000
AcRTDxfName
1000
AECC_CLASS_NODE
1000
AcRTDxfName
1000
AECC_CLASS_NODE
1000
AcRTDxfName
1000
AECC_CLASS_NODE
1000
AcRTDxfName
1000
AECC_CLASS_NODE
1001
AcadCodePageInfo
1000
CodePage
1070
    40
  0
ACAD_PROXY_OBJECT
  5
245
330
1FC
100
AcDbProxyObject
 90
      499
 91
      540
 71
    23
 97
       15
 70
     0
161
               539
310
11C081300008046905958D8D11891DC985C1A14DD5C195C995B195D985D1A5BDB802404A60E0000923482CAC6C688C48EE4C2E0D0A6EAE0CAE4CAD8CAECC2E8D2DEDC00C
350
246
 94
        0
1001
ACAD
1000
AcRTDxfName
1000
AECC_CLASS_NODE
1000
AcRTDxfName
1000
AECC_CLASS_NODE
1000
AcRTDxfName
1000
AECC_CLASS_NODE
1000
AcRTDxfName
1000
AECC_CLASS_NODE
1000
AcRTDxfName
1000
AECC_CLASS_NODE
1001
AcadCodePageInfo
1000
CodePage
1070
    40
  0
ACAD_PROXY_OBJECT
  5
2B5
330
1FC
100
AcDbProxyObject
 90
      499
 91
      540
 71
    23
 97
       15
 70
     0
161
               201
310
11C099390129838000248720B2B1B1A23129BAB93330B1B2804C
350
2B6
 94
        0
1001
ACAD
1000
AcRTDxfName
1000
AECC_CLASS_NODE
1000
AcRTDxfName
1000
AECC_CLASS_NODE
1000
AcRTDxfName
1000
AECC_CLASS_NODE
1000
AcRTDxfName
1000
AECC_CLASS_NODE
1000
AcRTDxfName
1000
AECC_CLASS_NODE
1001
AcadCodePageInfo
1000
CodePage
1070
    40
  0
ACAD_PROXY_OBJECT
  5
2DB
330
1FC
100
AcDbProxyObject
 90
      499
 91
      540
 71
    23
 97
       15
 70
     0
161
               600
310
11C0853010000901298380002A1003400102402400102204600001400102400400102204600003C00101800070004060002C00100C00C00100C910416563634462566965774672616D650000
350
2DC
 94
        0
1001
ACAD
1000
AcRTDxfName
1000
AECC_CLASS_NODE
1000
AcRTDxfName
1000
AECC_CLASS_NODE
1000
AcRTDxfName
1000
AECC_CLASS_NODE
1000
AcRTDxfName
1000
AECC_CLASS_NODE
1000
AcRTDxfName
1000
AECC_CLASS_NODE
1001
AcadCodePageInfo
1000
CodePage
1070
    40
  0
ACAD_PROXY_OBJECT
  5
20B
330
1FC
100
AcDbProxyObject
 90
      499
 91
      540
 71
    23
 97
       15
 70
     0
161
               699
310
11C082300008049105958D8D118905B1A59DB9B595B9D135A5B9BDC94DD185D1A5BDB931858995B1A5B99C02404A60E0000924882CAC6C688C482D8D2CEDCDACADCE89AD2DCDEE4A6E8C2E8D2DEDC98C2C4CAD8D2DCCE00C
350
20C
 94
        0
1001
ACAD
1000
AcRTDxfName
1000
AECC_CLASS_NODE
1000
AcRTDxfName
1000
AECC_CLASS_NODE
1000
AcRTDxfName
1000
AECC_CLASS_NODE
1000
AcRTDxfName
1000
AECC_CLASS_NODE
1000
AcRTDxfName
1000
AECC_CLASS_NODE
1001
AcadCodePageInfo
1000
CodePage
1070
    40
  0
ACAD_PROXY_OBJECT
  5
22F
330
1FC
100
AcDbProxyObject
 90
      499
 91
      540
 71
    23
 97
       15
 70
     0
161
               427
310
11C083300008044D05958D8D1189199585D1D5C99531858995B002404A60E0000922682CAC6C688C48CCAC2E8EAE4CA98C2C4CAD800C
350
230
 94
        0
1001
ACAD
1000
AcRTDxfName
1000
AECC_CLASS_NODE
1000
AcRTDxfName
1000
AECC_CLASS_NODE
1000
AcRTDxfName
1000
AECC_CLASS_NODE
1000
AcRTDxfName
1000
AECC_CLASS_NODE
1000
AcRTDxfName
1000
AECC_CLASS_NODE
1001
AcadCodePageInfo
1000
CodePage
1070
    40
  0
ACAD_PROXY_OBJECT
  5
29B
330
1FC
100
AcDbProxyObject
 90
      499
 91
      540
 71
    23
 97
       15
 70
     0
161
               708
310
11C084300008046505958D8D11894D958DD1A5BDB941A5C1953995D1DDBDC9AC02404A60E0000A820050004090010004088118000070004060000C00100C91941656363446253656374696F6E506970654E6574776F726B00C
350
29C
 94
        0
1001
ACAD
1000
AcRTDxfName
1000
AECC_CLASS_NODE
1000
AcRTDxfName
1000
AECC_CLASS_NODE
1000
AcRTDxfName
1000
AECC_CLASS_NODE
1000
AcRTDxfName
1000
AECC_CLASS_NODE
1000
AcRTDxfName
1000
AECC_CLASS_NODE
1001
AcadCodePageInfo
1000
CodePage
1070
    40
  0
ACAD_PROXY_OBJECT
  5
27F
330
1FC
100
AcDbProxyObject
 90
      499
 91
      540
 71
    23
 97
       15
 70
     0
161
               884
310
11C085300008049105958D8D118945D585B9D1A5D1E55185AD95BD9999059D9DC9959D85D195518589B19402404A60E0000A820050004090010004088118000070004060000C00100C9244165636344625175616E7469747954616B656F66664167677265676174655461626C6500C
350
280
 94
        0
1001
ACAD
1000
AcRTDxfName
1000
AECC_CLASS_NODE
1000
AcRTDxfName
1000
AECC_CLASS_NODE
1000
AcRTDxfName
1000
AECC_CLASS_NODE
1000
AcRTDxfName
1000
AECC_CLASS_NODE
1000
AcRTDxfName
1000
AECC_CLASS_NODE
1001
AcadCodePageInfo
1000
CodePage
1070
    40
  0
ACAD_PROXY_OBJECT
  5
25F
330
1FC
100
AcDbProxyObject
 90
      499
 91
      540
 71
    23
 97
       15
 70
     0
161
               555
310
11C086300008046D05958D8D11893995D1DDBDC9AD4185C9D10DBDB9B9958DD1BDC802404A60E0000923682CAC6C688C49CCAE8EEDEE4D6A0C2E4E886DEDCDCCAC6E8DEE400C
350
260
 94
        0
1001
ACAD
1000
AcRTDxfName
1000
AECC_CLASS_NODE
1000
AcRTDxfName
1000
AECC_CLASS_NODE
1000
AcRTDxfName
1000
AECC_CLASS_NODE
1000
AcRTDxfName
1000
AECC_CLASS_NODE
1000
AcRTDxfName
1000
AECC_CLASS_NODE
1001
AcadCodePageInfo
1000
CodePage
1070
    40
  0
ACAD_PROXY_OBJECT
  5
26D
330
1FC
100
AcDbProxyObject
 90
      499
 91
      540
 71
    23
 97
       15
 70
     0
161
               491
310
11C081400008045D05958D8D11894185C9D14D958DD1A5BDB931858995B002404A60E0000922E82CAC6C688C4A0C2E4E8A6CAC6E8D2DEDC98C2C4CAD800C
350
26E
 94
        0
1001
ACAD
1000
AcRTDxfName
1000
AECC_CLASS_NODE
1000
AcRTDxfName
1000
AECC_CLASS_NODE
1000
AcRTDxfName
1000
AECC_CLASS_NODE
1000
AcRTDxfName
1000
AECC_CLASS_NODE
1000
AcRTDxfName
1000
AECC_CLASS_NODE
1001
AcadCodePageInfo
1000
CodePage
1070
    40
  0
ACAD_PROXY_OBJECT
  5
255
330
1FC
100
AcDbProxyObject
 90
      499
 91
      540
 71
    23
 97
       15
 70
     0
161
               600
310
11C0854010000901298380002A1003400102402400102204600001400102400400102204600003C00101800070004060002C00100C00C00100C9104165636344624D617463684C696E650000
350
256
 94
        0
1001
ACAD
1000
AcRTDxfName
1000
AECC_CLASS_NODE
1000
AcRTDxfName
1000
AECC_CLASS_NODE
1000
AcRTDxfName
1000
AECC_CLASS_NODE
1000
AcRTDxfName
1000
AECC_CLASS_NODE
1000
AcRTDxfName
1000
AECC_CLASS_NODE
1001
AcadCodePageInfo
1000
CodePage
1070
    40
  0
ACAD_PROXY_OBJECT
  5
25B
330
1FC
100
AcDbProxyObject
 90
      499
 91
      540
 71
    23
 97
       15
 70
     0
161
               225
310
11C083401000090129838000248720B2B1B1A2312732BA3BB7B935804C
350
25C
 94
        0
1001
ACAD
1000
AcRTDxfName
1000
AECC_CLASS_NODE
1000
AcRTDxfName
1000
AECC_CLASS_NODE
1000
AcRTDxfName
1000
AECC_CLASS_NODE
1000
AcRTDxfName
1000
AECC_CLASS_NODE
1000
AcRTDxfName
1000
AECC_CLASS_NODE
1001
AcadCodePageInfo
1000
CodePage
1070
    40
  0
ACAD_PROXY_OBJECT
  5
219
330
1FC
100
AcDbProxyObject
 90
      499
 91
      540
 71
    23
 97
       15
 70
     0
161
               571
310
11C082400008047105958D8D118905B1A59DB9B595B9D15185B99D95B9D131858995B002404A60E0000923882CAC6C688C482D8D2CEDCDACADCE8A8C2DCCECADCE898C2C4CAD800C
350
21A
 94
        0
1001
ACAD
1000
AcRTDxfName
1000
AECC_CLASS_NODE
1000
AcRTDxfName
1000
AECC_CLASS_NODE
1000
AcRTDxfName
1000
AECC_CLASS_NODE
1000
AcRTDxfName
1000
AECC_CLASS_NODE
1000
AcRTDxfName
1000
AECC_CLASS_NODE
1001
AcadCodePageInfo
1000
CodePage
1070
    40
  0
ACAD_PROXY_OBJECT
  5
24D
330
1FC
100
AcDbProxyObject
 90
      499
 91
      540
 71
    23
 97
       15
 70
     0
161
               363
310
11C083400008043D05958D8D118931858995B1A5B99C02404A60E0000921E82CAC6C688C498C2C4CAD8D2DCCE00C
350
24E
 94
        0
1001
ACAD
1000
AcRTDxfName
1000
AECC_CLASS_NODE
1000
AcRTDxfName
1000
AECC_CLASS_NODE
1000
AcRTDxfName
1000
AECC_CLASS_NODE
1000
AcRTDxfName
1000
AECC_CLASS_NODE
1000
AcRTDxfName
1000
AECC_CLASS_NODE
1001
AcadCodePageInfo
1000
CodePage
1070
    40
  0
ACAD_PROXY_OBJECT
  5
213
330
1FC
100
AcDbProxyObject
 90
      499
 91
      540
 71
    23
 97
       15
 70
     0
161
               603
310
11C084400008047905958D8D118905B1A59DB9B595B9D14DD18515C5D531858995B1A5B99C02404A60E0000923C82CAC6C688C482D8D2CEDCDACADCE8A6E8C28AE2EA98C2C4CAD8D2DCCE00C
350
214
 94
        0
1001
ACAD
1000
AcRTDxfName
1000
AECC_CLASS_NODE
1000
AcRTDxfName
1000
AECC_CLASS_NODE
1000
AcRTDxfName
1000
AECC_CLASS_NODE
1000
AcRTDxfName
1000
AECC_CLASS_NODE
1000
AcRTDxfName
1000
AECC_CLASS_NODE
1001
AcadCodePageInfo
1000
CodePage
1070
    40
  0
ACAD_PROXY_OBJECT
  5
2AD
330
1FC
100
AcDbProxyObject
 90
      499
 91
      540
 71
    23
 97
       15
 70
     0
161
               459
310
11C085400008045505958D8D11894DD1C9D58DD1D5C99531858995B002404A60E0000922A82CAC6C688C4A6E8E4EAC6E8EAE4CA98C2C4CAD800C
350
2AE
 94
        0
1001
ACAD
1000
AcRTDxfName
1000
AECC_CLASS_NODE
1000
AcRTDxfName
1000
AECC_CLASS_NODE
1000
AcRTDxfName
1000
AECC_CLASS_NODE
1000
AcRTDxfName
1000
AECC_CLASS_NODE
1000
AcRTDxfName
1000
AECC_CLASS_NODE
1001
AcadCodePageInfo
1000
CodePage
1070
    40
  0
ACAD_PROXY_OBJECT
  5
2A1
330
1FC
100
AcDbProxyObject
 90
      499
 91
      540
 71
    23
 97
       15
 70
     0
161
               916
310
11C086400008049905958D8D11894D958DD1A5BDB959A595DD45D585B9D1A5D1E55185AD95BD9999518589B19402404A60E0000A820050004090010004088118000070004060000C00100C92641656363446253656374696F6E566965775175616E7469747954616B656F66665461626C6500C
350
2A2
 94
        0
1001
ACAD
1000
AcRTDxfName
1000
AECC_CLASS_NODE
1000
AcRTDxfName
1000
AECC_CLASS_NODE
1000
AcRTDxfName
1000
AECC_CLASS_NODE
1000
AcRTDxfName
1000
AECC_CLASS_NODE
1000
AcRTDxfName
1000
AECC_CLASS_NODE
1001
AcadCodePageInfo
1000
CodePage
1070
    40
  0
ACAD_PROXY_OBJECT
  5
279
330
1FC
100
AcDbProxyObject
 90
      499
 91
      540
 71
    23
 97
       15
 70
     0
161
               363
310
11C081500008043D05958D8D118941BDA5B9D115B9D002404A60E0000921E82CAC6C688C4A0DED2DCE88ADCE800C
350
27A
 94
        0
1001
ACAD
1000
AcRTDxfName
1000
AECC_CLASS_NODE
1000
AcRTDxfName
1000
AECC_CLASS_NODE
1000
AcRTDxfName
1000
AECC_CLASS_NODE
1000
AcRTDxfName
1000
AECC_CLASS_NODE
1000
AcRTDxfName
1000
AECC_CLASS_NODE
1001
AcadCodePageInfo
1000
CodePage
1070
    40
  0
ACAD_PROXY_OBJECT
  5
2AB
330
1FC
100
AcDbProxyObject
 90
      499
 91
      540
 71
    23
 97
       15
 70
     0
161
               600
310
11C0825010000901298380002A1003400102402400102204600001400102400400102204600003C00101800070004060002C00100C00C00100C9104165636344625374727563747572650000
350
2AC
 94
        0
1001
ACAD
1000
AcRTDxfName
1000
AECC_CLASS_NODE
1000
AcRTDxfName
1000
AECC_CLASS_NODE
1000
AcRTDxfName
1000
AECC_CLASS_NODE
1000
AcRTDxfName
1000
AECC_CLASS_NODE
1000
AcRTDxfName
1000
AECC_CLASS_NODE
1001
AcadCodePageInfo
1000
CodePage
1070
    40
  0
ACAD_PROXY_OBJECT
  5
2DD
330
1FC
100
AcDbProxyObject
 90
      499
 91
      540
 71
    23
 97
       15
 70
     0
161
               281
310
11C085501000090129838000248AA0B2B1B1A2312B34B2BBA33930B6B2A3B937BAB8004C
350
2DE
 94
        0
1001
ACAD
1000
AcRTDxfName
1000
AECC_CLASS_NODE
1000
AcRTDxfName
1000
AECC_CLASS_NODE
1000
AcRTDxfName
1000
AECC_CLASS_NODE
1000
AcRTDxfName
1000
AECC_CLASS_NODE
1000
AcRTDxfName
1000
AECC_CLASS_NODE
1001
AcadCodePageInfo
1000
CodePage
1070
    40
  0
ACAD_PROXY_OBJECT
  5
22D
330
1FC
100
AcDbProxyObject
 90
      499
 91
      540
 71
    23
 97
       15
 70
     0
161
               347
310
11C082500008043905958D8D1189199585D1D5C99402404A60E0000921C82CAC6C688C48CCAC2E8EAE4CA00C
350
22E
 94
        0
1001
ACAD
1000
AcRTDxfName
1000
AECC_CLASS_NODE
1000
AcRTDxfName
1000
AECC_CLASS_NODE
1000
AcRTDxfName
1000
AECC_CLASS_NODE
1000
AcRTDxfName
1000
AECC_CLASS_NODE
1000
AcRTDxfName
1000
AECC_CLASS_NODE
1001
AcadCodePageInfo
1000
CodePage
1070
    40
  0
ACAD_PROXY_OBJECT
  5
267
330
1FC
100
AcDbProxyObject
 90
      499
 91
      540
 71
    23
 97
       15
 70
     0
161
               459
310
11C083500008045505958D8D11894185C98D95B109BDD5B99185C9E402404A60E0000922A82CAC6C688C4A0C2E4C6CAD884DEEADCC8C2E4F200C
350
268
 94
        0
1001
ACAD
1000
AcRTDxfName
1000
AECC_CLASS_NODE
1000
AcRTDxfName
1000
AECC_CLASS_NODE
1000
AcRTDxfName
1000
AECC_CLASS_NODE
1000
AcRTDxfName
1000
AECC_CLASS_NODE
1000
AcRTDxfName
1000
AECC_CLASS_NODE
1001
AcadCodePageInfo
1000
CodePage
1070
    40
  0
ACAD_PROXY_OBJECT
  5
293
330
1FC
100
AcDbProxyObject
 90
      499
 91
      540
 71
    23
 97
       15
 70
     0
161
               635
310
11C084500008048105958D8D11894D958DD1A5BDB91DC985919509C99585AD31858995B1A5B99C02404A60E0000924082CAC6C688C4A6CAC6E8D2DEDC8EE4C2C8CA84E4CAC2D698C2C4CAD8D2DCCE00C
350
294
 94
        0
1001
ACAD
1000
AcRTDxfName
1000
AECC_CLASS_NODE
1000
AcRTDxfName
1000
AECC_CLASS_NODE
1000
AcRTDxfName
1000
AECC_CLASS_NODE
1000
AcRTDxfName
1000
AECC_CLASS_NODE
1000
AcRTDxfName
1000
AECC_CLASS_NODE
1001
AcadCodePageInfo
1000
CodePage
1070
    40
  0
ACAD_PROXY_OBJECT
  5
2CF
330
1FC
100
AcDbProxyObject
 90
      499
 91
      540
 71
    23
 97
       15
 70
     0
161
               523
310
11C085500008046505958D8D11895905B1A59DB9B595B9D131858995B1A5B99C02404A60E0000923282CAC6C688C4AC82D8D2CEDCDACADCE898C2C4CAD8D2DCCE00C
350
2D0
 94
        0
1001
ACAD
1000
AcRTDxfName
1000
AECC_CLASS_NODE
1000
AcRTDxfName
1000
AECC_CLASS_NODE
1000
AcRTDxfName
1000
AECC_CLASS_NODE
1000
AcRTDxfName
1000
AECC_CLASS_NODE
1000
AcRTDxfName
1000
AECC_CLASS_NODE
1001
AcadCodePageInfo
1000
CodePage
1070
    40
  0
ACAD_PROXY_OBJECT
  5
2CD
330
1FC
100
AcDbProxyObject
 90
      499
 91
      540
 71
    23
 97
       15
 70
     0
161
               699
310
11C081600008049105958D8D11895905B1A59DB9B595B9D121051D95BDB541BDA5B9D131858995B1A5B99C02404A60E0000924882CAC6C688C4AC82D8D2CEDCDACADCE890828ECADEDAA0DED2DCE898C2C4CAD8D2DCCE00C
350
2CE
 94
        0
1001
ACAD
1000
AcRTDxfName
1000
AECC_CLASS_NODE
1000
AcRTDxfName
1000
AECC_CLASS_NODE
1000
AcRTDxfName
1000
AECC_CLASS_NODE
1000
AcRTDxfName
1000
AECC_CLASS_NODE
1000
AcRTDxfName
1000
AECC_CLASS_NODE
1001
AcadCodePageInfo
1000
CodePage
1070
    40
  0
ACAD_PROXY_OBJECT
  5
1FD
330
1FC
100
AcDbProxyObject
 90
      499
 91
      541
 71
    23
 97
       15
 70
     0
161
                61
310
11C08A60E0000A94
 94
        0
1001
ACAD
1000
AcRTDxfName
1000
AECC_USER_DEFINED_ATTRIBUTE_CLASSIFICATION
1000
AcRTDxfName
1000
AECC_USER_DEFINED_ATTRIBUTE_CLASSIFICATION
1000
AcRTDxfName
1000
AECC_USER_DEFINED_ATTRIBUTE_CLASSIFICATION
1000
AcRTDxfName
1000
AECC_USER_DEFINED_ATTRIBUTE_CLASSIFICATION
1000
AcRTDxfName
1000
AECC_USER_DEFINED_ATTRIBUTE_CLASSIFICATION
1001
AcadCodePageInfo
1000
CodePage
1070
    40
  0
ACAD_PROXY_OBJECT
  5
243
330
1FC
100
AcDbProxyObject
 90
      499
 91
      540
 71
    23
 97
       15
 70
     0
161
               788
310
11C082600008047905958D8D11891DC985C1A141C9BD99A5B1953995D1DDBDC9AD4185C9D002404A60E0000A820050004090010004088118000070004060000C00100C91E416563634462477261706850726F66696C654E6574776F726B5061727400C
350
244
 94
        0
1001
ACAD
1000
AcRTDxfName
1000
AECC_CLASS_NODE
1000
AcRTDxfName
1000
AECC_CLASS_NODE
1000
AcRTDxfName
1000
AECC_CLASS_NODE
1000
AcRTDxfName
1000
AECC_CLASS_NODE
1000
AcRTDxfName
1000
AECC_CLASS_NODE
1001
AcadCodePageInfo
1000
CodePage
1070
    40
  0
ACAD_PROXY_OBJECT
  5
26F
330
1FC
100
AcDbProxyObject
 90
      499
 91
      540
 71
    23
 97
       15
 70
     0
161
               560
310
11C0826010000901298380002A1003400102402400102204600001400102400400102204600003C00101800070004060002C00100C00C00100C90B4165636344625069706500CC
350
270
 94
        0
1001
ACAD
1000
AcRTDxfName
1000
AECC_CLASS_NODE
1000
AcRTDxfName
1000
AECC_CLASS_NODE
1000
AcRTDxfName
1000
AECC_CLASS_NODE
1000
AcRTDxfName
1000
AECC_CLASS_NODE
1000
AcRTDxfName
1000
AECC_CLASS_NODE
1001
AcadCodePageInfo
1000
CodePage
1070
    40
  0
ACAD_PROXY_OBJECT
  5
29D
330
1FC
100
AcDbProxyObject
 90
      499
 91
      540
 71
    23
 97
       15
 70
     0
161
               587
310
11C083600008047505958D8D11894D958DD1A5BDB94D959DB595B9D131858995B1A5B99C02404A60E0000923A82CAC6C688C4A6CAC6E8D2DEDCA6CACEDACADCE898C2C4CAD8D2DCCE00C
350
29E
 94
        0
1001
ACAD
1000
AcRTDxfName
1000
AECC_CLASS_NODE
1000
AcRTDxfName
1000
AECC_CLASS_NODE
1000
AcRTDxfName
1000
AECC_CLASS_NODE
1000
AcRTDxfName
1000
AECC_CLASS_NODE
1000
AcRTDxfName
1000
AECC_CLASS_NODE
1001
AcadCodePageInfo
1000
CodePage
1070
    40
  0
ACAD_PROXY_OBJECT
  5
2A3
330
1FC
100
AcDbProxyObject
 90
      499
 91
      540
 71
    23
 97
       15
 70
     0
161
               500
310
11C084600008043105958D8D11894DA19595D002404A60E0000A820050004090010004088118000070004060000C00100C90C416563634462536865657400C
350
2A4
 94
        0
1001
ACAD
1000
AcRTDxfName
1000
AECC_CLASS_NODE
1000
AcRTDxfName
1000
AECC_CLASS_NODE
1000
AcRTDxfName
1000
AECC_CLASS_NODE
1000
AcRTDxfName
1000
AECC_CLASS_NODE
1000
AcRTDxfName
1000
AECC_CLASS_NODE
1001
AcadCodePageInfo
1000
CodePage
1070
    40
  0
ACAD_PROXY_OBJECT
  5
239
330
1FC
100
AcDbProxyObject
 90
      499
 91
      540
 71
    23
 97
       15
 70
     0
161
               532
310
11C085600008043905958D8D11891DC98591A5B99C02404A60E0000A820050004090010004088118000070004060000C00100C90E41656363446247726164696E6700C
350
23A
 94
        0
1001
ACAD
1000
AcRTDxfName
1000
AECC_CLASS_NODE
1000
AcRTDxfName
1000
AECC_CLASS_NODE
1000
AcRTDxfName
1000
AECC_CLASS_NODE
1000
AcRTDxfName
1000
AECC_CLASS_NODE
1000
AcRTDxfName
1000
AECC_CLASS_NODE
1001
AcadCodePageInfo
1000
CodePage
1070
    40
  0
ACAD_PROXY_OBJECT
  5
209
330
1FC
100
AcDbProxyObject
 90
      499
 91
      540
 71
    23
 97
       15
 70
     0
161
               507
310
11C081700008046105958D8D118905B1A59DB9B595B9D131858995B1A5B99C02404A60E0000923082CAC6C688C482D8D2CEDCDACADCE898C2C4CAD8D2DCCE00C
350
20A
 94
        0
1001
ACAD
1000
AcRTDxfName
1000
AECC_CLASS_NODE
1000
AcRTDxfName
1000
AECC_CLASS_NODE
1000
AcRTDxfName
1000
AECC_CLASS_NODE
1000
AcRTDxfName
1000
AECC_CLASS_NODE
1000
AcRTDxfName
1000
AECC_CLASS_NODE
1001
AcadCodePageInfo
1000
CodePage
1070
    40
  0
ACAD_PROXY_OBJECT
  5
2A5
330
1FC
100
AcDbProxyObject
 90
      499
 91
      540
 71
    23
 97
       15
 70
     0
161
               507
310
11C082700008046105958D8D11894DC185B9B9A5B99D41A5C19531858995B002404A60E0000923082CAC6C688C4A6E0C2DCDCD2DCCEA0D2E0CA98C2C4CAD800C
350
2A6
 94
        0
1001
ACAD
1000
AcRTDxfName
1000
AECC_CLASS_NODE
1000
AcRTDxfName
1000
AECC_CLASS_NODE
1000
AcRTDxfName
1000
AECC_CLASS_NODE
1000
AcRTDxfName
1000
AECC_CLASS_NODE
1000
AcRTDxfName
1000
AECC_CLASS_NODE
1001
AcadCodePageInfo
1000
CodePage
1070
    40
  0
ACAD_PROXY_OBJECT
  5
2A9
330
1FC
100
AcDbProxyObject
 90
      499
 91
      540
 71
    23
 97
       15
 70
     0
161
               459
310
11C083700008045505958D8D11894DD1853D9999CD95D131858995B002404A60E0000922A82CAC6C688C4A6E8C29ECCCCE6CAE898C2C4CAD800C
350
2AA
 94
        0
1001
ACAD
1000
AcRTDxfName
1000
AECC_CLASS_NODE
1000
AcRTDxfName
1000
AECC_CLASS_NODE
1000
AcRTDxfName
1000
AECC_CLASS_NODE
1000
AcRTDxfName
1000
AECC_CLASS_NODE
1000
AcRTDxfName
1000
AECC_CLASS_NODE
1001
AcadCodePageInfo
1000
CodePage
1070
    40
  0
ACAD_PROXY_OBJECT
  5
2A7
330
1FC
100
AcDbProxyObject
 90
      499
 91
      540
 71
    23
 97
       15
 70
     0
161
               427
310
11C084700008044D05958D8D11894DD18515B195D931858995B002404A60E0000922682CAC6C688C4A6E8C28AD8CAEC98C2C4CAD800C
350
2A8
 94
        0
1001
ACAD
1000
AcRTDxfName
1000
AECC_CLASS_NODE
1000
AcRTDxfName
1000
AECC_CLASS_NODE
1000
AcRTDxfName
1000
AECC_CLASS_NODE
1000
AcRTDxfName
1000
AECC_CLASS_NODE
1000
AcRTDxfName
1000
AECC_CLASS_NODE
1001
AcadCodePageInfo
1000
CodePage
1070
    40
  0
ACAD_PROXY_OBJECT
  5
275
330
1FC
100
AcDbProxyObject
 90
      499
 91
      540
 71
    23
 97
       15
 70
     0
161
               491
310
11C085700008045D05958D8D118941A5C19541C9BD99A5B19531858995B002404A60E0000922E82CAC6C688C4A0D2E0CAA0E4DECCD2D8CA98C2C4CAD800C
350
276
 94
        0
1001
ACAD
1000
AcRTDxfName
1000
AECC_CLASS_NODE
1000
AcRTDxfName
1000
AECC_CLASS_NODE
1000
AcRTDxfName
1000
AECC_CLASS_NODE
1000
AcRTDxfName
1000
AECC_CLASS_NODE
1000
AcRTDxfName
1000
AECC_CLASS_NODE
1001
AcadCodePageInfo
1000
CodePage
1070
    40
  0
ACAD_PROXY_OBJECT
  5
203
330
1FC
100
AcDbProxyObject
 90
      499
 91
      540
 71
    23
 97
       15
 70
     0
161
               539
310
11C080800008046905958D8D118905B1A59DB9B595B9D10DD5C9D99531858995B002404A60E0000923482CAC6C688C482D8D2CEDCDACADCE886EAE4ECCA98C2C4CAD800C
350
204
 94
        0
1001
ACAD
1000
AcRTDxfName
1000
AECC_CLASS_NODE
1000
AcRTDxfName
1000
AECC_CLASS_NODE
1000
AcRTDxfName
1000
AECC_CLASS_NODE
1000
AcRTDxfName
1000
AECC_CLASS_NODE
1000
AcRTDxfName
1000
AECC_CLASS_NODE
1001
AcadCodePageInfo
1000
CodePage
1070
    40
  0
ACAD_PROXY_OBJECT
  5
21F
330
1FC
100
AcDbProxyObject
 90
      499
 91
      540
 71
    23
 97
       15
 70
     0
161
               539
310
11C081800008046905958D8D118905D5D1BD199585D1D5C99531858995B1A5B99C02404A60E0000923482CAC6C688C482EAE8DE8CCAC2E8EAE4CA98C2C4CAD8D2DCCE00C
350
220
 94
        0
1001
ACAD
1000
AcRTDxfName
1000
AECC_CLASS_NODE
1000
AcRTDxfName
1000
AECC_CLASS_NODE
1000
AcRTDxfName
1000
AECC_CLASS_NODE
1000
AcRTDxfName
1000
AECC_CLASS_NODE
1000
AcRTDxfName
1000
AECC_CLASS_NODE
1001
AcadCodePageInfo
1000
CodePage
1070
    40
  0
ACAD_PROXY_OBJECT
  5
235
330
1FC
100
AcDbProxyObject
 90
      499
 91
      540
 71
    23
 97
       15
 70
     0
161
               283
310
11C082800008042905958D8D11891D95BC02404A60E0000921482CAC6C688C48ECADE00C
350
236
 94
        0
1001
ACAD
1000
AcRTDxfName
1000
AECC_CLASS_NODE
1000
AcRTDxfName
1000
AECC_CLASS_NODE
1000
AcRTDxfName
1000
AECC_CLASS_NODE
1000
AcRTDxfName
1000
AECC_CLASS_NODE
1000
AcRTDxfName
1000
AECC_CLASS_NODE
1001
AcadCodePageInfo
1000
CodePage
1070
    40
  0
ACAD_PROXY_OBJECT
  5
20D
330
1FC
100
AcDbProxyObject
 90
      499
 91
      540
 71
    23
 97
       15
 70
     0
161
               491
310
11C083800008045D05958D8D118905B1A59DB9B595B9D1412531858995B002404A60E0000922E82CAC6C688C482D8D2CEDCDACADCE8A09298C2C4CAD800C
350
20E
 94
        0
1001
ACAD
1000
AcRTDxfName
1000
AECC_CLASS_NODE
1000
AcRTDxfName
1000
AECC_CLASS_NODE
1000
AcRTDxfName
1000
AECC_CLASS_NODE
1000
AcRTDxfName
1000
AECC_CLASS_NODE
1000
AcRTDxfName
1000
AECC_CLASS_NODE
1001
AcadCodePageInfo
1000
CodePage
1070
    40
  0
ACAD_PROXY_OBJECT
  5
2BF
330
1FC
100
AcDbProxyObject
 90
      499
 91
      540
 71
    23
 97
       15
 70
     0
161
               754
310
11C084800008044505958D8D11894DD5C999858D9551A5B802404A60E0000A8400D00040900900040881180000500040900100040881180000F0004060001C001018000B000403003000403244505958D8D11894DD5C999858D9551A5B800C
350
2C0
 94
        0
1001
ACAD
1000
AcRTDxfName
1000
AECC_CLASS_NODE
1000
AcRTDxfName
1000
AECC_CLASS_NODE
1000
AcRTDxfName
1000
AECC_CLASS_NODE
1000
AcRTDxfName
1000
AECC_CLASS_NODE
1000
AcRTDxfName
1000
AECC_CLASS_NODE
1001
AcadCodePageInfo
1000
CodePage
1070
    40
  0
ACAD_PROXY_OBJECT
  5
291
330
1FC
100
AcDbProxyObject
 90
      499
 91
      540
 71
    23
 97
       15
 70
     0
161
               660
310
11C085800008045905958D8D11894D958DD1A5BDB90DBDC9C9A591BDC802404A60E0000A820050004090010004088118000070004060000C00100C91641656363446253656374696F6E436F727269646F7200C
350
292
 94
        0
1001
ACAD
1000
AcRTDxfName
1000
AECC_CLASS_NODE
1000
AcRTDxfName
1000
AECC_CLASS_NODE
1000
AcRTDxfName
1000
AECC_CLASS_NODE
1000
AcRTDxfName
1000
AECC_CLASS_NODE
1000
AcRTDxfName
1000
AECC_CLASS_NODE
1001
AcadCodePageInfo
1000
CodePage
1070
    40
  0
ACAD_PROXY_OBJECT
  5
257
330
1FC
100
AcDbProxyObject
 90
      499
 91
      540
 71
    23
 97
       15
 70
     0
161
               507
310
11C080900008046105958D8D11893585D18DA131A5B99531858995B1A5B99C02404A60E0000923082CAC6C688C49AC2E8C6D098D2DCCA98C2C4CAD8D2DCCE00C
350
258
 94
        0
1001
ACAD
1000
AcRTDxfName
1000
AECC_CLASS_NODE
1000
AcRTDxfName
1000
AECC_CLASS_NODE
1000
AcRTDxfName
1000
AECC_CLASS_NODE
1000
AcRTDxfName
1000
AECC_CLASS_NODE
1000
AcRTDxfName
1000
AECC_CLASS_NODE
1001
AcadCodePageInfo
1000
CodePage
1070
    40
  0
ACAD_PROXY_OBJECT
  5
227
330
1FC
100
AcDbProxyObject
 90
      499
 91
      540
 71
    23
 97
       15
 70
     0
161
               602
310
11C081900008043505958D8D118915B9D1A5D1E402404A60E0000A81890200030822900000008E200030822600000008C200030841A5DAE6A80598000243505958D8D118915B9D1A5D1E400C
350
228
 94
        0
1001
ACAD
1000
AcRTDxfName
1000
AECC_CLASS_NODE
1000
AcRTDxfName
1000
AECC_CLASS_NODE
1000
AcRTDxfName
1000
AECC_CLASS_NODE
1000
AcRTDxfName
1000
AECC_CLASS_NODE
1000
AcRTDxfName
1000
AECC_CLASS_NODE
1001
AcadCodePageInfo
1000
CodePage
1070
    40
  0
ACAD_PROXY_OBJECT
  5
24B
330
1FC
100
AcDbProxyObject
 90
      499
 91
      540
 71
    23
 97
       15
 70
     0
161
               315
310
11C082900008043105958D8D118931858995B002404A60E0000921882CAC6C688C498C2C4CAD800C
350
24C
 94
        0
1001
ACAD
1000
AcRTDxfName
1000
AECC_CLASS_NODE
1000
AcRTDxfName
1000
AECC_CLASS_NODE
1000
AcRTDxfName
1000
AECC_CLASS_NODE
1000
AcRTDxfName
1000
AECC_CLASS_NODE
1000
AcRTDxfName
1000
AECC_CLASS_NODE
1001
AcadCodePageInfo
1000
CodePage
1070
    40
  0
ACAD_PROXY_OBJECT
  5
28F
330
1FC
100
AcDbProxyObject
 90
      499
 91
      540
 71
    23
 97
       15
 70
     0
161
               560
310
11C0999901298380002A1003400102402400102204600001400102400400102204600003C00101800070004060002C00100C00C00100C90E41656363446253656374696F6E003E
350
290
 94
        0
1001
ACAD
1000
AcRTDxfName
1000
AECC_CLASS_NODE
1000
AcRTDxfName
1000
AECC_CLASS_NODE
1000
AcRTDxfName
1000
AECC_CLASS_NODE
1000
AcRTDxfName
1000
AECC_CLASS_NODE
1000
AcRTDxfName
1000
AECC_CLASS_NODE
1001
AcadCodePageInfo
1000
CodePage
1070
    40
  0
ACAD_PROXY_OBJECT
  5
211
330
1FC
100
AcDbProxyObject
 90
      499
 91
      540
 71
    23
 97
       15
 70
     0
161
               555
310
11C083900008046D05958D8D118905B1A59DB9B595B9D14DC1A5C985B131858995B002404A60E0000923682CAC6C688C482D8D2CEDCDACADCE8A6E0D2E4C2D898C2C4CAD800C
350
212
 94
        0
1001
ACAD
1000
AcRTDxfName
1000
AECC_CLASS_NODE
1000
AcRTDxfName
1000
AECC_CLASS_NODE
1000
AcRTDxfName
1000
AECC_CLASS_NODE
1000
AcRTDxfName
1000
AECC_CLASS_NODE
1000
AcRTDxfName
1000
AECC_CLASS_NODE
1001
AcadCodePageInfo
1000
CodePage
1070
    40
  0
ACAD_PROXY_OBJECT
  5
2D9
330
1FC
100
AcDbProxyObject
 90
      499
 91
      540
 71
    23
 97
       15
 70
     0
161
               635
310
11C084900008048105958D8D11895905B1A59DB9B595B9D14DD185D1A5BDB931858995B1A5B99C02404A60E0000924082CAC6C688C4AC82D8D2CEDCDACADCE8A6E8C2E8D2DEDC98C2C4CAD8D2DCCE00C
350
2DA
 94
        0
1001
ACAD
1000
AcRTDxfName
1000
AECC_CLASS_NODE
1000
AcRTDxfName
1000
AECC_CLASS_NODE
1000
AcRTDxfName
1000
AECC_CLASS_NODE
1000
AcRTDxfName
1000
AECC_CLASS_NODE
1000
AcRTDxfName
1000
AECC_CLASS_NODE
1001
AcadCodePageInfo
1000
CodePage
1070
    40
  0
ACAD_PROXY_OBJECT
  5
29F
330
1FC
100
AcDbProxyObject
 90
      499
 91
      540
 71
    23
 97
       15
 70
     0
161
               571
310
11C085900008047105958D8D11894D958DD1A5BDB959A595DD1195C1D1A131858995B002404A60E0000923882CAC6C688C4A6CAC6E8D2DEDCACD2CAEE88CAE0E8D098C2C4CAD800C
350
2A0
 94
        0
1001
ACAD
1000
AcRTDxfName
1000
AECC_CLASS_NODE
1000
AcRTDxfName
1000
AECC_CLASS_NODE
1000
AcRTDxfName
1000
AECC_CLASS_NODE
1000
AcRTDxfName
1000
AECC_CLASS_NODE
1000
AcRTDxfName
1000
AECC_CLASS_NODE
1001
AcadCodePageInfo
1000
CodePage
1070
    40
  0
ACAD_PROXY_OBJECT
  5
28B
330
1FC
100
AcDbProxyObject
 90
      499
 91
      540
 71
    23
 97
       15
 70
     0
161
               523
310
11C080A00008046505958D8D11894D85B5C1B19531A5B99531858995B1A5B99C02404A60E0000923282CAC6C688C4A6C2DAE0D8CA98D2DCCA98C2C4CAD8D2DCCE00C
350
28C
 94
        0
1001
ACAD
1000
AcRTDxfName
1000
AECC_CLASS_NODE
1000
AcRTDxfName
1000
AECC_CLASS_NODE
1000
AcRTDxfName
1000
AECC_CLASS_NODE
1000
AcRTDxfName
1000
AECC_CLASS_NODE
1000
AcRTDxfName
1000
AECC_CLASS_NODE
1001
AcadCodePageInfo
1000
CodePage
1070
    40
  0
ACAD_PROXY_OBJECT
  5
27D
330
1FC
100
AcDbProxyObject
 90
      499
 91
      540
 71
    23
 97
       15
 70
     0
161
               571
310
11C081A00008047105958D8D118941C9BD99A5B19559A595DD1195C1D1A131858995B002404A60E0000923882CAC6C688C4A0E4DECCD2D8CAACD2CAEE88CAE0E8D098C2C4CAD800C
350
27E
 94
        0
1001
ACAD
1000
AcRTDxfName
1000
AECC_CLASS_NODE
1000
AcRTDxfName
1000
AECC_CLASS_NODE
1000
AcRTDxfName
1000
AECC_CLASS_NODE
1000
AcRTDxfName
1000
AECC_CLASS_NODE
1000
AcRTDxfName
1000
AECC_CLASS_NODE
1001
AcadCodePageInfo
1000
CodePage
1070
    40
  0
ACAD_PROXY_OBJECT
  5
24F
330
1FC
100
AcDbProxyObject
 90
      499
 91
      540
 71
    23
 97
       15
 70
     0
161
               724
310
11C082A00008046905958D8D118931959D95B9914D8DA19591D5B195518589B19402404A60E0000A820050004090010004088118000070004060000C00100C91A4165636344624C6567656E645363686564756C655461626C6500C
350
250
 94
        0
1001
ACAD
1000
AcRTDxfName
1000
AECC_CLASS_NODE
1000
AcRTDxfName
1000
AECC_CLASS_NODE
1000
AcRTDxfName
1000
AECC_CLASS_NODE
1000
AcRTDxfName
1000
AECC_CLASS_NODE
1000
AcRTDxfName
1000
AECC_CLASS_NODE
1001
AcadCodePageInfo
1000
CodePage
1070
    40
  0
ACAD_PROXY_OBJECT
  5
26B
330
1FC
100
AcDbProxyObject
 90
      499
 91
      540
 71
    23
 97
       15
 70
     0
161
               491
310
11C083A00008045D05958D8D11894185C9D141C9BD99A5B19531858995B002404A60E0000922E82CAC6C688C4A0C2E4E8A0E4DECCD2D8CA98C2C4CAD800C
350
26C
 94
        0
1001
ACAD
1000
AcRTDxfName
1000
AECC_CLASS_NODE
1000
AcRTDxfName
1000
AECC_CLASS_NODE
1000
AcRTDxfName
1000
AECC_CLASS_NODE
1000
AcRTDxfName
1000
AECC_CLASS_NODE
1000
AcRTDxfName
1000
AECC_CLASS_NODE
1001
AcadCodePageInfo
1000
CodePage
1070
    40
  0
ACAD_PROXY_OBJECT
  5
215
330
1FC
100
AcDbProxyObject
 90
      499
 91
      540
 71
    23
 97
       15
 70
     0
161
               619
310
11C084A00008047D05958D8D118905B1A59DB9B595B9D14DD185D1A5BDB931858995B1A5B99C02404A60E0000923E82CAC6C688C482D8D2CEDCDACADCE8A6E8C2E8D2DEDC98C2C4CAD8D2DCCE00C
350
216
 94
        0
1001
ACAD
1000
AcRTDxfName
1000
AECC_CLASS_NODE
1000
AcRTDxfName
1000
AECC_CLASS_NODE
1000
AcRTDxfName
1000
AECC_CLASS_NODE
1000
AcRTDxfName
1000
AECC_CLASS_NODE
1000
AcRTDxfName
1000
AECC_CLASS_NODE
1001
AcadCodePageInfo
1000
CodePage
1070
    40
  0
ACAD_PROXY_OBJECT
  5
2B9
330
1FC
100
AcDbProxyObject
 90
      499
 91
      540
 71
    23
 97
       15
 70
     0
161
               491
310
11C085A00008045D05958D8D11894DD5C999858D9515B195D931858995B002404A60E0000922E82CAC6C688C4A6EAE4CCC2C6CA8AD8CAEC98C2C4CAD800C
350
2BA
 94
        0
1001
ACAD
1000
AcRTDxfName
1000
AECC_CLASS_NODE
1000
AcRTDxfName
1000
AECC_CLASS_NODE
1000
AcRTDxfName
1000
AECC_CLASS_NODE
1000
AcRTDxfName
1000
AECC_CLASS_NODE
1000
AcRTDxfName
1000
AECC_CLASS_NODE
1001
AcadCodePageInfo
1000
CodePage
1070
    40
  0
ACAD_PROXY_OBJECT
  5
269
330
1FC
100
AcDbProxyObject
 90
      499
 91
      540
 71
    23
 97
       15
 70
     0
161
               708
310
11C080B00008046505958D8D11894185C98D95B14D959DB595B9D1518589B19402404A60E0000A820050004090010004088118000070004060000C00100C91941656363446250617263656C5365676D656E745461626C6500C
350
26A
 94
        0
1001
ACAD
1000
AcRTDxfName
1000
AECC_CLASS_NODE
1000
AcRTDxfName
1000
AECC_CLASS_NODE
1000
AcRTDxfName
1000
AECC_CLASS_NODE
1000
AcRTDxfName
1000
AECC_CLASS_NODE
1000
AcRTDxfName
1000
AECC_CLASS_NODE
1001
AcadCodePageInfo
1000
CodePage
1070
    40
  0
ACAD_PROXY_OBJECT
  5
2C3
330
1FC
100
AcDbProxyObject
 90
      499
 91
      540
 71
    23
 97
       15
 70
     0
161
               564
310
11C081B00008044105958D8D11894DD93995D1DDBDC9AC02404A60E0000A820050004090010004088118000070004060000C00100C91041656363446253764E6574776F726B00C
350
2C4
 94
        0
1001
ACAD
1000
AcRTDxfName
1000
AECC_CLASS_NODE
1000
AcRTDxfName
1000
AECC_CLASS_NODE
1000
AcRTDxfName
1000
AECC_CLASS_NODE
1000
AcRTDxfName
1000
AECC_CLASS_NODE
1000
AcRTDxfName
1000
AECC_CLASS_NODE
1001
AcadCodePageInfo
1000
CodePage
1070
    40
  0
ACAD_PROXY_OBJECT
  5
281
330
1FC
100
AcDbProxyObject
 90
      499
 91
      540
 71
    23
 97
       15
 70
     0
161
               395
310
11C082B00008044505958D8D118949A59DA1D13D995D85E402404A60E0000922282CAC6C688C4A4D2CED0E89ECCAEC2F200C
350
282
 94
        0
1001
ACAD
1000
AcRTDxfName
1000
AECC_CLASS_NODE
1000
AcRTDxfName
1000
AECC_CLASS_NODE
1000
AcRTDxfName
1000
AECC_CLASS_NODE
1000
AcRTDxfName
1000
AECC_CLASS_NODE
1000
AcRTDxfName
1000
AECC_CLASS_NODE
1001
AcadCodePageInfo
1000
CodePage
1070
    40
  0
ACAD_PROXY_OBJECT
  5
27B
330
1FC
100
AcDbProxyObject
 90
      499
 91
      540
 71
    23
 97
       15
 70
     0
161
               708
310
11C083B00008046505958D8D118941BDA5B9D14D8DA19591D5B195518589B19402404A60E0000A820050004090010004088118000070004060000C00100C919416563634462506F696E745363686564756C655461626C6500C
350
27C
 94
        0
1001
ACAD
1000
AcRTDxfName
1000
AECC_CLASS_NODE
1000
AcRTDxfName
1000
AECC_CLASS_NODE
1000
AcRTDxfName
1000
AECC_CLASS_NODE
1000
AcRTDxfName
1000
AECC_CLASS_NODE
1000
AcRTDxfName
1000
AECC_CLASS_NODE
1001
AcadCodePageInfo
1000
CodePage
1070
    40
  0
ACAD_PROXY_OBJECT
  5
229
330
1FC
100
AcDbProxyObject
 90
      499
 91
      540
 71
    23
 97
       15
 70
     0
161
               386
310
11C080B010000901298380002A0801400102400400102204600001C0010180003000403242D05958D8D118919858D9400C
350
22A
 94
        0
1001
ACAD
1000
AcRTDxfName
1000
AECC_CLASS_NODE
1000
AcRTDxfName
1000
AECC_CLASS_NODE
1000
AcRTDxfName
1000
AECC_CLASS_NODE
1000
AcRTDxfName
1000
AECC_CLASS_NODE
1000
AcRTDxfName
1000
AECC_CLASS_NODE
1001
AcadCodePageInfo
1000
CodePage
1070
    40
  0
ACAD_PROXY_OBJECT
  5
21B
330
1FC
100
AcDbProxyObject
 90
      499
 91
      540
 71
    23
 97
       15
 70
     0
161
               683
310
11C084B00008048D05958D8D118905B1A59DB9B595B9D159051D95BDB541BDA5B9D131858995B1A5B99C02404A60E0000924682CAC6C688C482D8D2CEDCDACADCE8AC828ECADEDAA0DED2DCE898C2C4CAD8D2DCCE00C
350
21C
 94
        0
1001
ACAD
1000
AcRTDxfName
1000
AECC_CLASS_NODE
1000
AcRTDxfName
1000
AECC_CLASS_NODE
1000
AcRTDxfName
1000
AECC_CLASS_NODE
1000
AcRTDxfName
1000
AECC_CLASS_NODE
1000
AcRTDxfName
1000
AECC_CLASS_NODE
1001
AcadCodePageInfo
1000
CodePage
1070
    40
  0
ACAD_PROXY_OBJECT
  5
2C1
330
1FC
100
AcDbProxyObject
 90
      499
 91
      540
 71
    23
 97
       15
 70
     0
161
               548
310
11C085B00008043D05958D8D11894DD919A59DD5C99402404A60E0000A820050004090010004088118000070004060000C00100C90F416563634462537646696775726500C
350
2C2
 94
        0
1001
ACAD
1000
AcRTDxfName
1000
AECC_CLASS_NODE
1000
AcRTDxfName
1000
AECC_CLASS_NODE
1000
AcRTDxfName
1000
AECC_CLASS_NODE
1000
AcRTDxfName
1000
AECC_CLASS_NODE
1000
AcRTDxfName
1000
AECC_CLASS_NODE
1001
AcadCodePageInfo
1000
CodePage
1070
    40
  0
ACAD_PROXY_OBJECT
  5
285
330
1FC
100
AcDbProxyObject
 90
      499
 91
      540
 71
    23
 97
       15
 70
     0
161
               427
310
11C080C00008044D05958D8D118949D5B9D1A5B5954DD185D19402404A60E0000922682CAC6C688C4A4EADCE8D2DACAA6E8C2E8CA00C
350
286
 94
        0
1001
ACAD
1000
AcRTDxfName
1000
AECC_CLASS_NODE
1000
AcRTDxfName
1000
AECC_CLASS_NODE
1000
AcRTDxfName
1000
AECC_CLASS_NODE
1000
AcRTDxfName
1000
AECC_CLASS_NODE
1000
AcRTDxfName
1000
AECC_CLASS_NODE
1001
AcadCodePageInfo
1000
CodePage
1070
    40
  0
ACAD_PROXY_OBJECT
  5
2D3
330
1FC
100
AcDbProxyObject
 90
      499
 91
      540
 71
    23
 97
       15
 70
     0
161
               715
310
11C081C00008049505958D8D11895905B1A59DB9B595B9D135A5B9BDC94DD185D1A5BDB931858995B1A5B99C02404A60E0000924A82CAC6C688C4AC82D8D2CEDCDACADCE89AD2DCDEE4A6E8C2E8D2DEDC98C2C4CAD8D2DCCE00C
350
2D4
 94
        0
1001
ACAD
1000
AcRTDxfName
1000
AECC_CLASS_NODE
1000
AcRTDxfName
1000
AECC_CLASS_NODE
1000
AcRTDxfName
1000
AECC_CLASS_NODE
1000
AcRTDxfName
1000
AECC_CLASS_NODE
1000
AcRTDxfName
1000
AECC_CLASS_NODE
1001
AcadCodePageInfo
1000
CodePage
1070
    40
  0
ACAD_PROXY_OBJECT
  5
28D
330
1FC
100
AcDbProxyObject
 90
      499
 91
      540
 71
    23
 97
       15
 70
     0
161
               443
310
11C082C00008045105958D8D11894D8DA19591D5B195518589B19402404A60E0000922882CAC6C688C4A6C6D0CAC8EAD8CAA8C2C4D8CA00C
350
28E
 94
        0
1001
ACAD
1000
AcRTDxfName
1000
AECC_CLASS_NODE
1000
AcRTDxfName
1000
AECC_CLASS_NODE
1000
AcRTDxfName
1000
AECC_CLASS_NODE
1000
AcRTDxfName
1000
AECC_CLASS_NODE
1000
AcRTDxfName
1000
AECC_CLASS_NODE
1001
AcadCodePageInfo
1000
CodePage
1070
    40
  0
ACAD_PROXY_OBJECT
  5
2C5
330
1FC
100
AcDbProxyObject
 90
      499
 91
      540
 71
    23
 97
       15
 70
     0
161
               619
310
11C083C00008047D05958D8D11895185B99D95B9D125B9D195C9CD958DD1A5BDB9518589B19402404A60E0000923E82CAC6C688C4A8C2DCCECADCE892DCE8CAE4E6CAC6E8D2DEDCA8C2C4D8CA00C
350
2C6
 94
        0
1001
ACAD
1000
AcRTDxfName
1000
AECC_CLASS_NODE
1000
AcRTDxfName
1000
AECC_CLASS_NODE
1000
AcRTDxfName
1000
AECC_CLASS_NODE
1000
AcRTDxfName
1000
AECC_CLASS_NODE
1000
AcRTDxfName
1000
AECC_CLASS_NODE
1001
AcadCodePageInfo
1000
CodePage
1070
    40
  0
ACAD_PROXY_OBJECT
  5
231
330
1FC
100
AcDbProxyObject
 90
      499
 91
      540
 71
    23
 97
       15
 70
     0
161
               596
310
11C084C00008044905958D8D1189199585D1D5C99531A5B99402404A60E0000A820050004090010004088118000070004060000C00100C912416563634462466561747572654C696E6500C
350
232
 94
        0
1001
ACAD
1000
AcRTDxfName
1000
AECC_CLASS_NODE
1000
AcRTDxfName
1000
AECC_CLASS_NODE
1000
AcRTDxfName
1000
AECC_CLASS_NODE
1000
AcRTDxfName
1000
AECC_CLASS_NODE
1000
AcRTDxfName
1000
AECC_CLASS_NODE
1001
AcadCodePageInfo
1000
CodePage
1070
    40
  0
ACAD_PROXY_OBJECT
  5
261
330
1FC
100
AcDbProxyObject
 90
      499
 91
      540
 71
    23
 97
       15
 70
     0
161
               427
310
11C085C00008044D05958D8D11893995D1DDBDC9AD4DD185D19402404A60E0000922682CAC6C688C49CCAE8EEDEE4D6A6E8C2E8CA00C
350
262
 94
        0
1001
ACAD
1000
AcRTDxfName
1000
AECC_CLASS_NODE
1000
AcRTDxfName
1000
AECC_CLASS_NODE
1000
AcRTDxfName
1000
AECC_CLASS_NODE
1000
AcRTDxfName
1000
AECC_CLASS_NODE
1000
AcRTDxfName
1000
AECC_CLASS_NODE
1001
AcadCodePageInfo
1000
CodePage
1070
    40
  0
ACAD_PROXY_OBJECT
  5
2D7
330
1FC
100
AcDbProxyObject
 90
      499
 91
      540
 71
    23
 97
       15
 70
     0
161
               651
310
11C080D00008048505958D8D11895905B1A59DB9B595B9D14D859D0DD5C9D99531858995B1A5B99C02404A60E0000924282CAC6C688C4AC82D8D2CEDCDACADCE8A6C2CE86EAE4ECCA98C2C4CAD8D2DCCE00C
350
2D8
 94
        0
1001
ACAD
1000
AcRTDxfName
1000
AECC_CLASS_NODE
1000
AcRTDxfName
1000
AECC_CLASS_NODE
1000
AcRTDxfName
1000
AECC_CLASS_NODE
1000
AcRTDxfName
1000
AECC_CLASS_NODE
1000
AcRTDxfName
1000
AECC_CLASS_NODE
1001
AcadCodePageInfo
1000
CodePage
1070
    40
  0
ACAD_PROXY_OBJECT
  5
23F
330
1FC
100
AcDbProxyObject
 90
      499
 91
      540
 71
    23
 97
       15
 70
     0
161
               443
310
11C081D00008045105958D8D11891DC985C1A13585CDCD2185D5B002404A60E0000922882CAC6C688C48EE4C2E0D09AC2E6E690C2EAD800C
350
240
 94
        0
1001
ACAD
1000
AcRTDxfName
1000
AECC_CLASS_NODE
1000
AcRTDxfName
1000
AECC_CLASS_NODE
1000
AcRTDxfName
1000
AECC_CLASS_NODE
1000
AcRTDxfName
1000
AECC_CLASS_NODE
1000
AcRTDxfName
1000
AECC_CLASS_NODE
1001
AcadCodePageInfo
1000
CodePage
1070
    40
  0
ACAD_PROXY_OBJECT
  5
273
330
1FC
100
AcDbProxyObject
 90
      499
 91
      540
 71
    23
 97
       15
 70
     0
161
               379
310
11C082D00008044105958D8D118941A5C19531858995B002404A60E0000922082CAC6C688C4A0D2E0CA98C2C4CAD800C
350
274
 94
        0
1001
ACAD
1000
AcRTDxfName
1000
AECC_CLASS_NODE
1000
AcRTDxfName
1000
AECC_CLASS_NODE
1000
AcRTDxfName
1000
AECC_CLASS_NODE
1000
AcRTDxfName
1000
AECC_CLASS_NODE
1000
AcRTDxfName
1000
AECC_CLASS_NODE
1001
AcadCodePageInfo
1000
CodePage
1070
    40
  0
ACAD_PROXY_OBJECT
  5
2D1
330
1FC
100
AcDbProxyObject
 90
      499
 91
      540
 71
    23
 97
       15
 70
     0
161
               587
310
11C083D00008047505958D8D11895905B1A59DB9B595B9D131A5B99531858995B1A5B99C02404A60E0000923A82CAC6C688C4AC82D8D2CEDCDACADCE898D2DCCA98C2C4CAD8D2DCCE00C
350
2D2
 94
        0
1001
ACAD
1000
AcRTDxfName
1000
AECC_CLASS_NODE
1000
AcRTDxfName
1000
AECC_CLASS_NODE
1000
AcRTDxfName
1000
AECC_CLASS_NODE
1000
AcRTDxfName
1000
AECC_CLASS_NODE
1000
AcRTDxfName
1000
AECC_CLASS_NODE
1001
AcadCodePageInfo
1000
CodePage
1070
    40
  0
ACAD_PROXY_OBJECT
  5
271
330
1FC
100
AcDbProxyObject
 90
      499
 91
      540
 71
    23
 97
       15
 70
     0
161
               756
310
11C084D00008047105958D8D118941A5C19505B9914DD1C9D58DD1D5C995518589B19402404A60E0000A820050004090010004088118000070004060000C00100C91C41656363446250697065416E645374727563747572655461626C6500C
350
272
 94
        0
1001
ACAD
1000
AcRTDxfName
1000
AECC_CLASS_NODE
1000
AcRTDxfName
1000
AECC_CLASS_NODE
1000
AcRTDxfName
1000
AECC_CLASS_NODE
1000
AcRTDxfName
1000
AECC_CLASS_NODE
1000
AcRTDxfName
1000
AECC_CLASS_NODE
1001
AcadCodePageInfo
1000
CodePage
1070
    40
  0
ACAD_PROXY_OBJECT
  5
287
330
1FC
100
AcDbProxyObject
 90
      499
 91
      540
 71
    23
 97
       15
 70
     0
161
               584
310
11C098D901298380002A1003400102402400102204600001400102400400102204600003C00101800070004060002C00100C00C00100C91141656363446253616D706C654C696E650000
350
288
 94
        0
1001
ACAD
1000
AcRTDxfName
1000
AECC_CLASS_NODE
1000
AcRTDxfName
1000
AECC_CLASS_NODE
1000
AcRTDxfName
1000
AECC_CLASS_NODE
1000
AcRTDxfName
1000
AECC_CLASS_NODE
1000
AcRTDxfName
1000
AECC_CLASS_NODE
1001
AcadCodePageInfo
1000
CodePage
1070
    40
  0
ACAD_PROXY_OBJECT
  5
2B7
330
1FC
100
AcDbProxyObject
 90
      499
 91
      540
 71
    23
 97
       15
 70
     0
161
               587
310
11C085D00008047505958D8D11894DD5C999858D950DBDB9D1BDD5C931858995B1A5B99C02404A60E0000923A82CAC6C688C4A6EAE4CCC2C6CA86DEDCE8DEEAE498C2C4CAD8D2DCCE00C
350
2B8
 94
        0
1001
ACAD
1000
AcRTDxfName
1000
AECC_CLASS_NODE
1000
AcRTDxfName
1000
AECC_CLASS_NODE
1000
AcRTDxfName
1000
AECC_CLASS_NODE
1000
AcRTDxfName
1000
AECC_CLASS_NODE
1000
AcRTDxfName
1000
AECC_CLASS_NODE
1001
AcadCodePageInfo
1000
CodePage
1070
    40
  0
ACAD_PROXY_OBJECT
  5
259
330
1FC
100
AcDbProxyObject
 90
      499
 91
      540
 71
    23
 97
       15
 70
     0
161
               660
310
11C080E00008045905958D8D11893585D195C9A585B14D958DD1A5BDB802404A60E0000A820050004090010004088118000070004060000C00100C9164165636344624D6174657269616C53656374696F6E00C
350
25A
 94
        0
1001
ACAD
1000
AcRTDxfName
1000
AECC_CLASS_NODE
1000
AcRTDxfName
1000
AECC_CLASS_NODE
1000
AcRTDxfName
1000
AECC_CLASS_NODE
1000
AcRTDxfName
1000
AECC_CLASS_NODE
1000
AcRTDxfName
1000
AECC_CLASS_NODE
1001
AcadCodePageInfo
1000
CodePage
1070
    40
  0
ACAD_PROXY_OBJECT
  5
265
330
1FC
100
AcDbProxyObject
 90
      499
 91
      540
 71
    23
 97
       15
 70
     0
161
               475
310
11C081E00008045905958D8D11893D9999CD95D115B195D931858995B002404A60E0000922C82CAC6C688C49ECCCCE6CAE88AD8CAEC98C2C4CAD800C
350
266
 94
        0
1001
ACAD
1000
AcRTDxfName
1000
AECC_CLASS_NODE
1000
AcRTDxfName
1000
AECC_CLASS_NODE
1000
AcRTDxfName
1000
AECC_CLASS_NODE
1000
AcRTDxfName
1000
AECC_CLASS_NODE
1000
AcRTDxfName
1000
AECC_CLASS_NODE
1001
AcadCodePageInfo
1000
CodePage
1070
    40
  0
ACAD_PROXY_OBJECT
  5
295
330
1FC
100
AcDbProxyObject
 90
      499
 91
      540
 71
    23
 97
       15
 70
     0
161
               475
310
11C082E00008045905958D8D11894D958DD1A5BDB931858995B1A5B99C02404A60E0000922C82CAC6C688C4A6CAC6E8D2DEDC98C2C4CAD8D2DCCE00C
350
296
 94
        0
1001
ACAD
1000
AcRTDxfName
1000
AECC_CLASS_NODE
1000
AcRTDxfName
1000
AECC_CLASS_NODE
1000
AcRTDxfName
1000
AECC_CLASS_NODE
1000
AcRTDxfName
1000
AECC_CLASS_NODE
1000
AcRTDxfName
1000
AECC_CLASS_NODE
1001
AcadCodePageInfo
1000
CodePage
1070
    40
  0
ACAD_PROXY_OBJECT
  5
205
330
1FC
100
AcDbProxyObject
 90
      499
 91
      540
 71
    23
 97
       15
 70
     0
161
               683
310
11C083E00008048D05958D8D118905B1A59DB9B595B9D11195CDA59DB94DC195959131858995B1A5B99C02404A60E0000924682CAC6C688C482D8D2CEDCDACADCE888CAE6D2CEDCA6E0CACAC898C2C4CAD8D2DCCE00C
350
206
 94
        0
1001
ACAD
1000
AcRTDxfName
1000
AECC_CLASS_NODE
1000
AcRTDxfName
1000
AECC_CLASS_NODE
1000
AcRTDxfName
1000
AECC_CLASS_NODE
1000
AcRTDxfName
1000
AECC_CLASS_NODE
1000
AcRTDxfName
1000
AECC_CLASS_NODE
1001
AcadCodePageInfo
1000
CodePage
1070
    40
  0
ACAD_PROXY_OBJECT
  5
283
330
1FC
100
AcDbProxyObject
 90
      499
 91
      540
 71
    23
 97
       15
 70
     0
161
               427
310
11C084E00008044D05958D8D118949BD8591DD85E54DD185D19402404A60E0000922682CAC6C688C4A4DEC2C8EEC2F2A6E8C2E8CA00C
350
284
 94
        0
1001
ACAD
1000
AcRTDxfName
1000
AECC_CLASS_NODE
1000
AcRTDxfName
1000
AECC_CLASS_NODE
1000
AcRTDxfName
1000
AECC_CLASS_NODE
1000
AcRTDxfName
1000
AECC_CLASS_NODE
1000
AcRTDxfName
1000
AECC_CLASS_NODE
1001
AcadCodePageInfo
1000
CodePage
1070
    40
  0
ACAD_PROXY_OBJECT
  5
289
330
1FC
100
AcDbProxyObject
 90
      499
 91
      540
 71
    23
 97
       15
 70
     0
161
               265
310
11C098E90129838000248B20B2B1B1A23129B0B6B83632A634B732A3B937BAB8004C
350
28A
 94
        0
1001
ACAD
1000
AcRTDxfName
1000
AECC_CLASS_NODE
1000
AcRTDxfName
1000
AECC_CLASS_NODE
1000
AcRTDxfName
1000
AECC_CLASS_NODE
1000
AcRTDxfName
1000
AECC_CLASS_NODE
1000
AcRTDxfName
1000
AECC_CLASS_NODE
1001
AcadCodePageInfo
1000
CodePage
1070
    40
  0
ACAD_PROXY_OBJECT
  5
2BB
330
1FC
100
AcDbProxyObject
 90
      499
 91
      540
 71
    23
 97
       15
 70
     0
161
               770
310
11C085E00008044905958D8D11894DD5C999858D951DC9A59002404A60E0000A8400D00040900900040881180000500040900100040881180000F0004060001C001018000B000403003000403244905958D8D11894DD5C999858D951DC9A59000C
350
2BC
 94
        0
1001
ACAD
1000
AcRTDxfName
1000
AECC_CLASS_NODE
1000
AcRTDxfName
1000
AECC_CLASS_NODE
1000
AcRTDxfName
1000
AECC_CLASS_NODE
1000
AcRTDxfName
1000
AECC_CLASS_NODE
1000
AcRTDxfName
1000
AECC_CLASS_NODE
1001
AcadCodePageInfo
1000
CodePage
1070
    40
  0
ACAD_PROXY_OBJECT
  5
25D
330
1FC
100
AcDbProxyObject
 90
      499
 91
      540
 71
    23
 97
       15
 70
     0
161
               411
310
11C080F00008044905958D8D11893995D1DDBDC9AD4185C9D002404A60E0000922482CAC6C688C49CCAE8EEDEE4D6A0C2E4E800C
350
25E
 94
        0
1001
ACAD
1000
AcRTDxfName
1000
AECC_CLASS_NODE
1000
AcRTDxfName
1000
AECC_CLASS_NODE
1000
AcRTDxfName
1000
AECC_CLASS_NODE
1000
AcRTDxfName
1000
AECC_CLASS_NODE
1000
AcRTDxfName
1000
AECC_CLASS_NODE
1001
AcadCodePageInfo
1000
CodePage
1070
    40
  0
ACAD_PROXY_OBJECT
  5
2B3
330
1FC
100
AcDbProxyObject
 90
      499
 91
      540
 71
    23
 97
       15
 70
     0
161
               596
310
11C081F00008044905958D8D11894DD58985CDCD95B589B1E402404A60E0000A820050004090010004088118000070004060000C00100C912416563634462537562617373656D626C7900C
350
2B4
 94
        0
1001
ACAD
1000
AcRTDxfName
1000
AECC_CLASS_NODE
1000
AcRTDxfName
1000
AECC_CLASS_NODE
1000
AcRTDxfName
1000
AECC_CLASS_NODE
1000
AcRTDxfName
1000
AECC_CLASS_NODE
1000
AcRTDxfName
1000
AECC_CLASS_NODE
1001
AcadCodePageInfo
1000
CodePage
1070
    40
  0
ACAD_PROXY_OBJECT
  5
299
330
1FC
100
AcDbProxyObject
 90
      499
 91
      540
 71
    23
 97
       15
 70
     0
161
               571
310
11C082F00008047105958D8D11894D958DD1A5BDB93D9999CD95D131858995B1A5B99C02404A60E0000923882CAC6C688C4A6CAC6E8D2DEDC9ECCCCE6CAE898C2C4CAD8D2DCCE00C
350
29A
 94
        0
1001
ACAD
1000
AcRTDxfName
1000
AECC_CLASS_NODE
1000
AcRTDxfName
1000
AECC_CLASS_NODE
1000
AcRTDxfName
1000
AECC_CLASS_NODE
1000
AcRTDxfName
1000
AECC_CLASS_NODE
1000
AcRTDxfName
1000
AECC_CLASS_NODE
1001
AcadCodePageInfo
1000
CodePage
1070
    40
  0
ACAD_PROXY_OBJECT
  5
221
330
1FC
100
AcDbProxyObject
 90
      499
 91
      540
 71
    23
 97
       15
 70
     0
161
               395
310
11C083F00008044505958D8D118941BDA5B9D11DC9BDD5C002404A60E0000922282CAC6C688C4A0DED2DCE88EE4DEEAE000C
350
222
 94
        0
1001
ACAD
1000
AcRTDxfName
1000
AECC_CLASS_NODE
1000
AcRTDxfName
1000
AECC_CLASS_NODE
1000
AcRTDxfName
1000
AECC_CLASS_NODE
1000
AcRTDxfName
1000
AECC_CLASS_NODE
1000
AcRTDxfName
1000
AECC_CLASS_NODE
1001
AcadCodePageInfo
1000
CodePage
1070
    40
  0
ACAD_PROXY_OBJECT
  5
2AF
330
1FC
100
AcDbProxyObject
 90
      499
 91
      540
 71
    23
 97
       15
 70
     0
161
               571
310
11C084F00008047105958D8D11894DD1C9D58DD1D5C99541C9BD99A5B19531858995B002404A60E0000923882CAC6C688C4A6E8E4EAC6E8EAE4CAA0E4DECCD2D8CA98C2C4CAD800C
350
2B0
 94
        0
1001
ACAD
1000
AcRTDxfName
1000
AECC_CLASS_NODE
1000
AcRTDxfName
1000
AECC_CLASS_NODE
1000
AcRTDxfName
1000
AECC_CLASS_NODE
1000
AcRTDxfName
1000
AECC_CLASS_NODE
1000
AcRTDxfName
1000
AECC_CLASS_NODE
1001
AcadCodePageInfo
1000
CodePage
1070
    40
  0
ACAD_PROXY_OBJECT
  5
23D
330
1FC
100
AcDbProxyObject
 90
      499
 91
      540
 71
    23
 97
       15
 70
     0
161
               640
310
11C098F901298380002A1003400102402400102204600001400102400400102204600003C00101800070004060002C00100C00C00100C918416563634462477261706843726F737353656374696F6E004E
350
23E
 94
        0
1001
ACAD
1000
AcRTDxfName
1000
AECC_CLASS_NODE
1000
AcRTDxfName
1000
AECC_CLASS_NODE
1000
AcRTDxfName
1000
AECC_CLASS_NODE
1000
AcRTDxfName
1000
AECC_CLASS_NODE
1000
AcRTDxfName
1000
AECC_CLASS_NODE
1001
AcadCodePageInfo
1000
CodePage
1070
    40
  0
ACAD_PROXY_OBJECT
  5
253
330
1FC
100
AcDbProxyObject
 90
      499
 91
      540
 71
    23
 97
       15
 70
     0
161
               555
310
11C085F00008046D05958D8D118931BDD131A5B9954D8DA19591D5B195518589B19402404A60E0000923682CAC6C688C498DEE898D2DCCAA6C6D0CAC8EAD8CAA8C2C4D8CA00C
350
254
 94
        0
1001
ACAD
1000
AcRTDxfName
1000
AECC_CLASS_NODE
1000
AcRTDxfName
1000
AECC_CLASS_NODE
1000
AcRTDxfName
1000
AECC_CLASS_NODE
1000
AcRTDxfName
1000
AECC_CLASS_NODE
1000
AcRTDxfName
1000
AECC_CLASS_NODE
1001
AcadCodePageInfo
1000
CodePage
1070
    40
  0
ACAD_PROXY_OBJECT
  5
263
330
1FC
100
AcDbProxyObject
 90
      499
 91
      540
 71
    23
 97
       15
 70
     0
161
               564
310
11C081000008044105958D8D118939BDD19531858995B002404A60E0000A820050004090010004088118000070004060000C00100C9104165636344624E6F74654C6162656C00C
350
264
 94
        0
1001
ACAD
1000
AcRTDxfName
1000
AECC_CLASS_NODE
1000
AcRTDxfName
1000
AECC_CLASS_NODE
1000
AcRTDxfName
1000
AECC_CLASS_NODE
1000
AcRTDxfName
1000
AECC_CLASS_NODE
1000
AcRTDxfName
1000
AECC_CLASS_NODE
1001
AcadCodePageInfo
1000
CodePage
1070
    40
  0
ACAD_PROXY_OBJECT
  5
2D5
330
1FC
100
AcDbProxyObject
 90
      499
 91
      540
 71
    23
 97
       15
 70
     0
161
               571
310
11C083000008047105958D8D11895905B1A59DB9B595B9D141592531858995B1A5B99C02404A60E0000923882CAC6C688C4AC82D8D2CEDCDACADCE8A0AC9298C2C4CAD8D2DCCE00C
350
2D6
 94
        0
1001
ACAD
1000
AcRTDxfName
1000
AECC_CLASS_NODE
1000
AcRTDxfName
1000
AECC_CLASS_NODE
1000
AcRTDxfName
1000
AECC_CLASS_NODE
1000
AcRTDxfName
1000
AECC_CLASS_NODE
1000
AcRTDxfName
1000
AECC_CLASS_NODE
1001
AcadCodePageInfo
1000
CodePage
1070
    40
  0
ACAD_PROXY_OBJECT
  5
207
330
1FC
100
AcDbProxyObject
 90
      499
 91
      540
 71
    23
 97
       15
 70
     0
161
               651
310
11C085000008048505958D8D118905B1A59DB9B595B9D11D95BDB541BDA5B9D131858995B1A5B99C02404A60E0000924282CAC6C688C482D8D2CEDCDACADCE88ECADEDAA0DED2DCE898C2C4CAD8D2DCCE00C
350
208
 94
        0
1001
ACAD
1000
AcRTDxfName
1000
AECC_CLASS_NODE
1000
AcRTDxfName
1000
AECC_CLASS_NODE
1000
AcRTDxfName
1000
AECC_CLASS_NODE
1000
AcRTDxfName
1000
AECC_CLASS_NODE
1000
AcRTDxfName
1000
AECC_CLASS_NODE
1001
AcadCodePageInfo
1000
CodePage
1070
    40
  0
ACAD_PROXY_OBJECT
  5
223
330
1FC
100
AcDbProxyObject
 90
      499
 91
      540
 71
    23
 97
       15
 70
     0
161
               418
310
11C08900E0000901298380002A0801400102400400102204600001C0010180003000403243D05958D8D11890DBDC9C9A591BDC800C
350
224
 94
        0
1001
ACAD
1000
AcRTDxfName
1000
AECC_CLASS_NODE
1000
AcRTDxfName
1000
AECC_CLASS_NODE
1000
AcRTDxfName
1000
AECC_CLASS_NODE
1000
AcRTDxfName
1000
AECC_CLASS_NODE
1000
AcRTDxfName
1000
AECC_CLASS_NODE
1001
AcadCodePageInfo
1000
CodePage
1070
    40
  0
ACAD_PROXY_OBJECT
  5
241
330
1FC
100
AcDbProxyObject
 90
      499
 91
      540
 71
    23
 97
       15
 70
     0
161
               600
310
11C0990901298380002A1003400102402400102204600001400102400400102204600003C00101800070004060002C00100C00C00100C913416563634462477261706850726F66696C650000
350
242
 94
        0
1001
ACAD
1000
AcRTDxfName
1000
AECC_CLASS_NODE
1000
AcRTDxfName
1000
AECC_CLASS_NODE
1000
AcRTDxfName
1000
AECC_CLASS_NODE
1000
AcRTDxfName
1000
AECC_CLASS_NODE
1000
AcRTDxfName
1000
AECC_CLASS_NODE
1001
AcadCodePageInfo
1000
CodePage
1070
    40
  0
ACAD_PROXY_OBJECT
  5
20F
330
1FC
100
AcDbProxyObject
 90
      499
 91
      540
 71
    23
 97
       15
 70
     0
161
               539
310
11C081100008046905958D8D118905B1A59DB9B595B9D1412531858995B1A5B99C02404A60E0000923482CAC6C688C482D8D2CEDCDACADCE8A09298C2C4CAD8D2DCCE00C
350
210
 94
        0
1001
ACAD
1000
AcRTDxfName
1000
AECC_CLASS_NODE
1000
AcRTDxfName
1000
AECC_CLASS_NODE
1000
AcRTDxfName
1000
AECC_CLASS_NODE
1000
AcRTDxfName
1000
AECC_CLASS_NODE
1000
AcRTDxfName
1000
AECC_CLASS_NODE
1001
AcadCodePageInfo
1000
CodePage
1070
    40
  0
ACAD_PROXY_OBJECT
  5
2DF
330
1FC
100
AcDbProxyObject
 90
      499
 91
      540
 71
    23
 97
       15
 70
     0
161
               507
310
11C083100008046105958D8D118959A595DD19C985B59531858995B1A5B99C02404A60E0000923082CAC6C688C4ACD2CAEE8CE4C2DACA98C2C4CAD8D2DCCE00C
350
2E0
 94
        0
1001
ACAD
1000
AcRTDxfName
1000
AECC_CLASS_NODE
1000
AcRTDxfName
1000
AECC_CLASS_NODE
1000
AcRTDxfName
1000
AECC_CLASS_NODE
1000
AcRTDxfName
1000
AECC_CLASS_NODE
1000
AcRTDxfName
1000
AECC_CLASS_NODE
1001
AcadCodePageInfo
1000
CodePage
1070
    40
  0
ACAD_PROXY_OBJECT
  5
217
330
1FC
100
AcDbProxyObject
 90
      499
 91
      540
 71
    23
 97
       15
 70
     0
161
               644
310
11C085100008045505958D8D118905B1A59DB9B595B9D1518589B19402404A60E0000A820050004090010004088118000070004060000C00100C915416563634462416C69676E6D656E745461626C6500C
350
218
 94
        0
1001
ACAD
1000
AcRTDxfName
1000
AECC_CLASS_NODE
1000
AcRTDxfName
1000
AECC_CLASS_NODE
1000
AcRTDxfName
1000
AECC_CLASS_NODE
1000
AcRTDxfName
1000
AECC_CLASS_NODE
1000
AcRTDxfName
1000
AECC_CLASS_NODE
1001
AcadCodePageInfo
1000
CodePage
1070
    40
  0
ACAD_PROXY_OBJECT
  5
2C9
330
1FC
100
AcDbProxyObject
 90
      499
 91
      540
 71
    23
 97
       15
 70
     0
161
              2136
310
11C0991901298380002A3803400102402400102204600001400102400400102204600003C00101800070004060002C00100C00C00100C07FF0002208AC868600077F00022088AACA00006FF000220884ACA00005FF00022048200057F0002204960004FF000220698A000047F000220690A00003FF000220A8AAC868A00037
310
F000220A8AAC86A60002FF00022088AAC8600027F000220A84AC868A0001FF000220A84AC86A600017F000220884AC860000FF000220C84A48A829600007F0002208AC92A0000A7F000220AACA4868A0009FF000220AACA486A600097F000220AAC86868A0008FF000220AAC8686A600087F0002208ACA4860091141656363
310
446256416C69676E6D656E740000
350
2CA
 94
        0
1001
ACAD
1000
AcRTDxfName
1000
AECC_CLASS_NODE
1000
AcRTDxfName
1000
AECC_CLASS_NODE
1000
AcRTDxfName
1000
AECC_CLASS_NODE
1000
AcRTDxfName
1000
AECC_CLASS_NODE
1000
AcRTDxfName
1000
AECC_CLASS_NODE
1001
AcadCodePageInfo
1000
CodePage
1070
    40
  0
ACAD_PROXY_OBJECT
  5
22B
330
1FC
100
AcDbProxyObject
 90
      499
 91
      540
 71
    23
 97
       15
 70
     0
161
               507
310
11C081200008046105958D8D118919858D954D8DA19591D5B195518589B19402404A60E0000923082CAC6C688C48CC2C6CAA6C6D0CAC8EAD8CAA8C2C4D8CA00C
350
22C
 94
        0
1001
ACAD
1000
AcRTDxfName
1000
AECC_CLASS_NODE
1000
AcRTDxfName
1000
AECC_CLASS_NODE
1000
AcRTDxfName
1000
AECC_CLASS_NODE
1000
AcRTDxfName
1000
AECC_CLASS_NODE
1000
AcRTDxfName
1000
AECC_CLASS_NODE
1001
AcadCodePageInfo
1000
CodePage
1070
    40
  0
ACAD_PROXY_OBJECT
  5
225
330
1FC
100
AcDbProxyObject
 90
      499
 91
      540
 71
    23
 97
       15
 70
     0
161
               523
310
11C083200008046505958D8D11890DD5C9D9954D8DA19591D5B195518589B19402404A60E0000923282CAC6C688C486EAE4ECCAA6C6D0CAC8EAD8CAA8C2C4D8CA00C
350
226
 94
        0
1001
ACAD
1000
AcRTDxfName
1000
AECC_CLASS_NODE
1000
AcRTDxfName
1000
AECC_CLASS_NODE
1000
AcRTDxfName
1000
AECC_CLASS_NODE
1000
AcRTDxfName
1000
AECC_CLASS_NODE
1000
AcRTDxfName
1000
AECC_CLASS_NODE
1001
AcadCodePageInfo
1000
CodePage
1070
    40
  0
ACAD_PROXY_OBJECT
  5
237
330
1FC
100
AcDbProxyObject
 90
      499
 91
      540
 71
    23
 97
       15
 70
     0
161
               347
310
11C085200008043905958D8D11891D95BD7D85958C02404A60E0000921C82CAC6C688C48ECADEBEC2CAC600C
350
238
 94
        0
1001
ACAD
1000
AcRTDxfName
1000
AECC_CLASS_NODE
1000
AcRTDxfName
1000
AECC_CLASS_NODE
1000
AcRTDxfName
1000
AECC_CLASS_NODE
1000
AcRTDxfName
1000
AECC_CLASS_NODE
1000
AcRTDxfName
1000
AECC_CLASS_NODE
1001
AcadCodePageInfo
1000
CodePage
1070
    40
  0
ACAD_PROXY_OBJECT
  5
1FE
330
1FC
100
AcDbProxyObject
 90
      499
 91
      540
 71
    23
 97
       15
 70
     0
161
             31264
310
11C0992901298380002A6446E8000221187C179A44183BE0046680002211915D69D64183BE0003400102402400102204600001400102400400102204600003C00101800070004060002C00100C00C00100C2F6A80022089A829C002EEA8002208A6849E002E6A8002206A486002DEA800220898A69A002D6A8002206988600
310
2CEA80022088A9CA6002C6A8002208849CA6002BEA80022088A8CA6002B6A8002208848CA6002AEA80022088A9C86002A6A8002208849C860029EA80022088A9E8200296A8002208849E82003FE8000C34898008A0074004000A600A80082007A007800B600660066006C0060006E0072006600700050006400600072006E0
310
0F800640068006E006800F8006400660070006E00F8006400680066006600F80064006A0072006600F80064006C0060007200F80064006C006A006E00F80064006C006E006800F80064006C0070007200F80064006E0060006C00F80064006E0064006200F80064006E0060006E005200BA007C0000003F68000C3C4980084
310
007400400098007A007800B600660066006C0060006E00720066006C0050006400600072006E00F8006400660070007000F8006400680066006600F80064006A0072006600F80064006C0060007200F80064006C006A006E005200BA007C00400088009200A4007A007800B600660066006C0060007000600062006E005000
310
6400620068006A00F800640068006E006000F8006400660072006200F8006400680066006600F80064006A0068007200F800640068006A006000F80064006C0060007200F80064006C006A006E00F80064006E0070006A005200BA007C0000003EE8000C3488A00A00074004000A600A80082007A007800B600660066006C0
310
060006E006E006200640050006400600072006E00F800640068006E006800F8006400660070006E00F8006400680066006600F80064006A0072006600F80064006C0060007200F80064006C006A006E00F80064006C006E006800F80064006C0070007200F80064006E0060006C00F80064006E0064006200F80064006E006
310
0006E005200BA007C0000003E68000C3488400A00074004000A600A80082007A007800B600660066006C0060006E006E006200640050006400600072006E00F800640068006E006800F8006400660070006E00F8006400680066006600F80064006A0072006600F80064006C0060007200F80064006C006A006E00F8006400
310
6C006E006800F80064006C0070007200F80064006E0060006C00F80064006E0064006200F80064006E0060006E005200BA007C00000044E8000C0C80200008600A600BE00A600A4008A0074004000A600A80082007A007800B600660066006C0060006E0072006600700050006400600072006E00F800640068006E006800F
310
8006400660070006E00F8006400680066006600F80064006A0072006600F80064006C0060007200F80064006C006A006E00F80064006C006E006800F80064006C0070007200F80064006E0060006C00F80064006E0064006200F80064006E0060006E005200BA007C004000A4007A007800B600660066006C0060007000640
310
062006A0050006400600072006E00F8006400660070007000F8006400680066006600F80064006A0072006600F80064006C0060007200F80064006C006A006E005200BA007C00400098007A007800B600660066006C0060006E00720066006C0050006400600072006E00F8006400660070007000F8006400680066006600F
310
80064006A0072006600F80064006C0060007200F80064006C006A006E005200BA007C0000004468000C3908600A600BE00A600A400840074004000A4007A007800B600660066006C006000700064006200680050006400600072006E00F8006400660070007000F8006400680066006600F80064006A0072006600F8006400
310
6C0060007200F80064006C006A006E005200BA007C00400098007A007800B600660066006C0060006E00720066006C0050006400600072006E00F8006400660070007000F8006400680066006600F80064006A0072006600F80064006C0060007200F80064006C006A006E005200BA007C00000043E8000C0C80200008600A
310
600BE009800A4008A0074004000A600A80082007A007800B600660066006C0060006E0072006600700050006400600072006E00F800640068006E006800F8006400660070006E00F8006400680066006600F80064006A0072006600F80064006C0060007200F80064006C006A006E00F80064006C006E006800F80064006C0
310
070007200F80064006E0060006C00F80064006E0064006200F80064006E0060006E005200BA007C004000A4007A007800B600660066006C0060007000640062006A0050006400600072006E00F8006400660070007000F8006400680066006600F80064006A0072006600F80064006C0060007200F80064006C006A006E005
310
200BA007C00400098007A007800B600660066006C0060006E00720066006C0050006400600072006E00F8006400660070007000F8006400680066006600F80064006A0072006600F80064006C0060007200F80064006C006A006E005200BA007C0000004368000C3908600A600BE009800A400840074004000A4007A007800
310
B600660066006C006000700064006200680050006400600072006E00F8006400660070007000F8006400680066006600F80064006A0072006600F80064006C0060007200F80064006C006A006E005200BA007C00400098007A007800B600660066006C0060006E00720066006C0050006400600072006E00F8006400660070
310
007000F8006400680066006600F80064006A0072006600F80064006C0060007200F80064006C006A006E005200BA007C00000042E8000C0C8020000A600A600BE00A600A4008A0074004000A600A80082007A007800B600660066006C0060006E0072006600700050006400600072006E00F800640068006E006800F800640
310
0660070006E00F8006400680066006600F80064006A0072006600F80064006C0060007200F80064006C006A006E00F80064006C006E006800F80064006C0070007200F80064006E0060006C00F80064006E0064006200F80064006E0060006E005200BA007C00400082007A007800B600660066006C0060007000640062006
310
40050006400600072006E00F8006400660070007000F8006400680066006600F80064006A0072006600F80064006C0060007200F80064006C006A006E005200BA007C00400098007A007800B600660066006C0060006E00720066006C0050006400600072006E00F8006400660070007000F8006400680066006600F800640
310
06A0072006600F80064006C0060007200F80064006C006A006E005200BA007C0000004268000C390A600A600BE00A600A40084007400400082007A007800B600660066006C006000700064006200640050006400600072006E00F8006400660070007000F8006400680066006600F80064006A0072006600F80064006C0060
310
007200F80064006C006A006E005200BA007C00400098007A007800B600660066006C0060006E00720066006C0050006400600072006E00F8006400660070007000F8006400680066006600F80064006A0072006600F80064006C0060007200F80064006C006A006E005200BA007C00000041E8000C0C8020000A600A600BE0
310
09800A4008A0074004000A600A80082007A007800B600660066006C0060006E0072006600700050006400600072006E00F800640068006E006800F8006400660070006E00F8006400680066006600F80064006A0072006600F80064006C0060007200F80064006C006A006E00F80064006C006E006800F80064006C0070007
310
200F80064006E0060006C00F80064006E0064006200F80064006E0060006E005200BA007C00400082007A007800B600660066006C006000700064006200640050006400600072006E00F8006400660070007000F8006400680066006600F80064006A0072006600F80064006C0060007200F80064006C006A006E005200BA0
310
07C00400098007A007800B600660066006C0060006E00720066006C0050006400600072006E00F8006400660070007000F8006400680066006600F80064006A0072006600F80064006C0060007200F80064006C006A006E005200BA007C0000004168000C390A600A600BE009800A40084007400400082007A007800B60066
310
0066006C006000700064006200640050006400600072006E00F8006400660070007000F8006400680066006600F80064006A0072006600F80064006C0060007200F80064006C006A006E005200BA007C00400098007A007800B600660066006C0060006E00720066006C0050006400600072006E00F8006400660070007000
310
F8006400680066006600F80064006A0072006600F80064006C0060007200F80064006C006A006E005200BA007C00000040E8000C0B80200008A00860074004000A600A80082007A007800B600660066006C0060006E0072006600700050006400600072006E00F800640068006E006800F8006400660070006E00F80064006
310
80066006600F80064006A0072006600F80064006C0060007200F80064006C006A006E00F80064006C006E006800F80064006C0070007200F80064006E0060006C00F80064006E0064006200F80064006E0060006E005200BA007C004000A4007A007800B600660066006C006000700060006C00720050006400600072006E0
310
0F8006400660070007000F8006400680066006600F80064006A0072006600F80064006C0060007200F80064006C006A006E005200BA007C00400098007A007800B600660066006C0060006E00720066006C0050006400600072006E00F8006400660070007000F8006400680066006600F80064006A0072006600F80064006
310
C0060007200F80064006C006A006E005200BA007C0000004068000C3808400860074004000A4007A007800B600660066006C006000700060006C00720050006400600072006E00F8006400660070007000F8006400680066006600F80064006A0072006600F80064006C0060007200F80064006C006A006E005200BA007C00
310
400098007A007800B600660066006C0060006E00720066006C0050006400600072006E00F8006400660070007000F8006400680066006600F80064006A0072006600F80064006C0060007200F80064006C006A006E005200BA007C0000002E680002208A692A0002DE80002206A6A6002D680002206A686002CE8000220686
310
A6002C680002206A6A8002BE80002206A8A6002B680002208A0A486002AE80002208A08686002A680002206A0A80029E80002206A086002968000220692A0003DE8000220684A0003D6800022068AA000910416563634462416C69676E6D656E7400CC
350
1FF
 94
        0
1001
ACAD
1000
AcRTDxfName
1000
AECC_CLASS_NODE
1000
AcRTDxfName
1000
AECC_CLASS_NODE
1000
AcRTDxfName
1000
AECC_CLASS_NODE
1000
AcRTDxfName
1000
AECC_CLASS_NODE
1000
AcRTDxfName
1000
AECC_CLASS_NODE
1001
AcadCodePageInfo
1000
CodePage
1070
    40
  0
XRECORD
  5
152
102
{ACAD_REACTORS
330
150
102
}
330
150
100
AcDbXrecord
280
     1
270
     1
271
     1
  0
XRECORD
  5
151
102
{ACAD_REACTORS
330
150
102
}
330
150
100
AcDbXrecord
280
     1
270
     1
271
     1
  0
XRECORD
  5
155
102
{ACAD_REACTORS
330
150
102
}
330
150
100
AcDbXrecord
280
     1
270
     1
271
     1
  0
XRECORD
  5
154
102
{ACAD_REACTORS
330
150
102
}
330
150
100
AcDbXrecord
280
     1
270
     1
271
     1
  0
XRECORD
  5
156
102
{ACAD_REACTORS
330
150
102
}
330
150
100
AcDbXrecord
280
     1
270
     1
271
     1
  0
XRECORD
  5
153
102
{ACAD_REACTORS
330
150
102
}
330
150
100
AcDbXrecord
280
     1
270
     1
271
     1
  0
XRECORD
  5
14A
102
{ACAD_REACTORS
330
148
102
}
330
148
100
AcDbXrecord
280
     1
270
     1
271
     1
  0
XRECORD
  5
149
102
{ACAD_REACTORS
330
148
102
}
330
148
100
AcDbXrecord
280
     1
270
     1
271
     1
  0
XRECORD
  5
14D
102
{ACAD_REACTORS
330
148
102
}
330
148
100
AcDbXrecord
280
     1
270
     1
271
     1
  0
XRECORD
  5
14C
102
{ACAD_REACTORS
330
148
102
}
330
148
100
AcDbXrecord
280
     1
270
     1
271
     1
  0
XRECORD
  5
14E
102
{ACAD_REACTORS
330
148
102
}
330
148
100
AcDbXrecord
280
     1
270
     1
271
     1
  0
XRECORD
  5
14B
102
{ACAD_REACTORS
330
148
102
}
330
148
100
AcDbXrecord
280
     1
270
     1
271
     1
  0
XRECORD
  5
15A
102
{ACAD_REACTORS
330
158
102
}
330
158
100
AcDbXrecord
280
     1
270
     1
271
     1
  0
XRECORD
  5
159
102
{ACAD_REACTORS
330
158
102
}
330
158
100
AcDbXrecord
280
     1
270
     1
271
     1
  0
XRECORD
  5
15D
102
{ACAD_REACTORS
330
158
102
}
330
158
100
AcDbXrecord
280
     1
270
     1
271
     1
  0
XRECORD
  5
15C
102
{ACAD_REACTORS
330
158
102
}
330
158
100
AcDbXrecord
280
     1
270
     1
271
     1
  0
XRECORD
  5
15E
102
{ACAD_REACTORS
330
158
102
}
330
158
100
AcDbXrecord
280
     1
270
     1
271
     1
  0
XRECORD
  5
15B
102
{ACAD_REACTORS
330
158
102
}
330
158
100
AcDbXrecord
280
     1
270
     1
271
     1
  0
CELLSTYLEMAP
  5
5D78
102
{ACAD_REACTORS
330
44A3
102
}
330
44A3
100
AcDbCellStyleMap
 90
        3
300
CELLSTYLE
  1
TABLEFORMAT_BEGIN
 90
        5
170
     1
 91
        0
 92
    32768
 62
   257
 93
        1
300
CONTENTFORMAT
  1
CONTENTFORMAT_BEGIN
 90
        0
 91
        0
 92
      512
 93
        0
300

 40
0.0
140
1.0
 94
        5
 62
     0
340
17
144
0.5
309
CONTENTFORMAT_END
171
     1
301
MARGIN
  1
CELLMARGIN_BEGIN
 40
0.06
 40
0.06
 40
0.06
 40
0.06
 40
0.18
 40
0.18
309
CELLMARGIN_END
 94
        6
 95
        1
302
GRIDFORMAT
  1
GRIDFORMAT_BEGIN
 90
        0
 91
        1
 62
     0
 92
       -2
340
0
 93
        0
 40
0.045
309
GRIDFORMAT_END
 95
        2
302
GRIDFORMAT
  1
GRIDFORMAT_BEGIN
 90
        0
 91
        1
 62
     0
 92
       -2
340
0
 93
        1
 40
0.045
309
GRIDFORMAT_END
 95
        4
302
GRIDFORMAT
  1
GRIDFORMAT_BEGIN
 90
        0
 91
        1
 62
     0
 92
       -2
340
0
 93
        0
 40
0.045
309
GRIDFORMAT_END
 95
        8
302
GRIDFORMAT
  1
GRIDFORMAT_BEGIN
 90
        0
 91
        1
 62
     0
 92
       -2
340
0
 93
        0
 40
0.045
309
GRIDFORMAT_END
 95
       16
302
GRIDFORMAT
  1
GRIDFORMAT_BEGIN
 90
        0
 91
        1
 62
     0
 92
       -2
340
0
 93
        1
 40
0.045
309
GRIDFORMAT_END
 95
       32
302
GRIDFORMAT
  1
GRIDFORMAT_BEGIN
 90
        0
 91
        1
 62
     0
 92
       -2
340
0
 93
        0
 40
0.045
309
GRIDFORMAT_END
309
TABLEFORMAT_END
  1
CELLSTYLE_BEGIN
 90
        1
 91
        1
300
_TITLE
309
CELLSTYLE_END
300
CELLSTYLE
  1
TABLEFORMAT_BEGIN
 90
        5
170
     1
 91
        0
 92
        0
 62
   257
 93
        1
300
CONTENTFORMAT
  1
CONTENTFORMAT_BEGIN
 90
        0
 91
        0
 92
      512
 93
        0
300

 40
0.0
140
1.0
 94
        4
 62
     0
340
17
144
0.4
309
CONTENTFORMAT_END
171
     1
301
MARGIN
  1
CELLMARGIN_BEGIN
 40
0.06
 40
0.06
 40
0.06
 40
0.06
 40
0.18
 40
0.18
309
CELLMARGIN_END
 94
        6
 95
        1
302
GRIDFORMAT
  1
GRIDFORMAT_BEGIN
 90
        0
 91
        1
 62
     0
 92
       -2
340
0
 93
        0
 40
0.045
309
GRIDFORMAT_END
 95
        2
302
GRIDFORMAT
  1
GRIDFORMAT_BEGIN
 90
        0
 91
        1
 62
     0
 92
       -2
340
0
 93
        1
 40
0.045
309
GRIDFORMAT_END
 95
        4
302
GRIDFORMAT
  1
GRIDFORMAT_BEGIN
 90
        0
 91
        1
 62
     0
 92
       -2
340
0
 93
        0
 40
0.045
309
GRIDFORMAT_END
 95
        8
302
GRIDFORMAT
  1
GRIDFORMAT_BEGIN
 90
        0
 91
        1
 62
     0
 92
       -2
340
0
 93
        0
 40
0.045
309
GRIDFORMAT_END
 95
       16
302
GRIDFORMAT
  1
GRIDFORMAT_BEGIN
 90
        0
 91
        1
 62
     0
 92
       -2
340
0
 93
        1
 40
0.045
309
GRIDFORMAT_END
 95
       32
302
GRIDFORMAT
  1
GRIDFORMAT_BEGIN
 90
        0
 91
        1
 62
     0
 92
       -2
340
0
 93
        0
 40
0.045
309
GRIDFORMAT_END
309
TABLEFORMAT_END
  1
CELLSTYLE_BEGIN
 90
        2
 91
        1
300
_HEADER
309
CELLSTYLE_END
300
CELLSTYLE
  1
TABLEFORMAT_BEGIN
 90
        5
170
     1
 91
        0
 92
        0
 62
   257
 93
        1
300
CONTENTFORMAT
  1
CONTENTFORMAT_BEGIN
 90
        0
 91
        0
 92
      512
 93
        0
300

 40
0.0
140
1.0
 94
        4
 62
     0
340
17
144
0.4
309
CONTENTFORMAT_END
171
     1
301
MARGIN
  1
CELLMARGIN_BEGIN
 40
0.06
 40
0.06
 40
0.06
 40
0.06
 40
0.18
 40
0.18
309
CELLMARGIN_END
 94
        6
 95
        1
302
GRIDFORMAT
  1
GRIDFORMAT_BEGIN
 90
        0
 91
        1
 62
     0
 92
       -2
340
0
 93
        1
 40
0.045
309
GRIDFORMAT_END
 95
        2
302
GRIDFORMAT
  1
GRIDFORMAT_BEGIN
 90
        0
 91
        1
 62
     0
 92
       -2
340
0
 93
        1
 40
0.045
309
GRIDFORMAT_END
 95
        4
302
GRIDFORMAT
  1
GRIDFORMAT_BEGIN
 90
        0
 91
        1
 62
     0
 92
       -2
340
0
 93
        0
 40
0.045
309
GRIDFORMAT_END
 95
        8
302
GRIDFORMAT
  1
GRIDFORMAT_BEGIN
 90
        0
 91
        1
 62
     0
 92
       -2
340
0
 93
        0
 40
0.045
309
GRIDFORMAT_END
 95
       16
302
GRIDFORMAT
  1
GRIDFORMAT_BEGIN
 90
        0
 91
        1
 62
     0
 92
       -2
340
0
 93
        1
 40
0.045
309
GRIDFORMAT_END
 95
       32
302
GRIDFORMAT
  1
GRIDFORMAT_BEGIN
 90
        0
 91
        1
 62
     0
 92
       -2
340
0
 93
        0
 40
0.045
309
GRIDFORMAT_END
309
TABLEFORMAT_END
  1
CELLSTYLE_BEGIN
 90
        3
 91
        2
300
_DATA
309
CELLSTYLE_END
  0
CELLSTYLEMAP
  5
5D77
102
{ACAD_REACTORS
330
44A1
102
}
330
44A1
100
AcDbCellStyleMap
 90
        3
300
CELLSTYLE
  1
TABLEFORMAT_BEGIN
 90
        5
170
     1
 91
        0
 92
    32768
 62
   257
 93
        1
300
CONTENTFORMAT
  1
CONTENTFORMAT_BEGIN
 90
        0
 91
        0
 92
      512
 93
        0
300

 40
0.0
140
1.0
 94
        5
 62
     0
340
17
144
0.25
309
CONTENTFORMAT_END
171
     1
301
MARGIN
  1
CELLMARGIN_BEGIN
 40
0.06
 40
0.06
 40
0.06
 40
0.06
 40
0.18
 40
0.18
309
CELLMARGIN_END
 94
        6
 95
        1
302
GRIDFORMAT
  1
GRIDFORMAT_BEGIN
 90
        0
 91
        1
 62
     0
 92
       -2
340
0
 93
        0
 40
0.045
309
GRIDFORMAT_END
 95
        2
302
GRIDFORMAT
  1
GRIDFORMAT_BEGIN
 90
        0
 91
        1
 62
     0
 92
       -2
340
0
 93
        0
 40
0.045
309
GRIDFORMAT_END
 95
        4
302
GRIDFORMAT
  1
GRIDFORMAT_BEGIN
 90
        0
 91
        1
 62
     0
 92
       -2
340
0
 93
        0
 40
0.045
309
GRIDFORMAT_END
 95
        8
302
GRIDFORMAT
  1
GRIDFORMAT_BEGIN
 90
        0
 91
        1
 62
     0
 92
       -2
340
0
 93
        0
 40
0.045
309
GRIDFORMAT_END
 95
       16
302
GRIDFORMAT
  1
GRIDFORMAT_BEGIN
 90
        0
 91
        1
 62
     0
 92
       -2
340
0
 93
        0
 40
0.045
309
GRIDFORMAT_END
 95
       32
302
GRIDFORMAT
  1
GRIDFORMAT_BEGIN
 90
        0
 91
        1
 62
     0
 92
       -2
340
0
 93
        0
 40
0.045
309
GRIDFORMAT_END
309
TABLEFORMAT_END
  1
CELLSTYLE_BEGIN
 90
        1
 91
        1
300
_TITLE
309
CELLSTYLE_END
300
CELLSTYLE
  1
TABLEFORMAT_BEGIN
 90
        5
170
     1
 91
        0
 92
        0
 62
   257
 93
        1
300
CONTENTFORMAT
  1
CONTENTFORMAT_BEGIN
 90
        0
 91
        0
 92
      512
 93
        0
300

 40
0.0
140
1.0
 94
        5
 62
     0
340
17
144
0.18
309
CONTENTFORMAT_END
171
     1
301
MARGIN
  1
CELLMARGIN_BEGIN
 40
0.06
 40
0.06
 40
0.06
 40
0.06
 40
0.18
 40
0.18
309
CELLMARGIN_END
 94
        6
 95
        1
302
GRIDFORMAT
  1
GRIDFORMAT_BEGIN
 90
        0
 91
        1
 62
     0
 92
       -2
340
0
 93
        0
 40
0.045
309
GRIDFORMAT_END
 95
        2
302
GRIDFORMAT
  1
GRIDFORMAT_BEGIN
 90
        0
 91
        1
 62
     0
 92
       -2
340
0
 93
        0
 40
0.045
309
GRIDFORMAT_END
 95
        4
302
GRIDFORMAT
  1
GRIDFORMAT_BEGIN
 90
        0
 91
        1
 62
     0
 92
       -2
340
0
 93
        0
 40
0.045
309
GRIDFORMAT_END
 95
        8
302
GRIDFORMAT
  1
GRIDFORMAT_BEGIN
 90
        0
 91
        1
 62
     0
 92
       -2
340
0
 93
        0
 40
0.045
309
GRIDFORMAT_END
 95
       16
302
GRIDFORMAT
  1
GRIDFORMAT_BEGIN
 90
        0
 91
        1
 62
     0
 92
       -2
340
0
 93
        0
 40
0.045
309
GRIDFORMAT_END
 95
       32
302
GRIDFORMAT
  1
GRIDFORMAT_BEGIN
 90
        0
 91
        1
 62
     0
 92
       -2
340
0
 93
        0
 40
0.045
309
GRIDFORMAT_END
309
TABLEFORMAT_END
  1
CELLSTYLE_BEGIN
 90
        2
 91
        1
300
_HEADER
309
CELLSTYLE_END
300
CELLSTYLE
  1
TABLEFORMAT_BEGIN
 90
        5
170
     1
 91
        0
 92
        0
 62
   257
 93
        1
300
CONTENTFORMAT
  1
CONTENTFORMAT_BEGIN
 90
        0
 91
        0
 92
      512
 93
        0
300

 40
0.0
140
1.0
 94
        2
 62
     0
340
17
144
0.18
309
CONTENTFORMAT_END
171
     1
301
MARGIN
  1
CELLMARGIN_BEGIN
 40
0.06
 40
0.06
 40
0.06
 40
0.06
 40
0.18
 40
0.18
309
CELLMARGIN_END
 94
        6
 95
        1
302
GRIDFORMAT
  1
GRIDFORMAT_BEGIN
 90
        0
 91
        1
 62
     0
 92
       -2
340
0
 93
        0
 40
0.045
309
GRIDFORMAT_END
 95
        2
302
GRIDFORMAT
  1
GRIDFORMAT_BEGIN
 90
        0
 91
        1
 62
     0
 92
       -2
340
0
 93
        0
 40
0.045
309
GRIDFORMAT_END
 95
        4
302
GRIDFORMAT
  1
GRIDFORMAT_BEGIN
 90
        0
 91
        1
 62
     0
 92
       -2
340
0
 93
        0
 40
0.045
309
GRIDFORMAT_END
 95
        8
302
GRIDFORMAT
  1
GRIDFORMAT_BEGIN
 90
        0
 91
        1
 62
     0
 92
       -2
340
0
 93
        0
 40
0.045
309
GRIDFORMAT_END
 95
       16
302
GRIDFORMAT
  1
GRIDFORMAT_BEGIN
 90
        0
 91
        1
 62
     0
 92
       -2
340
0
 93
        0
 40
0.045
309
GRIDFORMAT_END
 95
       32
302
GRIDFORMAT
  1
GRIDFORMAT_BEGIN
 90
        0
 91
        1
 62
     0
 92
       -2
340
0
 93
        0
 40
0.045
309
GRIDFORMAT_END
309
TABLEFORMAT_END
  1
CELLSTYLE_BEGIN
 90
        3
 91
        2
300
_DATA
309
CELLSTYLE_END
  0
DMBASEELEMENT
  5
1A3
102
{ACAD_XDICTIONARY
360
1A7
102
}
102
{ACAD_REACTORS
330
1A1
102
}
330
1A1
100
AcMapDMBaseElement
 70
     1
  1
지도 기준
 70
     1
330
1A1
100
AcMapDMBaseElement
 70
     2
  1

 70
     2
  1

 70
     1
 40
1.797693134862314E+99
 70
        1
 70
     1
 70
     1
 70
     1
360
1A6
100
AcMapDMBaseElement
 70
     1
  0
DMDEFAULTSTYLE
  5
1A4
102
{ACAD_REACTORS
330
1A1
102
}
330
1A1
100
AcMapDMDefaultStyle
 70
     1
 90
        1
  1
기본값
100
AcMapDMDefaultStyle
 70
     1
280
   100
 90
        0
1001
AcMapDMDisplayStyleRegapp
1070
     2
1071
        1
1000
기본값
1000

  0
ACAD_PROXY_OBJECT
  5
21E
330
21D
100
AcDbProxyObject
 90
      499
 91
      541
 71
    23
 97
       15
 70
     0
161
                61
310
11C08A60E0000A94
 94
        0
1001
ACAD
1000
AcRTDxfName
1000
AECC_USER_DEFINED_ATTRIBUTE_CLASSIFICATION
1000
AcRTDxfName
1000
AECC_USER_DEFINED_ATTRIBUTE_CLASSIFICATION
1000
AcRTDxfName
1000
AECC_USER_DEFINED_ATTRIBUTE_CLASSIFICATION
1000
AcRTDxfName
1000
AECC_USER_DEFINED_ATTRIBUTE_CLASSIFICATION
1000
AcRTDxfName
1000
AECC_USER_DEFINED_ATTRIBUTE_CLASSIFICATION
1001
AcadCodePageInfo
1000
CodePage
1070
    40
  0
ACAD_PROXY_OBJECT
  5
2BE
330
2BD
100
AcDbProxyObject
 90
      499
 91
      541
 71
    23
 97
       15
 70
     0
161
                61
310
11C08A60E0000A94
 94
        0
1001
ACAD
1000
AcRTDxfName
1000
AECC_USER_DEFINED_ATTRIBUTE_CLASSIFICATION
1000
AcRTDxfName
1000
AECC_USER_DEFINED_ATTRIBUTE_CLASSIFICATION
1000
AcRTDxfName
1000
AECC_USER_DEFINED_ATTRIBUTE_CLASSIFICATION
1000
AcRTDxfName
1000
AECC_USER_DEFINED_ATTRIBUTE_CLASSIFICATION
1000
AcRTDxfName
1000
AECC_USER_DEFINED_ATTRIBUTE_CLASSIFICATION
1001
AcadCodePageInfo
1000
CodePage
1070
    40
  0
ACAD_PROXY_OBJECT
  5
234
330
233
100
AcDbProxyObject
 90
      499
 91
      541
 71
    23
 97
       15
 70
     0
161
                61
310
11C08A60E0000A94
 94
        0
1001
ACAD
1000
AcRTDxfName
1000
AECC_USER_DEFINED_ATTRIBUTE_CLASSIFICATION
1000
AcRTDxfName
1000
AECC_USER_DEFINED_ATTRIBUTE_CLASSIFICATION
1000
AcRTDxfName
1000
AECC_USER_DEFINED_ATTRIBUTE_CLASSIFICATION
1000
AcRTDxfName
1000
AECC_USER_DEFINED_ATTRIBUTE_CLASSIFICATION
1000
AcRTDxfName
1000
AECC_USER_DEFINED_ATTRIBUTE_CLASSIFICATION
1001
AcadCodePageInfo
1000
CodePage
1070
    40
  0
ACAD_PROXY_OBJECT
  5
298
330
297
100
AcDbProxyObject
 90
      499
 91
      541
 71
    23
 97
       15
 70
     0
161
                61
310
11C08A60E0000A94
 94
        0
1001
ACAD
1000
AcRTDxfName
1000
AECC_USER_DEFINED_ATTRIBUTE_CLASSIFICATION
1000
AcRTDxfName
1000
AECC_USER_DEFINED_ATTRIBUTE_CLASSIFICATION
1000
AcRTDxfName
1000
AECC_USER_DEFINED_ATTRIBUTE_CLASSIFICATION
1000
AcRTDxfName
1000
AECC_USER_DEFINED_ATTRIBUTE_CLASSIFICATION
1000
AcRTDxfName
1000
AECC_USER_DEFINED_ATTRIBUTE_CLASSIFICATION
1001
AcadCodePageInfo
1000
CodePage
1070
    40
  0
ACAD_PROXY_OBJECT
  5
248
330
247
100
AcDbProxyObject
 90
      499
 91
      541
 71
    23
 97
       15
 70
     0
161
                61
310
11C08A60E0000A94
 94
        0
1001
ACAD
1000
AcRTDxfName
1000
AECC_USER_DEFINED_ATTRIBUTE_CLASSIFICATION
1000
AcRTDxfName
1000
AECC_USER_DEFINED_ATTRIBUTE_CLASSIFICATION
1000
AcRTDxfName
1000
AECC_USER_DEFINED_ATTRIBUTE_CLASSIFICATION
1000
AcRTDxfName
1000
AECC_USER_DEFINED_ATTRIBUTE_CLASSIFICATION
1000
AcRTDxfName
1000
AECC_USER_DEFINED_ATTRIBUTE_CLASSIFICATION
1001
AcadCodePageInfo
1000
CodePage
1070
    40
  0
ACAD_PROXY_OBJECT
  5
2C8
330
2C7
100
AcDbProxyObject
 90
      499
 91
      541
 71
    23
 97
       15
 70
     0
161
                61
310
11C08A60E0000A94
 94
        0
1001
ACAD
1000
AcRTDxfName
1000
AECC_USER_DEFINED_ATTRIBUTE_CLASSIFICATION
1000
AcRTDxfName
1000
AECC_USER_DEFINED_ATTRIBUTE_CLASSIFICATION
1000
AcRTDxfName
1000
AECC_USER_DEFINED_ATTRIBUTE_CLASSIFICATION
1000
AcRTDxfName
1000
AECC_USER_DEFINED_ATTRIBUTE_CLASSIFICATION
1000
AcRTDxfName
1000
AECC_USER_DEFINED_ATTRIBUTE_CLASSIFICATION
1001
AcadCodePageInfo
1000
CodePage
1070
    40
  0
ACAD_PROXY_OBJECT
  5
252
330
251
100
AcDbProxyObject
 90
      499
 91
      541
 71
    23
 97
       15
 70
     0
161
                61
310
11C08A60E0000A94
 94
        0
1001
ACAD
1000
AcRTDxfName
1000
AECC_USER_DEFINED_ATTRIBUTE_CLASSIFICATION
1000
AcRTDxfName
1000
AECC_USER_DEFINED_ATTRIBUTE_CLASSIFICATION
1000
AcRTDxfName
1000
AECC_USER_DEFINED_ATTRIBUTE_CLASSIFICATION
1000
AcRTDxfName
1000
AECC_USER_DEFINED_ATTRIBUTE_CLASSIFICATION
1000
AcRTDxfName
1000
AECC_USER_DEFINED_ATTRIBUTE_CLASSIFICATION
1001
AcadCodePageInfo
1000
CodePage
1070
    40
  0
ACAD_PROXY_OBJECT
  5
2B2
330
2B1
100
AcDbProxyObject
 90
      499
 91
      541
 71
    23
 97
       15
 70
     0
161
                61
310
11C08A60E0000A94
 94
        0
1001
ACAD
1000
AcRTDxfName
1000
AECC_USER_DEFINED_ATTRIBUTE_CLASSIFICATION
1000
AcRTDxfName
1000
AECC_USER_DEFINED_ATTRIBUTE_CLASSIFICATION
1000
AcRTDxfName
1000
AECC_USER_DEFINED_ATTRIBUTE_CLASSIFICATION
1000
AcRTDxfName
1000
AECC_USER_DEFINED_ATTRIBUTE_CLASSIFICATION
1000
AcRTDxfName
1000
AECC_USER_DEFINED_ATTRIBUTE_CLASSIFICATION
1001
AcadCodePageInfo
1000
CodePage
1070
    40
  0
ACAD_PROXY_OBJECT
  5
24A
330
249
100
AcDbProxyObject
 90
      499
 91
      541
 71
    23
 97
       15
 70
     0
161
                61
310
11C08A60E0000A94
 94
        0
1001
ACAD
1000
AcRTDxfName
1000
AECC_USER_DEFINED_ATTRIBUTE_CLASSIFICATION
1000
AcRTDxfName
1000
AECC_USER_DEFINED_ATTRIBUTE_CLASSIFICATION
1000
AcRTDxfName
1000
AECC_USER_DEFINED_ATTRIBUTE_CLASSIFICATION
1000
AcRTDxfName
1000
AECC_USER_DEFINED_ATTRIBUTE_CLASSIFICATION
1000
AcRTDxfName
1000
AECC_USER_DEFINED_ATTRIBUTE_CLASSIFICATION
1001
AcadCodePageInfo
1000
CodePage
1070
    40
  0
ACAD_PROXY_OBJECT
  5
2CC
330
2CB
100
AcDbProxyObject
 90
      499
 91
      541
 71
    23
 97
       15
 70
     0
161
                61
310
11C08A60E0000A94
 94
        0
1001
ACAD
1000
AcRTDxfName
1000
AECC_USER_DEFINED_ATTRIBUTE_CLASSIFICATION
1000
AcRTDxfName
1000
AECC_USER_DEFINED_ATTRIBUTE_CLASSIFICATION
1000
AcRTDxfName
1000
AECC_USER_DEFINED_ATTRIBUTE_CLASSIFICATION
1000
AcRTDxfName
1000
AECC_USER_DEFINED_ATTRIBUTE_CLASSIFICATION
1000
AcRTDxfName
1000
AECC_USER_DEFINED_ATTRIBUTE_CLASSIFICATION
1001
AcadCodePageInfo
1000
CodePage
1070
    40
  0
ACAD_PROXY_OBJECT
  5
278
330
277
100
AcDbProxyObject
 90
      499
 91
      541
 71
    23
 97
       15
 70
     0
161
                61
310
11C08A60E0000A94
 94
        0
1001
ACAD
1000
AcRTDxfName
1000
AECC_USER_DEFINED_ATTRIBUTE_CLASSIFICATION
1000
AcRTDxfName
1000
AECC_USER_DEFINED_ATTRIBUTE_CLASSIFICATION
1000
AcRTDxfName
1000
AECC_USER_DEFINED_ATTRIBUTE_CLASSIFICATION
1000
AcRTDxfName
1000
AECC_USER_DEFINED_ATTRIBUTE_CLASSIFICATION
1000
AcRTDxfName
1000
AECC_USER_DEFINED_ATTRIBUTE_CLASSIFICATION
1001
AcadCodePageInfo
1000
CodePage
1070
    40
  0
ACAD_PROXY_OBJECT
  5
23C
330
23B
100
AcDbProxyObject
 90
      499
 91
      541
 71
    23
 97
       15
 70
     0
161
                61
310
11C08A60E0000A94
 94
        0
1001
ACAD
1000
AcRTDxfName
1000
AECC_USER_DEFINED_ATTRIBUTE_CLASSIFICATION
1000
AcRTDxfName
1000
AECC_USER_DEFINED_ATTRIBUTE_CLASSIFICATION
1000
AcRTDxfName
1000
AECC_USER_DEFINED_ATTRIBUTE_CLASSIFICATION
1000
AcRTDxfName
1000
AECC_USER_DEFINED_ATTRIBUTE_CLASSIFICATION
1000
AcRTDxfName
1000
AECC_USER_DEFINED_ATTRIBUTE_CLASSIFICATION
1001
AcadCodePageInfo
1000
CodePage
1070
    40
  0
ACAD_PROXY_OBJECT
  5
246
330
245
100
AcDbProxyObject
 90
      499
 91
      541
 71
    23
 97
       15
 70
     0
161
                61
310
11C08A60E0000A94
 94
        0
1001
ACAD
1000
AcRTDxfName
1000
AECC_USER_DEFINED_ATTRIBUTE_CLASSIFICATION
1000
AcRTDxfName
1000
AECC_USER_DEFINED_ATTRIBUTE_CLASSIFICATION
1000
AcRTDxfName
1000
AECC_USER_DEFINED_ATTRIBUTE_CLASSIFICATION
1000
AcRTDxfName
1000
AECC_USER_DEFINED_ATTRIBUTE_CLASSIFICATION
1000
AcRTDxfName
1000
AECC_USER_DEFINED_ATTRIBUTE_CLASSIFICATION
1001
AcadCodePageInfo
1000
CodePage
1070
    40
  0
ACAD_PROXY_OBJECT
  5
2B6
330
2B5
100
AcDbProxyObject
 90
      499
 91
      541
 71
    23
 97
       15
 70
     0
161
                61
310
11C08A60E0000A94
 94
        0
1001
ACAD
1000
AcRTDxfName
1000
AECC_USER_DEFINED_ATTRIBUTE_CLASSIFICATION
1000
AcRTDxfName
1000
AECC_USER_DEFINED_ATTRIBUTE_CLASSIFICATION
1000
AcRTDxfName
1000
AECC_USER_DEFINED_ATTRIBUTE_CLASSIFICATION
1000
AcRTDxfName
1000
AECC_USER_DEFINED_ATTRIBUTE_CLASSIFICATION
1000
AcRTDxfName
1000
AECC_USER_DEFINED_ATTRIBUTE_CLASSIFICATION
1001
AcadCodePageInfo
1000
CodePage
1070
    40
  0
ACAD_PROXY_OBJECT
  5
2DC
330
2DB
100
AcDbProxyObject
 90
      499
 91
      541
 71
    23
 97
       15
 70
     0
161
                61
310
11C08A60E0000A94
 94
        0
1001
ACAD
1000
AcRTDxfName
1000
AECC_USER_DEFINED_ATTRIBUTE_CLASSIFICATION
1000
AcRTDxfName
1000
AECC_USER_DEFINED_ATTRIBUTE_CLASSIFICATION
1000
AcRTDxfName
1000
AECC_USER_DEFINED_ATTRIBUTE_CLASSIFICATION
1000
AcRTDxfName
1000
AECC_USER_DEFINED_ATTRIBUTE_CLASSIFICATION
1000
AcRTDxfName
1000
AECC_USER_DEFINED_ATTRIBUTE_CLASSIFICATION
1001
AcadCodePageInfo
1000
CodePage
1070
    40
  0
ACAD_PROXY_OBJECT
  5
20C
330
20B
100
AcDbProxyObject
 90
      499
 91
      541
 71
    23
 97
       15
 70
     0
161
                61
310
11C08A60E0000A94
 94
        0
1001
ACAD
1000
AcRTDxfName
1000
AECC_USER_DEFINED_ATTRIBUTE_CLASSIFICATION
1000
AcRTDxfName
1000
AECC_USER_DEFINED_ATTRIBUTE_CLASSIFICATION
1000
AcRTDxfName
1000
AECC_USER_DEFINED_ATTRIBUTE_CLASSIFICATION
1000
AcRTDxfName
1000
AECC_USER_DEFINED_ATTRIBUTE_CLASSIFICATION
1000
AcRTDxfName
1000
AECC_USER_DEFINED_ATTRIBUTE_CLASSIFICATION
1001
AcadCodePageInfo
1000
CodePage
1070
    40
  0
ACAD_PROXY_OBJECT
  5
230
330
22F
100
AcDbProxyObject
 90
      499
 91
      541
 71
    23
 97
       15
 70
     0
161
                61
310
11C08A60E0000A94
 94
        0
1001
ACAD
1000
AcRTDxfName
1000
AECC_USER_DEFINED_ATTRIBUTE_CLASSIFICATION
1000
AcRTDxfName
1000
AECC_USER_DEFINED_ATTRIBUTE_CLASSIFICATION
1000
AcRTDxfName
1000
AECC_USER_DEFINED_ATTRIBUTE_CLASSIFICATION
1000
AcRTDxfName
1000
AECC_USER_DEFINED_ATTRIBUTE_CLASSIFICATION
1000
AcRTDxfName
1000
AECC_USER_DEFINED_ATTRIBUTE_CLASSIFICATION
1001
AcadCodePageInfo
1000
CodePage
1070
    40
  0
ACAD_PROXY_OBJECT
  5
29C
330
29B
100
AcDbProxyObject
 90
      499
 91
      541
 71
    23
 97
       15
 70
     0
161
                61
310
11C08A60E0000A94
 94
        0
1001
ACAD
1000
AcRTDxfName
1000
AECC_USER_DEFINED_ATTRIBUTE_CLASSIFICATION
1000
AcRTDxfName
1000
AECC_USER_DEFINED_ATTRIBUTE_CLASSIFICATION
1000
AcRTDxfName
1000
AECC_USER_DEFINED_ATTRIBUTE_CLASSIFICATION
1000
AcRTDxfName
1000
AECC_USER_DEFINED_ATTRIBUTE_CLASSIFICATION
1000
AcRTDxfName
1000
AECC_USER_DEFINED_ATTRIBUTE_CLASSIFICATION
1001
AcadCodePageInfo
1000
CodePage
1070
    40
  0
ACAD_PROXY_OBJECT
  5
280
330
27F
100
AcDbProxyObject
 90
      499
 91
      541
 71
    23
 97
       15
 70
     0
161
                61
310
11C08A60E0000A94
 94
        0
1001
ACAD
1000
AcRTDxfName
1000
AECC_USER_DEFINED_ATTRIBUTE_CLASSIFICATION
1000
AcRTDxfName
1000
AECC_USER_DEFINED_ATTRIBUTE_CLASSIFICATION
1000
AcRTDxfName
1000
AECC_USER_DEFINED_ATTRIBUTE_CLASSIFICATION
1000
AcRTDxfName
1000
AECC_USER_DEFINED_ATTRIBUTE_CLASSIFICATION
1000
AcRTDxfName
1000
AECC_USER_DEFINED_ATTRIBUTE_CLASSIFICATION
1001
AcadCodePageInfo
1000
CodePage
1070
    40
  0
ACAD_PROXY_OBJECT
  5
260
330
25F
100
AcDbProxyObject
 90
      499
 91
      541
 71
    23
 97
       15
 70
     0
161
                61
310
11C08A60E0000A94
 94
        0
1001
ACAD
1000
AcRTDxfName
1000
AECC_USER_DEFINED_ATTRIBUTE_CLASSIFICATION
1000
AcRTDxfName
1000
AECC_USER_DEFINED_ATTRIBUTE_CLASSIFICATION
1000
AcRTDxfName
1000
AECC_USER_DEFINED_ATTRIBUTE_CLASSIFICATION
1000
AcRTDxfName
1000
AECC_USER_DEFINED_ATTRIBUTE_CLASSIFICATION
1000
AcRTDxfName
1000
AECC_USER_DEFINED_ATTRIBUTE_CLASSIFICATION
1001
AcadCodePageInfo
1000
CodePage
1070
    40
  0
ACAD_PROXY_OBJECT
  5
26E
330
26D
100
AcDbProxyObject
 90
      499
 91
      541
 71
    23
 97
       15
 70
     0
161
                61
310
11C08A60E0000A94
 94
        0
1001
ACAD
1000
AcRTDxfName
1000
AECC_USER_DEFINED_ATTRIBUTE_CLASSIFICATION
1000
AcRTDxfName
1000
AECC_USER_DEFINED_ATTRIBUTE_CLASSIFICATION
1000
AcRTDxfName
1000
AECC_USER_DEFINED_ATTRIBUTE_CLASSIFICATION
1000
AcRTDxfName
1000
AECC_USER_DEFINED_ATTRIBUTE_CLASSIFICATION
1000
AcRTDxfName
1000
AECC_USER_DEFINED_ATTRIBUTE_CLASSIFICATION
1001
AcadCodePageInfo
1000
CodePage
1070
    40
  0
ACAD_PROXY_OBJECT
  5
256
330
255
100
AcDbProxyObject
 90
      499
 91
      541
 71
    23
 97
       15
 70
     0
161
                61
310
11C08A60E0000A94
 94
        0
1001
ACAD
1000
AcRTDxfName
1000
AECC_USER_DEFINED_ATTRIBUTE_CLASSIFICATION
1000
AcRTDxfName
1000
AECC_USER_DEFINED_ATTRIBUTE_CLASSIFICATION
1000
AcRTDxfName
1000
AECC_USER_DEFINED_ATTRIBUTE_CLASSIFICATION
1000
AcRTDxfName
1000
AECC_USER_DEFINED_ATTRIBUTE_CLASSIFICATION
1000
AcRTDxfName
1000
AECC_USER_DEFINED_ATTRIBUTE_CLASSIFICATION
1001
AcadCodePageInfo
1000
CodePage
1070
    40
  0
ACAD_PROXY_OBJECT
  5
25C
330
25B
100
AcDbProxyObject
 90
      499
 91
      541
 71
    23
 97
       15
 70
     0
161
                61
310
11C08A60E0000A94
 94
        0
1001
ACAD
1000
AcRTDxfName
1000
AECC_USER_DEFINED_ATTRIBUTE_CLASSIFICATION
1000
AcRTDxfName
1000
AECC_USER_DEFINED_ATTRIBUTE_CLASSIFICATION
1000
AcRTDxfName
1000
AECC_USER_DEFINED_ATTRIBUTE_CLASSIFICATION
1000
AcRTDxfName
1000
AECC_USER_DEFINED_ATTRIBUTE_CLASSIFICATION
1000
AcRTDxfName
1000
AECC_USER_DEFINED_ATTRIBUTE_CLASSIFICATION
1001
AcadCodePageInfo
1000
CodePage
1070
    40
  0
ACAD_PROXY_OBJECT
  5
21A
330
219
100
AcDbProxyObject
 90
      499
 91
      541
 71
    23
 97
       15
 70
     0
161
                61
310
11C08A60E0000A94
 94
        0
1001
ACAD
1000
AcRTDxfName
1000
AECC_USER_DEFINED_ATTRIBUTE_CLASSIFICATION
1000
AcRTDxfName
1000
AECC_USER_DEFINED_ATTRIBUTE_CLASSIFICATION
1000
AcRTDxfName
1000
AECC_USER_DEFINED_ATTRIBUTE_CLASSIFICATION
1000
AcRTDxfName
1000
AECC_USER_DEFINED_ATTRIBUTE_CLASSIFICATION
1000
AcRTDxfName
1000
AECC_USER_DEFINED_ATTRIBUTE_CLASSIFICATION
1001
AcadCodePageInfo
1000
CodePage
1070
    40
  0
ACAD_PROXY_OBJECT
  5
24E
330
24D
100
AcDbProxyObject
 90
      499
 91
      541
 71
    23
 97
       15
 70
     0
161
                61
310
11C08A60E0000A94
 94
        0
1001
ACAD
1000
AcRTDxfName
1000
AECC_USER_DEFINED_ATTRIBUTE_CLASSIFICATION
1000
AcRTDxfName
1000
AECC_USER_DEFINED_ATTRIBUTE_CLASSIFICATION
1000
AcRTDxfName
1000
AECC_USER_DEFINED_ATTRIBUTE_CLASSIFICATION
1000
AcRTDxfName
1000
AECC_USER_DEFINED_ATTRIBUTE_CLASSIFICATION
1000
AcRTDxfName
1000
AECC_USER_DEFINED_ATTRIBUTE_CLASSIFICATION
1001
AcadCodePageInfo
1000
CodePage
1070
    40
  0
ACAD_PROXY_OBJECT
  5
214
330
213
100
AcDbProxyObject
 90
      499
 91
      541
 71
    23
 97
       15
 70
     0
161
                61
310
11C08A60E0000A94
 94
        0
1001
ACAD
1000
AcRTDxfName
1000
AECC_USER_DEFINED_ATTRIBUTE_CLASSIFICATION
1000
AcRTDxfName
1000
AECC_USER_DEFINED_ATTRIBUTE_CLASSIFICATION
1000
AcRTDxfName
1000
AECC_USER_DEFINED_ATTRIBUTE_CLASSIFICATION
1000
AcRTDxfName
1000
AECC_USER_DEFINED_ATTRIBUTE_CLASSIFICATION
1000
AcRTDxfName
1000
AECC_USER_DEFINED_ATTRIBUTE_CLASSIFICATION
1001
AcadCodePageInfo
1000
CodePage
1070
    40
  0
ACAD_PROXY_OBJECT
  5
2AE
330
2AD
100
AcDbProxyObject
 90
      499
 91
      541
 71
    23
 97
       15
 70
     0
161
                61
310
11C08A60E0000A94
 94
        0
1001
ACAD
1000
AcRTDxfName
1000
AECC_USER_DEFINED_ATTRIBUTE_CLASSIFICATION
1000
AcRTDxfName
1000
AECC_USER_DEFINED_ATTRIBUTE_CLASSIFICATION
1000
AcRTDxfName
1000
AECC_USER_DEFINED_ATTRIBUTE_CLASSIFICATION
1000
AcRTDxfName
1000
AECC_USER_DEFINED_ATTRIBUTE_CLASSIFICATION
1000
AcRTDxfName
1000
AECC_USER_DEFINED_ATTRIBUTE_CLASSIFICATION
1001
AcadCodePageInfo
1000
CodePage
1070
    40
  0
ACAD_PROXY_OBJECT
  5
2A2
330
2A1
100
AcDbProxyObject
 90
      499
 91
      541
 71
    23
 97
       15
 70
     0
161
                61
310
11C08A60E0000A94
 94
        0
1001
ACAD
1000
AcRTDxfName
1000
AECC_USER_DEFINED_ATTRIBUTE_CLASSIFICATION
1000
AcRTDxfName
1000
AECC_USER_DEFINED_ATTRIBUTE_CLASSIFICATION
1000
AcRTDxfName
1000
AECC_USER_DEFINED_ATTRIBUTE_CLASSIFICATION
1000
AcRTDxfName
1000
AECC_USER_DEFINED_ATTRIBUTE_CLASSIFICATION
1000
AcRTDxfName
1000
AECC_USER_DEFINED_ATTRIBUTE_CLASSIFICATION
1001
AcadCodePageInfo
1000
CodePage
1070
    40
  0
ACAD_PROXY_OBJECT
  5
27A
330
279
100
AcDbProxyObject
 90
      499
 91
      541
 71
    23
 97
       15
 70
     0
161
                61
310
11C08A60E0000A94
 94
        0
1001
ACAD
1000
AcRTDxfName
1000
AECC_USER_DEFINED_ATTRIBUTE_CLASSIFICATION
1000
AcRTDxfName
1000
AECC_USER_DEFINED_ATTRIBUTE_CLASSIFICATION
1000
AcRTDxfName
1000
AECC_USER_DEFINED_ATTRIBUTE_CLASSIFICATION
1000
AcRTDxfName
1000
AECC_USER_DEFINED_ATTRIBUTE_CLASSIFICATION
1000
AcRTDxfName
1000
AECC_USER_DEFINED_ATTRIBUTE_CLASSIFICATION
1001
AcadCodePageInfo
1000
CodePage
1070
    40
  0
ACAD_PROXY_OBJECT
  5
2AC
330
2AB
100
AcDbProxyObject
 90
      499
 91
      541
 71
    23
 97
       15
 70
     0
161
                61
310
11C08A60E0000A94
 94
        0
1001
ACAD
1000
AcRTDxfName
1000
AECC_USER_DEFINED_ATTRIBUTE_CLASSIFICATION
1000
AcRTDxfName
1000
AECC_USER_DEFINED_ATTRIBUTE_CLASSIFICATION
1000
AcRTDxfName
1000
AECC_USER_DEFINED_ATTRIBUTE_CLASSIFICATION
1000
AcRTDxfName
1000
AECC_USER_DEFINED_ATTRIBUTE_CLASSIFICATION
1000
AcRTDxfName
1000
AECC_USER_DEFINED_ATTRIBUTE_CLASSIFICATION
1001
AcadCodePageInfo
1000
CodePage
1070
    40
  0
ACAD_PROXY_OBJECT
  5
2DE
330
2DD
100
AcDbProxyObject
 90
      499
 91
      541
 71
    23
 97
       15
 70
     0
161
                61
310
11C08A60E0000A94
 94
        0
1001
ACAD
1000
AcRTDxfName
1000
AECC_USER_DEFINED_ATTRIBUTE_CLASSIFICATION
1000
AcRTDxfName
1000
AECC_USER_DEFINED_ATTRIBUTE_CLASSIFICATION
1000
AcRTDxfName
1000
AECC_USER_DEFINED_ATTRIBUTE_CLASSIFICATION
1000
AcRTDxfName
1000
AECC_USER_DEFINED_ATTRIBUTE_CLASSIFICATION
1000
AcRTDxfName
1000
AECC_USER_DEFINED_ATTRIBUTE_CLASSIFICATION
1001
AcadCodePageInfo
1000
CodePage
1070
    40
  0
ACAD_PROXY_OBJECT
  5
22E
330
22D
100
AcDbProxyObject
 90
      499
 91
      541
 71
    23
 97
       15
 70
     0
161
                61
310
11C08A60E0000A94
 94
        0
1001
ACAD
1000
AcRTDxfName
1000
AECC_USER_DEFINED_ATTRIBUTE_CLASSIFICATION
1000
AcRTDxfName
1000
AECC_USER_DEFINED_ATTRIBUTE_CLASSIFICATION
1000
AcRTDxfName
1000
AECC_USER_DEFINED_ATTRIBUTE_CLASSIFICATION
1000
AcRTDxfName
1000
AECC_USER_DEFINED_ATTRIBUTE_CLASSIFICATION
1000
AcRTDxfName
1000
AECC_USER_DEFINED_ATTRIBUTE_CLASSIFICATION
1001
AcadCodePageInfo
1000
CodePage
1070
    40
  0
ACAD_PROXY_OBJECT
  5
268
330
267
100
AcDbProxyObject
 90
      499
 91
      541
 71
    23
 97
       15
 70
     0
161
                61
310
11C08A60E0000A94
 94
        0
1001
ACAD
1000
AcRTDxfName
1000
AECC_USER_DEFINED_ATTRIBUTE_CLASSIFICATION
1000
AcRTDxfName
1000
AECC_USER_DEFINED_ATTRIBUTE_CLASSIFICATION
1000
AcRTDxfName
1000
AECC_USER_DEFINED_ATTRIBUTE_CLASSIFICATION
1000
AcRTDxfName
1000
AECC_USER_DEFINED_ATTRIBUTE_CLASSIFICATION
1000
AcRTDxfName
1000
AECC_USER_DEFINED_ATTRIBUTE_CLASSIFICATION
1001
AcadCodePageInfo
1000
CodePage
1070
    40
  0
ACAD_PROXY_OBJECT
  5
294
330
293
100
AcDbProxyObject
 90
      499
 91
      541
 71
    23
 97
       15
 70
     0
161
                61
310
11C08A60E0000A94
 94
        0
1001
ACAD
1000
AcRTDxfName
1000
AECC_USER_DEFINED_ATTRIBUTE_CLASSIFICATION
1000
AcRTDxfName
1000
AECC_USER_DEFINED_ATTRIBUTE_CLASSIFICATION
1000
AcRTDxfName
1000
AECC_USER_DEFINED_ATTRIBUTE_CLASSIFICATION
1000
AcRTDxfName
1000
AECC_USER_DEFINED_ATTRIBUTE_CLASSIFICATION
1000
AcRTDxfName
1000
AECC_USER_DEFINED_ATTRIBUTE_CLASSIFICATION
1001
AcadCodePageInfo
1000
CodePage
1070
    40
  0
ACAD_PROXY_OBJECT
  5
2D0
330
2CF
100
AcDbProxyObject
 90
      499
 91
      541
 71
    23
 97
       15
 70
     0
161
                61
310
11C08A60E0000A94
 94
        0
1001
ACAD
1000
AcRTDxfName
1000
AECC_USER_DEFINED_ATTRIBUTE_CLASSIFICATION
1000
AcRTDxfName
1000
AECC_USER_DEFINED_ATTRIBUTE_CLASSIFICATION
1000
AcRTDxfName
1000
AECC_USER_DEFINED_ATTRIBUTE_CLASSIFICATION
1000
AcRTDxfName
1000
AECC_USER_DEFINED_ATTRIBUTE_CLASSIFICATION
1000
AcRTDxfName
1000
AECC_USER_DEFINED_ATTRIBUTE_CLASSIFICATION
1001
AcadCodePageInfo
1000
CodePage
1070
    40
  0
ACAD_PROXY_OBJECT
  5
2CE
330
2CD
100
AcDbProxyObject
 90
      499
 91
      541
 71
    23
 97
       15
 70
     0
161
                61
310
11C08A60E0000A94
 94
        0
1001
ACAD
1000
AcRTDxfName
1000
AECC_USER_DEFINED_ATTRIBUTE_CLASSIFICATION
1000
AcRTDxfName
1000
AECC_USER_DEFINED_ATTRIBUTE_CLASSIFICATION
1000
AcRTDxfName
1000
AECC_USER_DEFINED_ATTRIBUTE_CLASSIFICATION
1000
AcRTDxfName
1000
AECC_USER_DEFINED_ATTRIBUTE_CLASSIFICATION
1000
AcRTDxfName
1000
AECC_USER_DEFINED_ATTRIBUTE_CLASSIFICATION
1001
AcadCodePageInfo
1000
CodePage
1070
    40
  0
ACAD_PROXY_OBJECT
  5
244
330
243
100
AcDbProxyObject
 90
      499
 91
      541
 71
    23
 97
       15
 70
     0
161
                61
310
11C08A60E0000A94
 94
        0
1001
ACAD
1000
AcRTDxfName
1000
AECC_USER_DEFINED_ATTRIBUTE_CLASSIFICATION
1000
AcRTDxfName
1000
AECC_USER_DEFINED_ATTRIBUTE_CLASSIFICATION
1000
AcRTDxfName
1000
AECC_USER_DEFINED_ATTRIBUTE_CLASSIFICATION
1000
AcRTDxfName
1000
AECC_USER_DEFINED_ATTRIBUTE_CLASSIFICATION
1000
AcRTDxfName
1000
AECC_USER_DEFINED_ATTRIBUTE_CLASSIFICATION
1001
AcadCodePageInfo
1000
CodePage
1070
    40
  0
ACAD_PROXY_OBJECT
  5
270
330
26F
100
AcDbProxyObject
 90
      499
 91
      541
 71
    23
 97
       15
 70
     0
161
                61
310
11C08A60E0000A94
 94
        0
1001
ACAD
1000
AcRTDxfName
1000
AECC_USER_DEFINED_ATTRIBUTE_CLASSIFICATION
1000
AcRTDxfName
1000
AECC_USER_DEFINED_ATTRIBUTE_CLASSIFICATION
1000
AcRTDxfName
1000
AECC_USER_DEFINED_ATTRIBUTE_CLASSIFICATION
1000
AcRTDxfName
1000
AECC_USER_DEFINED_ATTRIBUTE_CLASSIFICATION
1000
AcRTDxfName
1000
AECC_USER_DEFINED_ATTRIBUTE_CLASSIFICATION
1001
AcadCodePageInfo
1000
CodePage
1070
    40
  0
ACAD_PROXY_OBJECT
  5
29E
330
29D
100
AcDbProxyObject
 90
      499
 91
      541
 71
    23
 97
       15
 70
     0
161
                61
310
11C08A60E0000A94
 94
        0
1001
ACAD
1000
AcRTDxfName
1000
AECC_USER_DEFINED_ATTRIBUTE_CLASSIFICATION
1000
AcRTDxfName
1000
AECC_USER_DEFINED_ATTRIBUTE_CLASSIFICATION
1000
AcRTDxfName
1000
AECC_USER_DEFINED_ATTRIBUTE_CLASSIFICATION
1000
AcRTDxfName
1000
AECC_USER_DEFINED_ATTRIBUTE_CLASSIFICATION
1000
AcRTDxfName
1000
AECC_USER_DEFINED_ATTRIBUTE_CLASSIFICATION
1001
AcadCodePageInfo
1000
CodePage
1070
    40
  0
ACAD_PROXY_OBJECT
  5
2A4
330
2A3
100
AcDbProxyObject
 90
      499
 91
      541
 71
    23
 97
       15
 70
     0
161
                61
310
11C08A60E0000A94
 94
        0
1001
ACAD
1000
AcRTDxfName
1000
AECC_USER_DEFINED_ATTRIBUTE_CLASSIFICATION
1000
AcRTDxfName
1000
AECC_USER_DEFINED_ATTRIBUTE_CLASSIFICATION
1000
AcRTDxfName
1000
AECC_USER_DEFINED_ATTRIBUTE_CLASSIFICATION
1000
AcRTDxfName
1000
AECC_USER_DEFINED_ATTRIBUTE_CLASSIFICATION
1000
AcRTDxfName
1000
AECC_USER_DEFINED_ATTRIBUTE_CLASSIFICATION
1001
AcadCodePageInfo
1000
CodePage
1070
    40
  0
ACAD_PROXY_OBJECT
  5
23A
330
239
100
AcDbProxyObject
 90
      499
 91
      541
 71
    23
 97
       15
 70
     0
161
                61
310
11C08A60E0000A94
 94
        0
1001
ACAD
1000
AcRTDxfName
1000
AECC_USER_DEFINED_ATTRIBUTE_CLASSIFICATION
1000
AcRTDxfName
1000
AECC_USER_DEFINED_ATTRIBUTE_CLASSIFICATION
1000
AcRTDxfName
1000
AECC_USER_DEFINED_ATTRIBUTE_CLASSIFICATION
1000
AcRTDxfName
1000
AECC_USER_DEFINED_ATTRIBUTE_CLASSIFICATION
1000
AcRTDxfName
1000
AECC_USER_DEFINED_ATTRIBUTE_CLASSIFICATION
1001
AcadCodePageInfo
1000
CodePage
1070
    40
  0
ACAD_PROXY_OBJECT
  5
20A
330
209
100
AcDbProxyObject
 90
      499
 91
      541
 71
    23
 97
       15
 70
     0
161
                61
310
11C08A60E0000A94
 94
        0
1001
ACAD
1000
AcRTDxfName
1000
AECC_USER_DEFINED_ATTRIBUTE_CLASSIFICATION
1000
AcRTDxfName
1000
AECC_USER_DEFINED_ATTRIBUTE_CLASSIFICATION
1000
AcRTDxfName
1000
AECC_USER_DEFINED_ATTRIBUTE_CLASSIFICATION
1000
AcRTDxfName
1000
AECC_USER_DEFINED_ATTRIBUTE_CLASSIFICATION
1000
AcRTDxfName
1000
AECC_USER_DEFINED_ATTRIBUTE_CLASSIFICATION
1001
AcadCodePageInfo
1000
CodePage
1070
    40
  0
ACAD_PROXY_OBJECT
  5
2A6
330
2A5
100
AcDbProxyObject
 90
      499
 91
      541
 71
    23
 97
       15
 70
     0
161
                61
310
11C08A60E0000A94
 94
        0
1001
ACAD
1000
AcRTDxfName
1000
AECC_USER_DEFINED_ATTRIBUTE_CLASSIFICATION
1000
AcRTDxfName
1000
AECC_USER_DEFINED_ATTRIBUTE_CLASSIFICATION
1000
AcRTDxfName
1000
AECC_USER_DEFINED_ATTRIBUTE_CLASSIFICATION
1000
AcRTDxfName
1000
AECC_USER_DEFINED_ATTRIBUTE_CLASSIFICATION
1000
AcRTDxfName
1000
AECC_USER_DEFINED_ATTRIBUTE_CLASSIFICATION
1001
AcadCodePageInfo
1000
CodePage
1070
    40
  0
ACAD_PROXY_OBJECT
  5
2AA
330
2A9
100
AcDbProxyObject
 90
      499
 91
      541
 71
    23
 97
       15
 70
     0
161
                61
310
11C08A60E0000A94
 94
        0
1001
ACAD
1000
AcRTDxfName
1000
AECC_USER_DEFINED_ATTRIBUTE_CLASSIFICATION
1000
AcRTDxfName
1000
AECC_USER_DEFINED_ATTRIBUTE_CLASSIFICATION
1000
AcRTDxfName
1000
AECC_USER_DEFINED_ATTRIBUTE_CLASSIFICATION
1000
AcRTDxfName
1000
AECC_USER_DEFINED_ATTRIBUTE_CLASSIFICATION
1000
AcRTDxfName
1000
AECC_USER_DEFINED_ATTRIBUTE_CLASSIFICATION
1001
AcadCodePageInfo
1000
CodePage
1070
    40
  0
ACAD_PROXY_OBJECT
  5
2A8
330
2A7
100
AcDbProxyObject
 90
      499
 91
      541
 71
    23
 97
       15
 70
     0
161
                61
310
11C08A60E0000A94
 94
        0
1001
ACAD
1000
AcRTDxfName
1000
AECC_USER_DEFINED_ATTRIBUTE_CLASSIFICATION
1000
AcRTDxfName
1000
AECC_USER_DEFINED_ATTRIBUTE_CLASSIFICATION
1000
AcRTDxfName
1000
AECC_USER_DEFINED_ATTRIBUTE_CLASSIFICATION
1000
AcRTDxfName
1000
AECC_USER_DEFINED_ATTRIBUTE_CLASSIFICATION
1000
AcRTDxfName
1000
AECC_USER_DEFINED_ATTRIBUTE_CLASSIFICATION
1001
AcadCodePageInfo
1000
CodePage
1070
    40
  0
ACAD_PROXY_OBJECT
  5
276
330
275
100
AcDbProxyObject
 90
      499
 91
      541
 71
    23
 97
       15
 70
     0
161
                61
310
11C08A60E0000A94
 94
        0
1001
ACAD
1000
AcRTDxfName
1000
AECC_USER_DEFINED_ATTRIBUTE_CLASSIFICATION
1000
AcRTDxfName
1000
AECC_USER_DEFINED_ATTRIBUTE_CLASSIFICATION
1000
AcRTDxfName
1000
AECC_USER_DEFINED_ATTRIBUTE_CLASSIFICATION
1000
AcRTDxfName
1000
AECC_USER_DEFINED_ATTRIBUTE_CLASSIFICATION
1000
AcRTDxfName
1000
AECC_USER_DEFINED_ATTRIBUTE_CLASSIFICATION
1001
AcadCodePageInfo
1000
CodePage
1070
    40
  0
ACAD_PROXY_OBJECT
  5
204
330
203
100
AcDbProxyObject
 90
      499
 91
      541
 71
    23
 97
       15
 70
     0
161
                61
310
11C08A60E0000A94
 94
        0
1001
ACAD
1000
AcRTDxfName
1000
AECC_USER_DEFINED_ATTRIBUTE_CLASSIFICATION
1000
AcRTDxfName
1000
AECC_USER_DEFINED_ATTRIBUTE_CLASSIFICATION
1000
AcRTDxfName
1000
AECC_USER_DEFINED_ATTRIBUTE_CLASSIFICATION
1000
AcRTDxfName
1000
AECC_USER_DEFINED_ATTRIBUTE_CLASSIFICATION
1000
AcRTDxfName
1000
AECC_USER_DEFINED_ATTRIBUTE_CLASSIFICATION
1001
AcadCodePageInfo
1000
CodePage
1070
    40
  0
ACAD_PROXY_OBJECT
  5
220
330
21F
100
AcDbProxyObject
 90
      499
 91
      541
 71
    23
 97
       15
 70
     0
161
                61
310
11C08A60E0000A94
 94
        0
1001
ACAD
1000
AcRTDxfName
1000
AECC_USER_DEFINED_ATTRIBUTE_CLASSIFICATION
1000
AcRTDxfName
1000
AECC_USER_DEFINED_ATTRIBUTE_CLASSIFICATION
1000
AcRTDxfName
1000
AECC_USER_DEFINED_ATTRIBUTE_CLASSIFICATION
1000
AcRTDxfName
1000
AECC_USER_DEFINED_ATTRIBUTE_CLASSIFICATION
1000
AcRTDxfName
1000
AECC_USER_DEFINED_ATTRIBUTE_CLASSIFICATION
1001
AcadCodePageInfo
1000
CodePage
1070
    40
  0
ACAD_PROXY_OBJECT
  5
236
330
235
100
AcDbProxyObject
 90
      499
 91
      541
 71
    23
 97
       15
 70
     0
161
                61
310
11C08A60E0000A94
 94
        0
1001
ACAD
1000
AcRTDxfName
1000
AECC_USER_DEFINED_ATTRIBUTE_CLASSIFICATION
1000
AcRTDxfName
1000
AECC_USER_DEFINED_ATTRIBUTE_CLASSIFICATION
1000
AcRTDxfName
1000
AECC_USER_DEFINED_ATTRIBUTE_CLASSIFICATION
1000
AcRTDxfName
1000
AECC_USER_DEFINED_ATTRIBUTE_CLASSIFICATION
1000
AcRTDxfName
1000
AECC_USER_DEFINED_ATTRIBUTE_CLASSIFICATION
1001
AcadCodePageInfo
1000
CodePage
1070
    40
  0
ACAD_PROXY_OBJECT
  5
20E
330
20D
100
AcDbProxyObject
 90
      499
 91
      541
 71
    23
 97
       15
 70
     0
161
                61
310
11C08A60E0000A94
 94
        0
1001
ACAD
1000
AcRTDxfName
1000
AECC_USER_DEFINED_ATTRIBUTE_CLASSIFICATION
1000
AcRTDxfName
1000
AECC_USER_DEFINED_ATTRIBUTE_CLASSIFICATION
1000
AcRTDxfName
1000
AECC_USER_DEFINED_ATTRIBUTE_CLASSIFICATION
1000
AcRTDxfName
1000
AECC_USER_DEFINED_ATTRIBUTE_CLASSIFICATION
1000
AcRTDxfName
1000
AECC_USER_DEFINED_ATTRIBUTE_CLASSIFICATION
1001
AcadCodePageInfo
1000
CodePage
1070
    40
  0
ACAD_PROXY_OBJECT
  5
2C0
330
2BF
100
AcDbProxyObject
 90
      499
 91
      541
 71
    23
 97
       15
 70
     0
161
                61
310
11C08A60E0000A94
 94
        0
1001
ACAD
1000
AcRTDxfName
1000
AECC_USER_DEFINED_ATTRIBUTE_CLASSIFICATION
1000
AcRTDxfName
1000
AECC_USER_DEFINED_ATTRIBUTE_CLASSIFICATION
1000
AcRTDxfName
1000
AECC_USER_DEFINED_ATTRIBUTE_CLASSIFICATION
1000
AcRTDxfName
1000
AECC_USER_DEFINED_ATTRIBUTE_CLASSIFICATION
1000
AcRTDxfName
1000
AECC_USER_DEFINED_ATTRIBUTE_CLASSIFICATION
1001
AcadCodePageInfo
1000
CodePage
1070
    40
  0
ACAD_PROXY_OBJECT
  5
292
330
291
100
AcDbProxyObject
 90
      499
 91
      541
 71
    23
 97
       15
 70
     0
161
                61
310
11C08A60E0000A94
 94
        0
1001
ACAD
1000
AcRTDxfName
1000
AECC_USER_DEFINED_ATTRIBUTE_CLASSIFICATION
1000
AcRTDxfName
1000
AECC_USER_DEFINED_ATTRIBUTE_CLASSIFICATION
1000
AcRTDxfName
1000
AECC_USER_DEFINED_ATTRIBUTE_CLASSIFICATION
1000
AcRTDxfName
1000
AECC_USER_DEFINED_ATTRIBUTE_CLASSIFICATION
1000
AcRTDxfName
1000
AECC_USER_DEFINED_ATTRIBUTE_CLASSIFICATION
1001
AcadCodePageInfo
1000
CodePage
1070
    40
  0
ACAD_PROXY_OBJECT
  5
258
330
257
100
AcDbProxyObject
 90
      499
 91
      541
 71
    23
 97
       15
 70
     0
161
                61
310
11C08A60E0000A94
 94
        0
1001
ACAD
1000
AcRTDxfName
1000
AECC_USER_DEFINED_ATTRIBUTE_CLASSIFICATION
1000
AcRTDxfName
1000
AECC_USER_DEFINED_ATTRIBUTE_CLASSIFICATION
1000
AcRTDxfName
1000
AECC_USER_DEFINED_ATTRIBUTE_CLASSIFICATION
1000
AcRTDxfName
1000
AECC_USER_DEFINED_ATTRIBUTE_CLASSIFICATION
1000
AcRTDxfName
1000
AECC_USER_DEFINED_ATTRIBUTE_CLASSIFICATION
1001
AcadCodePageInfo
1000
CodePage
1070
    40
  0
ACAD_PROXY_OBJECT
  5
228
330
227
100
AcDbProxyObject
 90
      499
 91
      541
 71
    23
 97
       15
 70
     0
161
                61
310
11C08A60E0000A94
 94
        0
1001
ACAD
1000
AcRTDxfName
1000
AECC_USER_DEFINED_ATTRIBUTE_CLASSIFICATION
1000
AcRTDxfName
1000
AECC_USER_DEFINED_ATTRIBUTE_CLASSIFICATION
1000
AcRTDxfName
1000
AECC_USER_DEFINED_ATTRIBUTE_CLASSIFICATION
1000
AcRTDxfName
1000
AECC_USER_DEFINED_ATTRIBUTE_CLASSIFICATION
1000
AcRTDxfName
1000
AECC_USER_DEFINED_ATTRIBUTE_CLASSIFICATION
1001
AcadCodePageInfo
1000
CodePage
1070
    40
  0
ACAD_PROXY_OBJECT
  5
24C
330
24B
100
AcDbProxyObject
 90
      499
 91
      541
 71
    23
 97
       15
 70
     0
161
                61
310
11C08A60E0000A94
 94
        0
1001
ACAD
1000
AcRTDxfName
1000
AECC_USER_DEFINED_ATTRIBUTE_CLASSIFICATION
1000
AcRTDxfName
1000
AECC_USER_DEFINED_ATTRIBUTE_CLASSIFICATION
1000
AcRTDxfName
1000
AECC_USER_DEFINED_ATTRIBUTE_CLASSIFICATION
1000
AcRTDxfName
1000
AECC_USER_DEFINED_ATTRIBUTE_CLASSIFICATION
1000
AcRTDxfName
1000
AECC_USER_DEFINED_ATTRIBUTE_CLASSIFICATION
1001
AcadCodePageInfo
1000
CodePage
1070
    40
  0
ACAD_PROXY_OBJECT
  5
290
330
28F
100
AcDbProxyObject
 90
      499
 91
      541
 71
    23
 97
       15
 70
     0
161
                61
310
11C08A60E0000A94
 94
        0
1001
ACAD
1000
AcRTDxfName
1000
AECC_USER_DEFINED_ATTRIBUTE_CLASSIFICATION
1000
AcRTDxfName
1000
AECC_USER_DEFINED_ATTRIBUTE_CLASSIFICATION
1000
AcRTDxfName
1000
AECC_USER_DEFINED_ATTRIBUTE_CLASSIFICATION
1000
AcRTDxfName
1000
AECC_USER_DEFINED_ATTRIBUTE_CLASSIFICATION
1000
AcRTDxfName
1000
AECC_USER_DEFINED_ATTRIBUTE_CLASSIFICATION
1001
AcadCodePageInfo
1000
CodePage
1070
    40
  0
ACAD_PROXY_OBJECT
  5
212
330
211
100
AcDbProxyObject
 90
      499
 91
      541
 71
    23
 97
       15
 70
     0
161
                61
310
11C08A60E0000A94
 94
        0
1001
ACAD
1000
AcRTDxfName
1000
AECC_USER_DEFINED_ATTRIBUTE_CLASSIFICATION
1000
AcRTDxfName
1000
AECC_USER_DEFINED_ATTRIBUTE_CLASSIFICATION
1000
AcRTDxfName
1000
AECC_USER_DEFINED_ATTRIBUTE_CLASSIFICATION
1000
AcRTDxfName
1000
AECC_USER_DEFINED_ATTRIBUTE_CLASSIFICATION
1000
AcRTDxfName
1000
AECC_USER_DEFINED_ATTRIBUTE_CLASSIFICATION
1001
AcadCodePageInfo
1000
CodePage
1070
    40
  0
ACAD_PROXY_OBJECT
  5
2DA
330
2D9
100
AcDbProxyObject
 90
      499
 91
      541
 71
    23
 97
       15
 70
     0
161
                61
310
11C08A60E0000A94
 94
        0
1001
ACAD
1000
AcRTDxfName
1000
AECC_USER_DEFINED_ATTRIBUTE_CLASSIFICATION
1000
AcRTDxfName
1000
AECC_USER_DEFINED_ATTRIBUTE_CLASSIFICATION
1000
AcRTDxfName
1000
AECC_USER_DEFINED_ATTRIBUTE_CLASSIFICATION
1000
AcRTDxfName
1000
AECC_USER_DEFINED_ATTRIBUTE_CLASSIFICATION
1000
AcRTDxfName
1000
AECC_USER_DEFINED_ATTRIBUTE_CLASSIFICATION
1001
AcadCodePageInfo
1000
CodePage
1070
    40
  0
ACAD_PROXY_OBJECT
  5
2A0
330
29F
100
AcDbProxyObject
 90
      499
 91
      541
 71
    23
 97
       15
 70
     0
161
                61
310
11C08A60E0000A94
 94
        0
1001
ACAD
1000
AcRTDxfName
1000
AECC_USER_DEFINED_ATTRIBUTE_CLASSIFICATION
1000
AcRTDxfName
1000
AECC_USER_DEFINED_ATTRIBUTE_CLASSIFICATION
1000
AcRTDxfName
1000
AECC_USER_DEFINED_ATTRIBUTE_CLASSIFICATION
1000
AcRTDxfName
1000
AECC_USER_DEFINED_ATTRIBUTE_CLASSIFICATION
1000
AcRTDxfName
1000
AECC_USER_DEFINED_ATTRIBUTE_CLASSIFICATION
1001
AcadCodePageInfo
1000
CodePage
1070
    40
  0
ACAD_PROXY_OBJECT
  5
28C
330
28B
100
AcDbProxyObject
 90
      499
 91
      541
 71
    23
 97
       15
 70
     0
161
                61
310
11C08A60E0000A94
 94
        0
1001
ACAD
1000
AcRTDxfName
1000
AECC_USER_DEFINED_ATTRIBUTE_CLASSIFICATION
1000
AcRTDxfName
1000
AECC_USER_DEFINED_ATTRIBUTE_CLASSIFICATION
1000
AcRTDxfName
1000
AECC_USER_DEFINED_ATTRIBUTE_CLASSIFICATION
1000
AcRTDxfName
1000
AECC_USER_DEFINED_ATTRIBUTE_CLASSIFICATION
1000
AcRTDxfName
1000
AECC_USER_DEFINED_ATTRIBUTE_CLASSIFICATION
1001
AcadCodePageInfo
1000
CodePage
1070
    40
  0
ACAD_PROXY_OBJECT
  5
27E
330
27D
100
AcDbProxyObject
 90
      499
 91
      541
 71
    23
 97
       15
 70
     0
161
                61
310
11C08A60E0000A94
 94
        0
1001
ACAD
1000
AcRTDxfName
1000
AECC_USER_DEFINED_ATTRIBUTE_CLASSIFICATION
1000
AcRTDxfName
1000
AECC_USER_DEFINED_ATTRIBUTE_CLASSIFICATION
1000
AcRTDxfName
1000
AECC_USER_DEFINED_ATTRIBUTE_CLASSIFICATION
1000
AcRTDxfName
1000
AECC_USER_DEFINED_ATTRIBUTE_CLASSIFICATION
1000
AcRTDxfName
1000
AECC_USER_DEFINED_ATTRIBUTE_CLASSIFICATION
1001
AcadCodePageInfo
1000
CodePage
1070
    40
  0
ACAD_PROXY_OBJECT
  5
250
330
24F
100
AcDbProxyObject
 90
      499
 91
      541
 71
    23
 97
       15
 70
     0
161
                61
310
11C08A60E0000A94
 94
        0
1001
ACAD
1000
AcRTDxfName
1000
AECC_USER_DEFINED_ATTRIBUTE_CLASSIFICATION
1000
AcRTDxfName
1000
AECC_USER_DEFINED_ATTRIBUTE_CLASSIFICATION
1000
AcRTDxfName
1000
AECC_USER_DEFINED_ATTRIBUTE_CLASSIFICATION
1000
AcRTDxfName
1000
AECC_USER_DEFINED_ATTRIBUTE_CLASSIFICATION
1000
AcRTDxfName
1000
AECC_USER_DEFINED_ATTRIBUTE_CLASSIFICATION
1001
AcadCodePageInfo
1000
CodePage
1070
    40
  0
ACAD_PROXY_OBJECT
  5
26C
330
26B
100
AcDbProxyObject
 90
      499
 91
      541
 71
    23
 97
       15
 70
     0
161
                61
310
11C08A60E0000A94
 94
        0
1001
ACAD
1000
AcRTDxfName
1000
AECC_USER_DEFINED_ATTRIBUTE_CLASSIFICATION
1000
AcRTDxfName
1000
AECC_USER_DEFINED_ATTRIBUTE_CLASSIFICATION
1000
AcRTDxfName
1000
AECC_USER_DEFINED_ATTRIBUTE_CLASSIFICATION
1000
AcRTDxfName
1000
AECC_USER_DEFINED_ATTRIBUTE_CLASSIFICATION
1000
AcRTDxfName
1000
AECC_USER_DEFINED_ATTRIBUTE_CLASSIFICATION
1001
AcadCodePageInfo
1000
CodePage
1070
    40
  0
ACAD_PROXY_OBJECT
  5
216
330
215
100
AcDbProxyObject
 90
      499
 91
      541
 71
    23
 97
       15
 70
     0
161
                61
310
11C08A60E0000A94
 94
        0
1001
ACAD
1000
AcRTDxfName
1000
AECC_USER_DEFINED_ATTRIBUTE_CLASSIFICATION
1000
AcRTDxfName
1000
AECC_USER_DEFINED_ATTRIBUTE_CLASSIFICATION
1000
AcRTDxfName
1000
AECC_USER_DEFINED_ATTRIBUTE_CLASSIFICATION
1000
AcRTDxfName
1000
AECC_USER_DEFINED_ATTRIBUTE_CLASSIFICATION
1000
AcRTDxfName
1000
AECC_USER_DEFINED_ATTRIBUTE_CLASSIFICATION
1001
AcadCodePageInfo
1000
CodePage
1070
    40
  0
ACAD_PROXY_OBJECT
  5
2BA
330
2B9
100
AcDbProxyObject
 90
      499
 91
      541
 71
    23
 97
       15
 70
     0
161
                61
310
11C08A60E0000A94
 94
        0
1001
ACAD
1000
AcRTDxfName
1000
AECC_USER_DEFINED_ATTRIBUTE_CLASSIFICATION
1000
AcRTDxfName
1000
AECC_USER_DEFINED_ATTRIBUTE_CLASSIFICATION
1000
AcRTDxfName
1000
AECC_USER_DEFINED_ATTRIBUTE_CLASSIFICATION
1000
AcRTDxfName
1000
AECC_USER_DEFINED_ATTRIBUTE_CLASSIFICATION
1000
AcRTDxfName
1000
AECC_USER_DEFINED_ATTRIBUTE_CLASSIFICATION
1001
AcadCodePageInfo
1000
CodePage
1070
    40
  0
ACAD_PROXY_OBJECT
  5
26A
330
269
100
AcDbProxyObject
 90
      499
 91
      541
 71
    23
 97
       15
 70
     0
161
                61
310
11C08A60E0000A94
 94
        0
1001
ACAD
1000
AcRTDxfName
1000
AECC_USER_DEFINED_ATTRIBUTE_CLASSIFICATION
1000
AcRTDxfName
1000
AECC_USER_DEFINED_ATTRIBUTE_CLASSIFICATION
1000
AcRTDxfName
1000
AECC_USER_DEFINED_ATTRIBUTE_CLASSIFICATION
1000
AcRTDxfName
1000
AECC_USER_DEFINED_ATTRIBUTE_CLASSIFICATION
1000
AcRTDxfName
1000
AECC_USER_DEFINED_ATTRIBUTE_CLASSIFICATION
1001
AcadCodePageInfo
1000
CodePage
1070
    40
  0
ACAD_PROXY_OBJECT
  5
2C4
330
2C3
100
AcDbProxyObject
 90
      499
 91
      541
 71
    23
 97
       15
 70
     0
161
                61
310
11C08A60E0000A94
 94
        0
1001
ACAD
1000
AcRTDxfName
1000
AECC_USER_DEFINED_ATTRIBUTE_CLASSIFICATION
1000
AcRTDxfName
1000
AECC_USER_DEFINED_ATTRIBUTE_CLASSIFICATION
1000
AcRTDxfName
1000
AECC_USER_DEFINED_ATTRIBUTE_CLASSIFICATION
1000
AcRTDxfName
1000
AECC_USER_DEFINED_ATTRIBUTE_CLASSIFICATION
1000
AcRTDxfName
1000
AECC_USER_DEFINED_ATTRIBUTE_CLASSIFICATION
1001
AcadCodePageInfo
1000
CodePage
1070
    40
  0
ACAD_PROXY_OBJECT
  5
282
330
281
100
AcDbProxyObject
 90
      499
 91
      541
 71
    23
 97
       15
 70
     0
161
                61
310
11C08A60E0000A94
 94
        0
1001
ACAD
1000
AcRTDxfName
1000
AECC_USER_DEFINED_ATTRIBUTE_CLASSIFICATION
1000
AcRTDxfName
1000
AECC_USER_DEFINED_ATTRIBUTE_CLASSIFICATION
1000
AcRTDxfName
1000
AECC_USER_DEFINED_ATTRIBUTE_CLASSIFICATION
1000
AcRTDxfName
1000
AECC_USER_DEFINED_ATTRIBUTE_CLASSIFICATION
1000
AcRTDxfName
1000
AECC_USER_DEFINED_ATTRIBUTE_CLASSIFICATION
1001
AcadCodePageInfo
1000
CodePage
1070
    40
  0
ACAD_PROXY_OBJECT
  5
27C
330
27B
100
AcDbProxyObject
 90
      499
 91
      541
 71
    23
 97
       15
 70
     0
161
                61
310
11C08A60E0000A94
 94
        0
1001
ACAD
1000
AcRTDxfName
1000
AECC_USER_DEFINED_ATTRIBUTE_CLASSIFICATION
1000
AcRTDxfName
1000
AECC_USER_DEFINED_ATTRIBUTE_CLASSIFICATION
1000
AcRTDxfName
1000
AECC_USER_DEFINED_ATTRIBUTE_CLASSIFICATION
1000
AcRTDxfName
1000
AECC_USER_DEFINED_ATTRIBUTE_CLASSIFICATION
1000
AcRTDxfName
1000
AECC_USER_DEFINED_ATTRIBUTE_CLASSIFICATION
1001
AcadCodePageInfo
1000
CodePage
1070
    40
  0
ACAD_PROXY_OBJECT
  5
22A
330
229
100
AcDbProxyObject
 90
      499
 91
      541
 71
    23
 97
       15
 70
     0
161
                61
310
11C08A60E0000A94
 94
        0
1001
ACAD
1000
AcRTDxfName
1000
AECC_USER_DEFINED_ATTRIBUTE_CLASSIFICATION
1000
AcRTDxfName
1000
AECC_USER_DEFINED_ATTRIBUTE_CLASSIFICATION
1000
AcRTDxfName
1000
AECC_USER_DEFINED_ATTRIBUTE_CLASSIFICATION
1000
AcRTDxfName
1000
AECC_USER_DEFINED_ATTRIBUTE_CLASSIFICATION
1000
AcRTDxfName
1000
AECC_USER_DEFINED_ATTRIBUTE_CLASSIFICATION
1001
AcadCodePageInfo
1000
CodePage
1070
    40
  0
ACAD_PROXY_OBJECT
  5
21C
330
21B
100
AcDbProxyObject
 90
      499
 91
      541
 71
    23
 97
       15
 70
     0
161
                61
310
11C08A60E0000A94
 94
        0
1001
ACAD
1000
AcRTDxfName
1000
AECC_USER_DEFINED_ATTRIBUTE_CLASSIFICATION
1000
AcRTDxfName
1000
AECC_USER_DEFINED_ATTRIBUTE_CLASSIFICATION
1000
AcRTDxfName
1000
AECC_USER_DEFINED_ATTRIBUTE_CLASSIFICATION
1000
AcRTDxfName
1000
AECC_USER_DEFINED_ATTRIBUTE_CLASSIFICATION
1000
AcRTDxfName
1000
AECC_USER_DEFINED_ATTRIBUTE_CLASSIFICATION
1001
AcadCodePageInfo
1000
CodePage
1070
    40
  0
ACAD_PROXY_OBJECT
  5
2C2
330
2C1
100
AcDbProxyObject
 90
      499
 91
      541
 71
    23
 97
       15
 70
     0
161
                61
310
11C08A60E0000A94
 94
        0
1001
ACAD
1000
AcRTDxfName
1000
AECC_USER_DEFINED_ATTRIBUTE_CLASSIFICATION
1000
AcRTDxfName
1000
AECC_USER_DEFINED_ATTRIBUTE_CLASSIFICATION
1000
AcRTDxfName
1000
AECC_USER_DEFINED_ATTRIBUTE_CLASSIFICATION
1000
AcRTDxfName
1000
AECC_USER_DEFINED_ATTRIBUTE_CLASSIFICATION
1000
AcRTDxfName
1000
AECC_USER_DEFINED_ATTRIBUTE_CLASSIFICATION
1001
AcadCodePageInfo
1000
CodePage
1070
    40
  0
ACAD_PROXY_OBJECT
  5
286
330
285
100
AcDbProxyObject
 90
      499
 91
      541
 71
    23
 97
       15
 70
     0
161
                61
310
11C08A60E0000A94
 94
        0
1001
ACAD
1000
AcRTDxfName
1000
AECC_USER_DEFINED_ATTRIBUTE_CLASSIFICATION
1000
AcRTDxfName
1000
AECC_USER_DEFINED_ATTRIBUTE_CLASSIFICATION
1000
AcRTDxfName
1000
AECC_USER_DEFINED_ATTRIBUTE_CLASSIFICATION
1000
AcRTDxfName
1000
AECC_USER_DEFINED_ATTRIBUTE_CLASSIFICATION
1000
AcRTDxfName
1000
AECC_USER_DEFINED_ATTRIBUTE_CLASSIFICATION
1001
AcadCodePageInfo
1000
CodePage
1070
    40
  0
ACAD_PROXY_OBJECT
  5
2D4
330
2D3
100
AcDbProxyObject
 90
      499
 91
      541
 71
    23
 97
       15
 70
     0
161
                61
310
11C08A60E0000A94
 94
        0
1001
ACAD
1000
AcRTDxfName
1000
AECC_USER_DEFINED_ATTRIBUTE_CLASSIFICATION
1000
AcRTDxfName
1000
AECC_USER_DEFINED_ATTRIBUTE_CLASSIFICATION
1000
AcRTDxfName
1000
AECC_USER_DEFINED_ATTRIBUTE_CLASSIFICATION
1000
AcRTDxfName
1000
AECC_USER_DEFINED_ATTRIBUTE_CLASSIFICATION
1000
AcRTDxfName
1000
AECC_USER_DEFINED_ATTRIBUTE_CLASSIFICATION
1001
AcadCodePageInfo
1000
CodePage
1070
    40
  0
ACAD_PROXY_OBJECT
  5
28E
330
28D
100
AcDbProxyObject
 90
      499
 91
      541
 71
    23
 97
       15
 70
     0
161
                61
310
11C08A60E0000A94
 94
        0
1001
ACAD
1000
AcRTDxfName
1000
AECC_USER_DEFINED_ATTRIBUTE_CLASSIFICATION
1000
AcRTDxfName
1000
AECC_USER_DEFINED_ATTRIBUTE_CLASSIFICATION
1000
AcRTDxfName
1000
AECC_USER_DEFINED_ATTRIBUTE_CLASSIFICATION
1000
AcRTDxfName
1000
AECC_USER_DEFINED_ATTRIBUTE_CLASSIFICATION
1000
AcRTDxfName
1000
AECC_USER_DEFINED_ATTRIBUTE_CLASSIFICATION
1001
AcadCodePageInfo
1000
CodePage
1070
    40
  0
ACAD_PROXY_OBJECT
  5
2C6
330
2C5
100
AcDbProxyObject
 90
      499
 91
      541
 71
    23
 97
       15
 70
     0
161
                61
310
11C08A60E0000A94
 94
        0
1001
ACAD
1000
AcRTDxfName
1000
AECC_USER_DEFINED_ATTRIBUTE_CLASSIFICATION
1000
AcRTDxfName
1000
AECC_USER_DEFINED_ATTRIBUTE_CLASSIFICATION
1000
AcRTDxfName
1000
AECC_USER_DEFINED_ATTRIBUTE_CLASSIFICATION
1000
AcRTDxfName
1000
AECC_USER_DEFINED_ATTRIBUTE_CLASSIFICATION
1000
AcRTDxfName
1000
AECC_USER_DEFINED_ATTRIBUTE_CLASSIFICATION
1001
AcadCodePageInfo
1000
CodePage
1070
    40
  0
ACAD_PROXY_OBJECT
  5
232
330
231
100
AcDbProxyObject
 90
      499
 91
      541
 71
    23
 97
       15
 70
     0
161
                61
310
11C08A60E0000A94
 94
        0
1001
ACAD
1000
AcRTDxfName
1000
AECC_USER_DEFINED_ATTRIBUTE_CLASSIFICATION
1000
AcRTDxfName
1000
AECC_USER_DEFINED_ATTRIBUTE_CLASSIFICATION
1000
AcRTDxfName
1000
AECC_USER_DEFINED_ATTRIBUTE_CLASSIFICATION
1000
AcRTDxfName
1000
AECC_USER_DEFINED_ATTRIBUTE_CLASSIFICATION
1000
AcRTDxfName
1000
AECC_USER_DEFINED_ATTRIBUTE_CLASSIFICATION
1001
AcadCodePageInfo
1000
CodePage
1070
    40
  0
ACAD_PROXY_OBJECT
  5
262
330
261
100
AcDbProxyObject
 90
      499
 91
      541
 71
    23
 97
       15
 70
     0
161
                61
310
11C08A60E0000A94
 94
        0
1001
ACAD
1000
AcRTDxfName
1000
AECC_USER_DEFINED_ATTRIBUTE_CLASSIFICATION
1000
AcRTDxfName
1000
AECC_USER_DEFINED_ATTRIBUTE_CLASSIFICATION
1000
AcRTDxfName
1000
AECC_USER_DEFINED_ATTRIBUTE_CLASSIFICATION
1000
AcRTDxfName
1000
AECC_USER_DEFINED_ATTRIBUTE_CLASSIFICATION
1000
AcRTDxfName
1000
AECC_USER_DEFINED_ATTRIBUTE_CLASSIFICATION
1001
AcadCodePageInfo
1000
CodePage
1070
    40
  0
ACAD_PROXY_OBJECT
  5
2D8
330
2D7
100
AcDbProxyObject
 90
      499
 91
      541
 71
    23
 97
       15
 70
     0
161
                61
310
11C08A60E0000A94
 94
        0
1001
ACAD
1000
AcRTDxfName
1000
AECC_USER_DEFINED_ATTRIBUTE_CLASSIFICATION
1000
AcRTDxfName
1000
AECC_USER_DEFINED_ATTRIBUTE_CLASSIFICATION
1000
AcRTDxfName
1000
AECC_USER_DEFINED_ATTRIBUTE_CLASSIFICATION
1000
AcRTDxfName
1000
AECC_USER_DEFINED_ATTRIBUTE_CLASSIFICATION
1000
AcRTDxfName
1000
AECC_USER_DEFINED_ATTRIBUTE_CLASSIFICATION
1001
AcadCodePageInfo
1000
CodePage
1070
    40
  0
ACAD_PROXY_OBJECT
  5
240
330
23F
100
AcDbProxyObject
 90
      499
 91
      541
 71
    23
 97
       15
 70
     0
161
                61
310
11C08A60E0000A94
 94
        0
1001
ACAD
1000
AcRTDxfName
1000
AECC_USER_DEFINED_ATTRIBUTE_CLASSIFICATION
1000
AcRTDxfName
1000
AECC_USER_DEFINED_ATTRIBUTE_CLASSIFICATION
1000
AcRTDxfName
1000
AECC_USER_DEFINED_ATTRIBUTE_CLASSIFICATION
1000
AcRTDxfName
1000
AECC_USER_DEFINED_ATTRIBUTE_CLASSIFICATION
1000
AcRTDxfName
1000
AECC_USER_DEFINED_ATTRIBUTE_CLASSIFICATION
1001
AcadCodePageInfo
1000
CodePage
1070
    40
  0
ACAD_PROXY_OBJECT
  5
274
330
273
100
AcDbProxyObject
 90
      499
 91
      541
 71
    23
 97
       15
 70
     0
161
                61
310
11C08A60E0000A94
 94
        0
1001
ACAD
1000
AcRTDxfName
1000
AECC_USER_DEFINED_ATTRIBUTE_CLASSIFICATION
1000
AcRTDxfName
1000
AECC_USER_DEFINED_ATTRIBUTE_CLASSIFICATION
1000
AcRTDxfName
1000
AECC_USER_DEFINED_ATTRIBUTE_CLASSIFICATION
1000
AcRTDxfName
1000
AECC_USER_DEFINED_ATTRIBUTE_CLASSIFICATION
1000
AcRTDxfName
1000
AECC_USER_DEFINED_ATTRIBUTE_CLASSIFICATION
1001
AcadCodePageInfo
1000
CodePage
1070
    40
  0
ACAD_PROXY_OBJECT
  5
2D2
330
2D1
100
AcDbProxyObject
 90
      499
 91
      541
 71
    23
 97
       15
 70
     0
161
                61
310
11C08A60E0000A94
 94
        0
1001
ACAD
1000
AcRTDxfName
1000
AECC_USER_DEFINED_ATTRIBUTE_CLASSIFICATION
1000
AcRTDxfName
1000
AECC_USER_DEFINED_ATTRIBUTE_CLASSIFICATION
1000
AcRTDxfName
1000
AECC_USER_DEFINED_ATTRIBUTE_CLASSIFICATION
1000
AcRTDxfName
1000
AECC_USER_DEFINED_ATTRIBUTE_CLASSIFICATION
1000
AcRTDxfName
1000
AECC_USER_DEFINED_ATTRIBUTE_CLASSIFICATION
1001
AcadCodePageInfo
1000
CodePage
1070
    40
  0
ACAD_PROXY_OBJECT
  5
272
330
271
100
AcDbProxyObject
 90
      499
 91
      541
 71
    23
 97
       15
 70
     0
161
                61
310
11C08A60E0000A94
 94
        0
1001
ACAD
1000
AcRTDxfName
1000
AECC_USER_DEFINED_ATTRIBUTE_CLASSIFICATION
1000
AcRTDxfName
1000
AECC_USER_DEFINED_ATTRIBUTE_CLASSIFICATION
1000
AcRTDxfName
1000
AECC_USER_DEFINED_ATTRIBUTE_CLASSIFICATION
1000
AcRTDxfName
1000
AECC_USER_DEFINED_ATTRIBUTE_CLASSIFICATION
1000
AcRTDxfName
1000
AECC_USER_DEFINED_ATTRIBUTE_CLASSIFICATION
1001
AcadCodePageInfo
1000
CodePage
1070
    40
  0
ACAD_PROXY_OBJECT
  5
288
330
287
100
AcDbProxyObject
 90
      499
 91
      541
 71
    23
 97
       15
 70
     0
161
                61
310
11C08A60E0000A94
 94
        0
1001
ACAD
1000
AcRTDxfName
1000
AECC_USER_DEFINED_ATTRIBUTE_CLASSIFICATION
1000
AcRTDxfName
1000
AECC_USER_DEFINED_ATTRIBUTE_CLASSIFICATION
1000
AcRTDxfName
1000
AECC_USER_DEFINED_ATTRIBUTE_CLASSIFICATION
1000
AcRTDxfName
1000
AECC_USER_DEFINED_ATTRIBUTE_CLASSIFICATION
1000
AcRTDxfName
1000
AECC_USER_DEFINED_ATTRIBUTE_CLASSIFICATION
1001
AcadCodePageInfo
1000
CodePage
1070
    40
  0
ACAD_PROXY_OBJECT
  5
2B8
330
2B7
100
AcDbProxyObject
 90
      499
 91
      541
 71
    23
 97
       15
 70
     0
161
                61
310
11C08A60E0000A94
 94
        0
1001
ACAD
1000
AcRTDxfName
1000
AECC_USER_DEFINED_ATTRIBUTE_CLASSIFICATION
1000
AcRTDxfName
1000
AECC_USER_DEFINED_ATTRIBUTE_CLASSIFICATION
1000
AcRTDxfName
1000
AECC_USER_DEFINED_ATTRIBUTE_CLASSIFICATION
1000
AcRTDxfName
1000
AECC_USER_DEFINED_ATTRIBUTE_CLASSIFICATION
1000
AcRTDxfName
1000
AECC_USER_DEFINED_ATTRIBUTE_CLASSIFICATION
1001
AcadCodePageInfo
1000
CodePage
1070
    40
  0
ACAD_PROXY_OBJECT
  5
25A
330
259
100
AcDbProxyObject
 90
      499
 91
      541
 71
    23
 97
       15
 70
     0
161
                61
310
11C08A60E0000A94
 94
        0
1001
ACAD
1000
AcRTDxfName
1000
AECC_USER_DEFINED_ATTRIBUTE_CLASSIFICATION
1000
AcRTDxfName
1000
AECC_USER_DEFINED_ATTRIBUTE_CLASSIFICATION
1000
AcRTDxfName
1000
AECC_USER_DEFINED_ATTRIBUTE_CLASSIFICATION
1000
AcRTDxfName
1000
AECC_USER_DEFINED_ATTRIBUTE_CLASSIFICATION
1000
AcRTDxfName
1000
AECC_USER_DEFINED_ATTRIBUTE_CLASSIFICATION
1001
AcadCodePageInfo
1000
CodePage
1070
    40
  0
ACAD_PROXY_OBJECT
  5
266
330
265
100
AcDbProxyObject
 90
      499
 91
      541
 71
    23
 97
       15
 70
     0
161
                61
310
11C08A60E0000A94
 94
        0
1001
ACAD
1000
AcRTDxfName
1000
AECC_USER_DEFINED_ATTRIBUTE_CLASSIFICATION
1000
AcRTDxfName
1000
AECC_USER_DEFINED_ATTRIBUTE_CLASSIFICATION
1000
AcRTDxfName
1000
AECC_USER_DEFINED_ATTRIBUTE_CLASSIFICATION
1000
AcRTDxfName
1000
AECC_USER_DEFINED_ATTRIBUTE_CLASSIFICATION
1000
AcRTDxfName
1000
AECC_USER_DEFINED_ATTRIBUTE_CLASSIFICATION
1001
AcadCodePageInfo
1000
CodePage
1070
    40
  0
ACAD_PROXY_OBJECT
  5
296
330
295
100
AcDbProxyObject
 90
      499
 91
      541
 71
    23
 97
       15
 70
     0
161
                61
310
11C08A60E0000A94
 94
        0
1001
ACAD
1000
AcRTDxfName
1000
AECC_USER_DEFINED_ATTRIBUTE_CLASSIFICATION
1000
AcRTDxfName
1000
AECC_USER_DEFINED_ATTRIBUTE_CLASSIFICATION
1000
AcRTDxfName
1000
AECC_USER_DEFINED_ATTRIBUTE_CLASSIFICATION
1000
AcRTDxfName
1000
AECC_USER_DEFINED_ATTRIBUTE_CLASSIFICATION
1000
AcRTDxfName
1000
AECC_USER_DEFINED_ATTRIBUTE_CLASSIFICATION
1001
AcadCodePageInfo
1000
CodePage
1070
    40
  0
ACAD_PROXY_OBJECT
  5
206
330
205
100
AcDbProxyObject
 90
      499
 91
      541
 71
    23
 97
       15
 70
     0
161
                61
310
11C08A60E0000A94
 94
        0
1001
ACAD
1000
AcRTDxfName
1000
AECC_USER_DEFINED_ATTRIBUTE_CLASSIFICATION
1000
AcRTDxfName
1000
AECC_USER_DEFINED_ATTRIBUTE_CLASSIFICATION
1000
AcRTDxfName
1000
AECC_USER_DEFINED_ATTRIBUTE_CLASSIFICATION
1000
AcRTDxfName
1000
AECC_USER_DEFINED_ATTRIBUTE_CLASSIFICATION
1000
AcRTDxfName
1000
AECC_USER_DEFINED_ATTRIBUTE_CLASSIFICATION
1001
AcadCodePageInfo
1000
CodePage
1070
    40
  0
ACAD_PROXY_OBJECT
  5
284
330
283
100
AcDbProxyObject
 90
      499
 91
      541
 71
    23
 97
       15
 70
     0
161
                61
310
11C08A60E0000A94
 94
        0
1001
ACAD
1000
AcRTDxfName
1000
AECC_USER_DEFINED_ATTRIBUTE_CLASSIFICATION
1000
AcRTDxfName
1000
AECC_USER_DEFINED_ATTRIBUTE_CLASSIFICATION
1000
AcRTDxfName
1000
AECC_USER_DEFINED_ATTRIBUTE_CLASSIFICATION
1000
AcRTDxfName
1000
AECC_USER_DEFINED_ATTRIBUTE_CLASSIFICATION
1000
AcRTDxfName
1000
AECC_USER_DEFINED_ATTRIBUTE_CLASSIFICATION
1001
AcadCodePageInfo
1000
CodePage
1070
    40
  0
ACAD_PROXY_OBJECT
  5
28A
330
289
100
AcDbProxyObject
 90
      499
 91
      541
 71
    23
 97
       15
 70
     0
161
                61
310
11C08A60E0000A94
 94
        0
1001
ACAD
1000
AcRTDxfName
1000
AECC_USER_DEFINED_ATTRIBUTE_CLASSIFICATION
1000
AcRTDxfName
1000
AECC_USER_DEFINED_ATTRIBUTE_CLASSIFICATION
1000
AcRTDxfName
1000
AECC_USER_DEFINED_ATTRIBUTE_CLASSIFICATION
1000
AcRTDxfName
1000
AECC_USER_DEFINED_ATTRIBUTE_CLASSIFICATION
1000
AcRTDxfName
1000
AECC_USER_DEFINED_ATTRIBUTE_CLASSIFICATION
1001
AcadCodePageInfo
1000
CodePage
1070
    40
  0
ACAD_PROXY_OBJECT
  5
2BC
330
2BB
100
AcDbProxyObject
 90
      499
 91
      541
 71
    23
 97
       15
 70
     0
161
                61
310
11C08A60E0000A94
 94
        0
1001
ACAD
1000
AcRTDxfName
1000
AECC_USER_DEFINED_ATTRIBUTE_CLASSIFICATION
1000
AcRTDxfName
1000
AECC_USER_DEFINED_ATTRIBUTE_CLASSIFICATION
1000
AcRTDxfName
1000
AECC_USER_DEFINED_ATTRIBUTE_CLASSIFICATION
1000
AcRTDxfName
1000
AECC_USER_DEFINED_ATTRIBUTE_CLASSIFICATION
1000
AcRTDxfName
1000
AECC_USER_DEFINED_ATTRIBUTE_CLASSIFICATION
1001
AcadCodePageInfo
1000
CodePage
1070
    40
  0
ACAD_PROXY_OBJECT
  5
25E
330
25D
100
AcDbProxyObject
 90
      499
 91
      541
 71
    23
 97
       15
 70
     0
161
                61
310
11C08A60E0000A94
 94
        0
1001
ACAD
1000
AcRTDxfName
1000
AECC_USER_DEFINED_ATTRIBUTE_CLASSIFICATION
1000
AcRTDxfName
1000
AECC_USER_DEFINED_ATTRIBUTE_CLASSIFICATION
1000
AcRTDxfName
1000
AECC_USER_DEFINED_ATTRIBUTE_CLASSIFICATION
1000
AcRTDxfName
1000
AECC_USER_DEFINED_ATTRIBUTE_CLASSIFICATION
1000
AcRTDxfName
1000
AECC_USER_DEFINED_ATTRIBUTE_CLASSIFICATION
1001
AcadCodePageInfo
1000
CodePage
1070
    40
  0
ACAD_PROXY_OBJECT
  5
2B4
330
2B3
100
AcDbProxyObject
 90
      499
 91
      541
 71
    23
 97
       15
 70
     0
161
                61
310
11C08A60E0000A94
 94
        0
1001
ACAD
1000
AcRTDxfName
1000
AECC_USER_DEFINED_ATTRIBUTE_CLASSIFICATION
1000
AcRTDxfName
1000
AECC_USER_DEFINED_ATTRIBUTE_CLASSIFICATION
1000
AcRTDxfName
1000
AECC_USER_DEFINED_ATTRIBUTE_CLASSIFICATION
1000
AcRTDxfName
1000
AECC_USER_DEFINED_ATTRIBUTE_CLASSIFICATION
1000
AcRTDxfName
1000
AECC_USER_DEFINED_ATTRIBUTE_CLASSIFICATION
1001
AcadCodePageInfo
1000
CodePage
1070
    40
  0
ACAD_PROXY_OBJECT
  5
29A
330
299
100
AcDbProxyObject
 90
      499
 91
      541
 71
    23
 97
       15
 70
     0
161
                61
310
11C08A60E0000A94
 94
        0
1001
ACAD
1000
AcRTDxfName
1000
AECC_USER_DEFINED_ATTRIBUTE_CLASSIFICATION
1000
AcRTDxfName
1000
AECC_USER_DEFINED_ATTRIBUTE_CLASSIFICATION
1000
AcRTDxfName
1000
AECC_USER_DEFINED_ATTRIBUTE_CLASSIFICATION
1000
AcRTDxfName
1000
AECC_USER_DEFINED_ATTRIBUTE_CLASSIFICATION
1000
AcRTDxfName
1000
AECC_USER_DEFINED_ATTRIBUTE_CLASSIFICATION
1001
AcadCodePageInfo
1000
CodePage
1070
    40
  0
ACAD_PROXY_OBJECT
  5
222
330
221
100
AcDbProxyObject
 90
      499
 91
      541
 71
    23
 97
       15
 70
     0
161
                61
310
11C08A60E0000A94
 94
        0
1001
ACAD
1000
AcRTDxfName
1000
AECC_USER_DEFINED_ATTRIBUTE_CLASSIFICATION
1000
AcRTDxfName
1000
AECC_USER_DEFINED_ATTRIBUTE_CLASSIFICATION
1000
AcRTDxfName
1000
AECC_USER_DEFINED_ATTRIBUTE_CLASSIFICATION
1000
AcRTDxfName
1000
AECC_USER_DEFINED_ATTRIBUTE_CLASSIFICATION
1000
AcRTDxfName
1000
AECC_USER_DEFINED_ATTRIBUTE_CLASSIFICATION
1001
AcadCodePageInfo
1000
CodePage
1070
    40
  0
ACAD_PROXY_OBJECT
  5
2B0
330
2AF
100
AcDbProxyObject
 90
      499
 91
      541
 71
    23
 97
       15
 70
     0
161
                61
310
11C08A60E0000A94
 94
        0
1001
ACAD
1000
AcRTDxfName
1000
AECC_USER_DEFINED_ATTRIBUTE_CLASSIFICATION
1000
AcRTDxfName
1000
AECC_USER_DEFINED_ATTRIBUTE_CLASSIFICATION
1000
AcRTDxfName
1000
AECC_USER_DEFINED_ATTRIBUTE_CLASSIFICATION
1000
AcRTDxfName
1000
AECC_USER_DEFINED_ATTRIBUTE_CLASSIFICATION
1000
AcRTDxfName
1000
AECC_USER_DEFINED_ATTRIBUTE_CLASSIFICATION
1001
AcadCodePageInfo
1000
CodePage
1070
    40
  0
ACAD_PROXY_OBJECT
  5
23E
330
23D
100
AcDbProxyObject
 90
      499
 91
      541
 71
    23
 97
       15
 70
     0
161
                61
310
11C08A60E0000A94
 94
        0
1001
ACAD
1000
AcRTDxfName
1000
AECC_USER_DEFINED_ATTRIBUTE_CLASSIFICATION
1000
AcRTDxfName
1000
AECC_USER_DEFINED_ATTRIBUTE_CLASSIFICATION
1000
AcRTDxfName
1000
AECC_USER_DEFINED_ATTRIBUTE_CLASSIFICATION
1000
AcRTDxfName
1000
AECC_USER_DEFINED_ATTRIBUTE_CLASSIFICATION
1000
AcRTDxfName
1000
AECC_USER_DEFINED_ATTRIBUTE_CLASSIFICATION
1001
AcadCodePageInfo
1000
CodePage
1070
    40
  0
ACAD_PROXY_OBJECT
  5
254
330
253
100
AcDbProxyObject
 90
      499
 91
      541
 71
    23
 97
       15
 70
     0
161
                61
310
11C08A60E0000A94
 94
        0
1001
ACAD
1000
AcRTDxfName
1000
AECC_USER_DEFINED_ATTRIBUTE_CLASSIFICATION
1000
AcRTDxfName
1000
AECC_USER_DEFINED_ATTRIBUTE_CLASSIFICATION
1000
AcRTDxfName
1000
AECC_USER_DEFINED_ATTRIBUTE_CLASSIFICATION
1000
AcRTDxfName
1000
AECC_USER_DEFINED_ATTRIBUTE_CLASSIFICATION
1000
AcRTDxfName
1000
AECC_USER_DEFINED_ATTRIBUTE_CLASSIFICATION
1001
AcadCodePageInfo
1000
CodePage
1070
    40
  0
ACAD_PROXY_OBJECT
  5
264
330
263
100
AcDbProxyObject
 90
      499
 91
      541
 71
    23
 97
       15
 70
     0
161
                61
310
11C08A60E0000A94
 94
        0
1001
ACAD
1000
AcRTDxfName
1000
AECC_USER_DEFINED_ATTRIBUTE_CLASSIFICATION
1000
AcRTDxfName
1000
AECC_USER_DEFINED_ATTRIBUTE_CLASSIFICATION
1000
AcRTDxfName
1000
AECC_USER_DEFINED_ATTRIBUTE_CLASSIFICATION
1000
AcRTDxfName
1000
AECC_USER_DEFINED_ATTRIBUTE_CLASSIFICATION
1000
AcRTDxfName
1000
AECC_USER_DEFINED_ATTRIBUTE_CLASSIFICATION
1001
AcadCodePageInfo
1000
CodePage
1070
    40
  0
ACAD_PROXY_OBJECT
  5
2D6
330
2D5
100
AcDbProxyObject
 90
      499
 91
      541
 71
    23
 97
       15
 70
     0
161
                61
310
11C08A60E0000A94
 94
        0
1001
ACAD
1000
AcRTDxfName
1000
AECC_USER_DEFINED_ATTRIBUTE_CLASSIFICATION
1000
AcRTDxfName
1000
AECC_USER_DEFINED_ATTRIBUTE_CLASSIFICATION
1000
AcRTDxfName
1000
AECC_USER_DEFINED_ATTRIBUTE_CLASSIFICATION
1000
AcRTDxfName
1000
AECC_USER_DEFINED_ATTRIBUTE_CLASSIFICATION
1000
AcRTDxfName
1000
AECC_USER_DEFINED_ATTRIBUTE_CLASSIFICATION
1001
AcadCodePageInfo
1000
CodePage
1070
    40
  0
ACAD_PROXY_OBJECT
  5
208
330
207
100
AcDbProxyObject
 90
      499
 91
      541
 71
    23
 97
       15
 70
     0
161
                61
310
11C08A60E0000A94
 94
        0
1001
ACAD
1000
AcRTDxfName
1000
AECC_USER_DEFINED_ATTRIBUTE_CLASSIFICATION
1000
AcRTDxfName
1000
AECC_USER_DEFINED_ATTRIBUTE_CLASSIFICATION
1000
AcRTDxfName
1000
AECC_USER_DEFINED_ATTRIBUTE_CLASSIFICATION
1000
AcRTDxfName
1000
AECC_USER_DEFINED_ATTRIBUTE_CLASSIFICATION
1000
AcRTDxfName
1000
AECC_USER_DEFINED_ATTRIBUTE_CLASSIFICATION
1001
AcadCodePageInfo
1000
CodePage
1070
    40
  0
ACAD_PROXY_OBJECT
  5
224
330
223
100
AcDbProxyObject
 90
      499
 91
      541
 71
    23
 97
       15
 70
     0
161
                61
310
11C08A60E0000A94
 94
        0
1001
ACAD
1000
AcRTDxfName
1000
AECC_USER_DEFINED_ATTRIBUTE_CLASSIFICATION
1000
AcRTDxfName
1000
AECC_USER_DEFINED_ATTRIBUTE_CLASSIFICATION
1000
AcRTDxfName
1000
AECC_USER_DEFINED_ATTRIBUTE_CLASSIFICATION
1000
AcRTDxfName
1000
AECC_USER_DEFINED_ATTRIBUTE_CLASSIFICATION
1000
AcRTDxfName
1000
AECC_USER_DEFINED_ATTRIBUTE_CLASSIFICATION
1001
AcadCodePageInfo
1000
CodePage
1070
    40
  0
ACAD_PROXY_OBJECT
  5
242
330
241
100
AcDbProxyObject
 90
      499
 91
      541
 71
    23
 97
       15
 70
     0
161
                61
310
11C08A60E0000A94
 94
        0
1001
ACAD
1000
AcRTDxfName
1000
AECC_USER_DEFINED_ATTRIBUTE_CLASSIFICATION
1000
AcRTDxfName
1000
AECC_USER_DEFINED_ATTRIBUTE_CLASSIFICATION
1000
AcRTDxfName
1000
AECC_USER_DEFINED_ATTRIBUTE_CLASSIFICATION
1000
AcRTDxfName
1000
AECC_USER_DEFINED_ATTRIBUTE_CLASSIFICATION
1000
AcRTDxfName
1000
AECC_USER_DEFINED_ATTRIBUTE_CLASSIFICATION
1001
AcadCodePageInfo
1000
CodePage
1070
    40
  0
ACAD_PROXY_OBJECT
  5
210
330
20F
100
AcDbProxyObject
 90
      499
 91
      541
 71
    23
 97
       15
 70
     0
161
                61
310
11C08A60E0000A94
 94
        0
1001
ACAD
1000
AcRTDxfName
1000
AECC_USER_DEFINED_ATTRIBUTE_CLASSIFICATION
1000
AcRTDxfName
1000
AECC_USER_DEFINED_ATTRIBUTE_CLASSIFICATION
1000
AcRTDxfName
1000
AECC_USER_DEFINED_ATTRIBUTE_CLASSIFICATION
1000
AcRTDxfName
1000
AECC_USER_DEFINED_ATTRIBUTE_CLASSIFICATION
1000
AcRTDxfName
1000
AECC_USER_DEFINED_ATTRIBUTE_CLASSIFICATION
1001
AcadCodePageInfo
1000
CodePage
1070
    40
  0
ACAD_PROXY_OBJECT
  5
2E0
330
2DF
100
AcDbProxyObject
 90
      499
 91
      541
 71
    23
 97
       15
 70
     0
161
                61
310
11C08A60E0000A94
 94
        0
1001
ACAD
1000
AcRTDxfName
1000
AECC_USER_DEFINED_ATTRIBUTE_CLASSIFICATION
1000
AcRTDxfName
1000
AECC_USER_DEFINED_ATTRIBUTE_CLASSIFICATION
1000
AcRTDxfName
1000
AECC_USER_DEFINED_ATTRIBUTE_CLASSIFICATION
1000
AcRTDxfName
1000
AECC_USER_DEFINED_ATTRIBUTE_CLASSIFICATION
1000
AcRTDxfName
1000
AECC_USER_DEFINED_ATTRIBUTE_CLASSIFICATION
1001
AcadCodePageInfo
1000
CodePage
1070
    40
  0
ACAD_PROXY_OBJECT
  5
218
330
217
100
AcDbProxyObject
 90
      499
 91
      541
 71
    23
 97
       15
 70
     0
161
                61
310
11C08A60E0000A94
 94
        0
1001
ACAD
1000
AcRTDxfName
1000
AECC_USER_DEFINED_ATTRIBUTE_CLASSIFICATION
1000
AcRTDxfName
1000
AECC_USER_DEFINED_ATTRIBUTE_CLASSIFICATION
1000
AcRTDxfName
1000
AECC_USER_DEFINED_ATTRIBUTE_CLASSIFICATION
1000
AcRTDxfName
1000
AECC_USER_DEFINED_ATTRIBUTE_CLASSIFICATION
1000
AcRTDxfName
1000
AECC_USER_DEFINED_ATTRIBUTE_CLASSIFICATION
1001
AcadCodePageInfo
1000
CodePage
1070
    40
  0
ACAD_PROXY_OBJECT
  5
2CA
330
2C9
100
AcDbProxyObject
 90
      499
 91
      541
 71
    23
 97
       15
 70
     0
161
                61
310
11C08A60E0000A94
 94
        0
1001
ACAD
1000
AcRTDxfName
1000
AECC_USER_DEFINED_ATTRIBUTE_CLASSIFICATION
1000
AcRTDxfName
1000
AECC_USER_DEFINED_ATTRIBUTE_CLASSIFICATION
1000
AcRTDxfName
1000
AECC_USER_DEFINED_ATTRIBUTE_CLASSIFICATION
1000
AcRTDxfName
1000
AECC_USER_DEFINED_ATTRIBUTE_CLASSIFICATION
1000
AcRTDxfName
1000
AECC_USER_DEFINED_ATTRIBUTE_CLASSIFICATION
1001
AcadCodePageInfo
1000
CodePage
1070
    40
  0
ACAD_PROXY_OBJECT
  5
22C
330
22B
100
AcDbProxyObject
 90
      499
 91
      541
 71
    23
 97
       15
 70
     0
161
                61
310
11C08A60E0000A94
 94
        0
1001
ACAD
1000
AcRTDxfName
1000
AECC_USER_DEFINED_ATTRIBUTE_CLASSIFICATION
1000
AcRTDxfName
1000
AECC_USER_DEFINED_ATTRIBUTE_CLASSIFICATION
1000
AcRTDxfName
1000
AECC_USER_DEFINED_ATTRIBUTE_CLASSIFICATION
1000
AcRTDxfName
1000
AECC_USER_DEFINED_ATTRIBUTE_CLASSIFICATION
1000
AcRTDxfName
1000
AECC_USER_DEFINED_ATTRIBUTE_CLASSIFICATION
1001
AcadCodePageInfo
1000
CodePage
1070
    40
  0
ACAD_PROXY_OBJECT
  5
226
330
225
100
AcDbProxyObject
 90
      499
 91
      541
 71
    23
 97
       15
 70
     0
161
                61
310
11C08A60E0000A94
 94
        0
1001
ACAD
1000
AcRTDxfName
1000
AECC_USER_DEFINED_ATTRIBUTE_CLASSIFICATION
1000
AcRTDxfName
1000
AECC_USER_DEFINED_ATTRIBUTE_CLASSIFICATION
1000
AcRTDxfName
1000
AECC_USER_DEFINED_ATTRIBUTE_CLASSIFICATION
1000
AcRTDxfName
1000
AECC_USER_DEFINED_ATTRIBUTE_CLASSIFICATION
1000
AcRTDxfName
1000
AECC_USER_DEFINED_ATTRIBUTE_CLASSIFICATION
1001
AcadCodePageInfo
1000
CodePage
1070
    40
  0
ACAD_PROXY_OBJECT
  5
238
330
237
100
AcDbProxyObject
 90
      499
 91
      541
 71
    23
 97
       15
 70
     0
161
                61
310
11C08A60E0000A94
 94
        0
1001
ACAD
1000
AcRTDxfName
1000
AECC_USER_DEFINED_ATTRIBUTE_CLASSIFICATION
1000
AcRTDxfName
1000
AECC_USER_DEFINED_ATTRIBUTE_CLASSIFICATION
1000
AcRTDxfName
1000
AECC_USER_DEFINED_ATTRIBUTE_CLASSIFICATION
1000
AcRTDxfName
1000
AECC_USER_DEFINED_ATTRIBUTE_CLASSIFICATION
1000
AcRTDxfName
1000
AECC_USER_DEFINED_ATTRIBUTE_CLASSIFICATION
1001
AcadCodePageInfo
1000
CodePage
1070
    40
  0
ACAD_PROXY_OBJECT
  5
1FF
330
1FE
100
AcDbProxyObject
 90
      499
 91
      541
 71
    23
 97
       15
 70
     0
161
                61
310
11C08A60E0000A94
 94
        0
1001
ACAD
1000
AcRTDxfName
1000
AECC_USER_DEFINED_ATTRIBUTE_CLASSIFICATION
1000
AcRTDxfName
1000
AECC_USER_DEFINED_ATTRIBUTE_CLASSIFICATION
1000
AcRTDxfName
1000
AECC_USER_DEFINED_ATTRIBUTE_CLASSIFICATION
1000
AcRTDxfName
1000
AECC_USER_DEFINED_ATTRIBUTE_CLASSIFICATION
1000
AcRTDxfName
1000
AECC_USER_DEFINED_ATTRIBUTE_CLASSIFICATION
1001
AcadCodePageInfo
1000
CodePage
1070
    40
  0
DICTIONARY
  5
1A7
330
1A3
100
AcDbDictionary
280
     1
281
     1
  3
AcMapDMSurrogateStyleSets
360
1A8
  0
DMSTYLEREFERENCE
  5
1A6
330
1A3
100
AcMapDMStyleReference
 70
     1
 70
     0
340
1A4
330
1A1
  0
DMSURROGATESTYLESETS
  5
1A8
102
{ACAD_REACTORS
330
1A7
102
}
330
1A7
100
AcMapDMSurrogateStyleSets
 70
     1
  1
지도 기준
 70
     1
 40
1.797693134862314E+99
 70
        1
 70
     1
 70
     1
 70
     1
330
1A6
 70
     0
  0
ENDSEC
  0
SECTION
  2
ACDSDATA
 70
     2
 71
     8
  0
ACDSSCHEMA
 90
        0
  1
AcDb_Thumbnail_Schema
  2
AcDbDs::ID
280
    10
 91
        8
  2
Thumbnail_Data
280
    15
 91
        0
101
ACDSRECORD
 95
        0
 90
        1
  2
AcDbDs::TreatedAsObjectData
280
     1
291
     1
101
ACDSRECORD
 95
        0
 90
        2
  2
AcDbDs::Legacy
280
     1
291
     1
101
ACDSRECORD
  1
AcDbDs::ID
 90
        3
  2
AcDs:Indexable
280
     1
291
     1
101
ACDSRECORD
  1
AcDbDs::ID
 90
        4
  2
AcDbDs::HandleAttribute
280
     7
282
     1
  0
ACDSSCHEMA
 90
        1
  1
AcDbDs::TreatedAsObjectDataSchema
  2
AcDbDs::TreatedAsObjectData
280
     1
 91
        0
  0
ACDSSCHEMA
 90
        2
  1
AcDbDs::LegacySchema
  2
AcDbDs::Legacy
280
     1
 91
        0
  0
ACDSSCHEMA
 90
        3
  1
AcDbDs::IndexedPropertySchema
  2
AcDs:Indexable
280
     1
 91
        0
  0
ACDSSCHEMA
 90
        4
  1
AcDbDs::HandleAttributeSchema
  2
AcDbDs::HandleAttribute
280
     7
 91
        1
284
     1
  0
ACDSRECORD
 90
        0
  2
AcDbDs::ID
280
    10
320
D
  2
Thumbnail_Data
280
    15
 94
     1417
310
89504E470D0A1A0A0000000D4948445200000100000000700803000000C6F95E2100000300504C5445303030000000C8C8C80000000000000000000000000000000000000000000000000000330000660000990000CC0000FF0033000033330033660033990033CC0033FF0066000066330066660066990066CC0066FF0099
310
000099330099660099990099CC0099FF00CC0000CC3300CC6600CC9900CCCC00CCFF00FF0000FF3300FF6600FF9900FFCC00FFFF3300003300333300663300993300CC3300FF3333003333333333663333993333CC3333FF3366003366333366663366993366CC3366FF3399003399333399663399993399CC3399FF33CC00
310
33CC3333CC6633CC9933CCCC33CCFF33FF0033FF3333FF6633FF9933FFCC33FFFF6600006600336600666600996600CC6600FF6633006633336633666633996633CC6633FF6666006666336666666666996666CC6666FF6699006699336699666699996699CC6699FF66CC0066CC3366CC6666CC9966CCCC66CCFF66FF0066
310
FF3366FF6666FF9966FFCC66FFFF9900009900339900669900999900CC9900FF9933009933339933669933999933CC9933FF9966009966339966669966999966CC9966FF9999009999339999669999999999CC9999FF99CC0099CC3399CC6699CC9999CCCC99CCFF99FF0099FF3399FF6699FF9999FFCC99FFFFCC0000CC00
310
33CC0066CC0099CC00CCCC00FFCC3300CC3333CC3366CC3399CC33CCCC33FFCC6600CC6633CC6666CC6699CC66CCCC66FFCC9900CC9933CC9966CC9999CC99CCCC99FFCCCC00CCCC33CCCC66CCCC99CCCCCCCCCCFFCCFF00CCFF33CCFF66CCFF99CCFFCCCCFFFFFF0000FF0033FF0066FF0099FF00CCFF00FFFF3300FF3333
310
FF3366FF3399FF33CCFF33FFFF6600FF6633FF6666FF6699FF66CCFF66FFFF9900FF9933FF9966FF9999FF99CCFF99FFFFCC00FFCC33FFCC66FFCC99FFCCCCFFCCFFFFFF00FFFF33FFFF66FFFF99FFFFCCFFFFFF0000000D0D0D1A1A1A2828283535354343435050505D5D5D6B6B6B787878868686939393A1A1A1AEAEAEBB
310
BBBBC9C9C9D6D6D6E4E4E4F1F1F1FFFFFF000000000000000000000000000000000000000000000000000000000000B4C1148F000002444944415478DAED9D3D96C3200C84390E8DEFDFF94C69E8D731068B1FF336C5EEDBD5376A62CB4EC1A09184044908BF23E96309BE4400FCF817FE0D00DF9C77012000048000F005C0
310
8731D0210065F6EB0CDF4335B37F5E080051C0A905CCBDE2A8770A4034526ECF478D3E3F2450E01C709AA945011005EC957B0A580052BD15054481960244009A173961109F09DE899032416626F8200A83CA042999A02880A3C02C0C6A31A4C55048E3071180F282E7B27897EB97527867012A8B43CBE2B531E2D8072C29A0
310
CE109E0201440163128A02A200310ACC2840D8204107605903E90A25B0B278AC5AD7F5803AE2110095C50F1AA408EF0C45FF0511CB8001807821A03D42DA26E797025B964B516F8EA16E9D38A540195D96E6864E81EDB08170DAC306A04036FD54099106066C34004E0B00F80015441E7D805D0E7A5F0CC5A754B8E8B54D8E
310
9909BE0E719F09BE8A6445B9E900B8541E295001585AFFF99C4601532DF55E16EFBDE2356403803A43AA07B8EF0C8D14B0330FE80C4D7C8079513E00E9035814488D4974A31505881418064EDB1F9018615014586682A556E4FFCC505574CDD1A8E6289B02A56988E80C6585698E0A801B80DC360286C12D6D341FF0B051D2
310
7926F80840D08109721834A601580C4D28600110059825B100A24057124B989AA028B05C0C1128D0EE140DF39DA2C9EF5A6001807D91BA1802FA8066F9C33A36574F8FB3001005966170DF4199609EE4FD2D06808C407A5F2029B0EBF43883029D49280A280AE07E50B12A9A9FD5ADCF6807264800C07D80FE6DEE8F02F005
310
225482CEBB47E9AE0000000049454E44AE426082
  0
ENDSEC
  0
EOF
